
  .   ____          _            __ _ _
 /\\ / ___'_ __ _ _(_)_ __  __ _ \ \ \ \
( ( )\___ | '_ | '_| | '_ \/ _` | \ \ \ \
 \\/  ___)| |_)| | | | | || (_| |  ) ) ) )
  '  |____| .__|_| |_|_| |_\__, | / / / /
 =========|_|==============|___/=/_/_/_/

 :: Spring Boot ::                (v4.0.2)

2026-04-15T19:12:32.856+01:00  INFO 13592 --- [gestionUser] [           main] t.e.s.baladna.GestionUserApplication     : Starting GestionUserApplication using Java 17.0.12 with PID 13592 (C:\Users\kacem\Bureau\baladna_git_main1\baladna-main1\baladna-backend-develop\target\classes started by kacem in C:\Users\kacem\Bureau\baladna_git_main1\baladna-main1\baladna-backend-develop)
2026-04-15T19:12:32.874+01:00  INFO 13592 --- [gestionUser] [           main] t.e.s.baladna.GestionUserApplication     : No active profile set, falling back to 1 default profile: "default"
2026-04-15T19:12:32.876+01:00 DEBUG 13592 --- [gestionUser] [           main] o.s.boot.SpringApplication               : Loading source class tn.esprit.spring.baladna.GestionUserApplication
2026-04-15T19:12:32.992+01:00 DEBUG 13592 --- [gestionUser] [           main] ConfigServletWebServerApplicationContext : Refreshing org.springframework.boot.web.server.servlet.context.AnnotationConfigServletWebServerApplicationContext@39de3d36
2026-04-15T19:12:34.944+01:00  INFO 13592 --- [gestionUser] [           main] .s.d.r.c.RepositoryConfigurationDelegate : Bootstrapping Spring Data JPA repositories in DEFAULT mode.
2026-04-15T19:12:34.991+01:00 DEBUG 13592 --- [gestionUser] [           main] o.s.b.a.AutoConfigurationPackages        : @EnableAutoConfiguration was declared on a class in the package 'tn.esprit.spring.baladna'. Automatic @Repository and @Entity scanning is enabled.
2026-04-15T19:12:35.192+01:00  INFO 13592 --- [gestionUser] [           main] .s.d.r.c.RepositoryConfigurationDelegate : Finished Spring Data repository scanning in 222 ms. Found 15 JPA repository interfaces.
2026-04-15T19:12:36.611+01:00 DEBUG 13592 --- [gestionUser] [           main] o.s.b.t.s.TomcatServletWebServerFactory  : Code archive: C:\Users\kacem\.m2\repository\org\springframework\boot\spring-boot-web-server\4.0.2\spring-boot-web-server-4.0.2.jar
2026-04-15T19:12:36.616+01:00 DEBUG 13592 --- [gestionUser] [           main] o.s.b.t.s.TomcatServletWebServerFactory  : Code archive: C:\Users\kacem\.m2\repository\org\springframework\boot\spring-boot-web-server\4.0.2\spring-boot-web-server-4.0.2.jar
2026-04-15T19:12:36.616+01:00 DEBUG 13592 --- [gestionUser] [           main] o.s.b.t.s.TomcatServletWebServerFactory  : None of the document roots [src/main/webapp, public, static] point to a directory and will be ignored.
2026-04-15T19:12:36.673+01:00  INFO 13592 --- [gestionUser] [           main] o.s.boot.tomcat.TomcatWebServer          : Tomcat initialized with port 8081 (http)
2026-04-15T19:12:36.706+01:00  INFO 13592 --- [gestionUser] [           main] o.apache.catalina.core.StandardService   : Starting service [Tomcat]
2026-04-15T19:12:36.706+01:00  INFO 13592 --- [gestionUser] [           main] o.apache.catalina.core.StandardEngine    : Starting Servlet engine: [Apache Tomcat/11.0.15]
2026-04-15T19:12:36.851+01:00 DEBUG 13592 --- [gestionUser] [           main] b.w.c.s.WebApplicationContextInitializer : Published root WebApplicationContext as ServletContext attribute with name [org.springframework.web.context.WebApplicationContext.ROOT]
2026-04-15T19:12:36.851+01:00  INFO 13592 --- [gestionUser] [           main] b.w.c.s.WebApplicationContextInitializer : Root WebApplicationContext: initialization completed in 3859 ms
2026-04-15T19:12:37.187+01:00  INFO 13592 --- [gestionUser] [           main] org.hibernate.orm.jpa                    : HHH008540: Processing PersistenceUnitInfo [name: default]
2026-04-15T19:12:37.616+01:00  INFO 13592 --- [gestionUser] [           main] org.hibernate.orm.core                   : HHH000001: Hibernate ORM core version 7.2.1.Final
2026-04-15T19:12:38.835+01:00  INFO 13592 --- [gestionUser] [           main] o.s.o.j.p.SpringPersistenceUnitInfo      : No LoadTimeWeaver setup: ignoring JPA class transformer
2026-04-15T19:12:38.921+01:00  INFO 13592 --- [gestionUser] [           main] com.zaxxer.hikari.HikariDataSource       : HikariPool-1 - Starting...
2026-04-15T19:12:39.592+01:00  INFO 13592 --- [gestionUser] [           main] com.zaxxer.hikari.pool.HikariPool        : HikariPool-1 - Added connection com.mysql.cj.jdbc.ConnectionImpl@5e05a706
2026-04-15T19:12:39.597+01:00  INFO 13592 --- [gestionUser] [           main] com.zaxxer.hikari.HikariDataSource       : HikariPool-1 - Start completed.
2026-04-15T19:12:39.756+01:00  WARN 13592 --- [gestionUser] [           main] org.hibernate.orm.core                   : HHH000511: The 5.5.5 version for [org.hibernate.dialect.MySQLDialect] is no longer supported, hence certain features may not work properly.The minimum supported version is 8.0.0. Check the community dialects project for available legacy versions.
2026-04-15T19:12:39.824+01:00  INFO 13592 --- [gestionUser] [           main] org.hibernate.orm.connections.pooling    : HHH10001005: Database info:
	Database JDBC URL [jdbc:mysql://localhost:3306/baladna?&createDatabaseIfNotExist=true]
	Database driver: MySQL Connector/J
	Database dialect: MySQLDialect
	Database version: 5.5.5
	Default catalog/schema: baladna/undefined
	Autocommit mode: undefined/unknown
	Isolation level: REPEATABLE_READ [default REPEATABLE_READ]
	JDBC fetch size: none
	Pool: DataSourceConnectionProvider
	Minimum pool size: undefined/unknown
	Maximum pool size: undefined/unknown
2026-04-15T19:12:44.306+01:00  INFO 13592 --- [gestionUser] [           main] org.hibernate.orm.core                   : HHH000489: No JTA platform available (set 'hibernate.transaction.jta.platform' to enable JTA platform integration)
2026-04-15T19:12:44.980+01:00  INFO 13592 --- [gestionUser] [           main] j.LocalContainerEntityManagerFactoryBean : Initialized JPA EntityManagerFactory for persistence unit 'default'
2026-04-15T19:12:45.198+01:00  INFO 13592 --- [gestionUser] [           main] o.s.d.j.r.query.QueryEnhancerFactories   : Hibernate is in classpath; If applicable, HQL parser will be used.
2026-04-15T19:12:45.734+01:00 DEBUG 13592 --- [gestionUser] [           main] o.s.b.w.s.ServletContextInitializerBeans : Mapping filters: springSecurityFilterChain urls=[/*] order=-100, characterEncodingFilter urls=[/*] order=-2147483648, formContentFilter urls=[/*] order=-9900, requestContextFilter urls=[/*] order=-105, jwtFilter urls=[/*] order=2147483647
2026-04-15T19:12:45.739+01:00 DEBUG 13592 --- [gestionUser] [           main] o.s.b.w.s.ServletContextInitializerBeans : Mapping servlets: dispatcherServlet urls=[/]
2026-04-15T19:12:45.811+01:00 DEBUG 13592 --- [gestionUser] [           main] o.s.b.s.f.OrderedRequestContextFilter    : Filter 'requestContextFilter' configured for use
2026-04-15T19:12:45.823+01:00 DEBUG 13592 --- [gestionUser] [           main] o.s.b.s.f.OrderedCharacterEncodingFilter : Filter 'characterEncodingFilter' configured for use
2026-04-15T19:12:45.823+01:00 DEBUG 13592 --- [gestionUser] [           main] .DelegatingFilterProxyRegistrationBean$1 : Filter 'springSecurityFilterChain' configured for use
2026-04-15T19:12:45.826+01:00 DEBUG 13592 --- [gestionUser] [           main] o.s.b.s.filter.OrderedFormContentFilter  : Filter 'formContentFilter' configured for use
2026-04-15T19:12:49.301+01:00  WARN 13592 --- [gestionUser] [           main] JpaBaseConfiguration$JpaWebConfiguration : spring.jpa.open-in-view is enabled by default. Therefore, database queries may be performed during view rendering. Explicitly configure spring.jpa.open-in-view to disable this warning
2026-04-15T19:12:49.589+01:00  WARN 13592 --- [gestionUser] [           main] .s.a.UserDetailsServiceAutoConfiguration : 

Using generated security password: 413bfa8c-0e49-466e-bc11-0ad95c9893eb

This generated password is for development use only. Your security configuration must be updated before running your application in production.

2026-04-15T19:12:49.610+01:00  INFO 13592 --- [gestionUser] [           main] r$InitializeUserDetailsManagerConfigurer : Global AuthenticationManager configured with UserDetailsService bean with name inMemoryUserDetailsManager
2026-04-15T19:12:50.051+01:00 DEBUG 13592 --- [gestionUser] [           main] o.s.s.web.DefaultSecurityFilterChain     : Will secure any request with filters: DisableEncodeUrlFilter, WebAsyncManagerIntegrationFilter, SecurityContextHolderFilter, HeaderWriterFilter, CorsFilter, LogoutFilter, JwtFilter, RequestCacheAwareFilter, SecurityContextHolderAwareRequestFilter, AnonymousAuthenticationFilter, SessionManagementFilter, ExceptionTranslationFilter, AuthorizationFilter
2026-04-15T19:12:50.614+01:00 DEBUG 13592 --- [gestionUser] [           main] s.w.s.m.m.a.RequestMappingHandlerMapping : 101 mappings in 'requestMappingHandlerMapping'
2026-04-15T19:12:50.706+01:00 DEBUG 13592 --- [gestionUser] [           main] o.s.w.s.handler.SimpleUrlHandlerMapping  : Patterns [/webjars/**, /**, /swagger-ui*/*swagger-initializer.js, /swagger-ui*/**] in 'resourceHandlerMapping'
2026-04-15T19:12:50.778+01:00 DEBUG 13592 --- [gestionUser] [           main] s.w.s.m.m.a.RequestMappingHandlerAdapter : ControllerAdvice beans: 0 @ModelAttribute, 0 @InitBinder, 2 RequestBodyAdvice, 1 ResponseBodyAdvice
2026-04-15T19:12:50.928+01:00 DEBUG 13592 --- [gestionUser] [           main] .m.m.a.ExceptionHandlerExceptionResolver : ControllerAdvice beans: 1 @ExceptionHandler, 1 ResponseBodyAdvice
2026-04-15T19:12:51.428+01:00  INFO 13592 --- [gestionUser] [           main] o.s.boot.tomcat.TomcatWebServer          : Tomcat started on port 8081 (http) with context path '/'
2026-04-15T19:12:51.451+01:00 DEBUG 13592 --- [gestionUser] [           main] .s.b.a.l.ConditionEvaluationReportLogger : 


============================
CONDITIONS EVALUATION REPORT
============================


Positive matches:
-----------------

   AopAutoConfiguration matched:
      - @ConditionalOnBooleanProperty (spring.aop.auto=true) matched (OnPropertyCondition)

   AopAutoConfiguration.AspectJAutoProxyingConfiguration matched:
      - @ConditionalOnClass found required class 'org.aspectj.weaver.Advice' (OnClassCondition)

   AopAutoConfiguration.AspectJAutoProxyingConfiguration.CglibAutoProxyConfiguration matched:
      - @ConditionalOnBooleanProperty (spring.aop.proxy-target-class=true) matched (OnPropertyCondition)

   ApplicationAvailabilityAutoConfiguration#applicationAvailability matched:
      - @ConditionalOnMissingBean (types: org.springframework.boot.availability.ApplicationAvailability; SearchStrategy: all) did not find any beans (OnBeanCondition)

   DataJpaRepositoriesAutoConfiguration matched:
      - @ConditionalOnClass found required class 'org.springframework.data.jpa.repository.JpaRepository' (OnClassCondition)
      - @ConditionalOnBooleanProperty (spring.data.jpa.repositories.enabled=true) matched (OnPropertyCondition)
      - @ConditionalOnBean (types: javax.sql.DataSource; SearchStrategy: all) found bean 'dataSource'; @ConditionalOnMissingBean (types: org.springframework.data.jpa.repository.support.JpaRepositoryFactoryBean,org.springframework.data.jpa.repository.config.JpaRepositoryConfigExtension; SearchStrategy: all) did not find any beans (OnBeanCondition)

   DataSourceAutoConfiguration matched:
      - @ConditionalOnClass found required classes 'javax.sql.DataSource', 'org.springframework.jdbc.datasource.embedded.EmbeddedDatabaseType' (OnClassCondition)
      - @ConditionalOnMissingBean (types: io.r2dbc.spi.ConnectionFactory; SearchStrategy: all) did not find any beans (OnBeanCondition)

   DataSourceAutoConfiguration.PooledDataSourceConfiguration matched:
      - AnyNestedCondition 1 matched 1 did not; NestedCondition on DataSourceAutoConfiguration.PooledDataSourceCondition.PooledDataSourceAvailable PooledDataSource found supported DataSource; NestedCondition on DataSourceAutoConfiguration.PooledDataSourceCondition.ExplicitType @ConditionalOnProperty (spring.datasource.type) did not find property 'spring.datasource.type' (DataSourceAutoConfiguration.PooledDataSourceCondition)
      - @ConditionalOnMissingBean (types: javax.sql.DataSource,javax.sql.XADataSource; SearchStrategy: all) did not find any beans (OnBeanCondition)

   DataSourceAutoConfiguration.PooledDataSourceConfiguration#jdbcConnectionDetails matched:
      - @ConditionalOnMissingBean (types: org.springframework.boot.jdbc.autoconfigure.JdbcConnectionDetails; SearchStrategy: all) did not find any beans (OnBeanCondition)

   DataSourceConfiguration.Hikari matched:
      - @ConditionalOnClass found required class 'com.zaxxer.hikari.HikariDataSource' (OnClassCondition)
      - @ConditionalOnProperty (spring.datasource.type=com.zaxxer.hikari.HikariDataSource) matched (OnPropertyCondition)
      - @ConditionalOnMissingBean (types: javax.sql.DataSource; SearchStrategy: all) did not find any beans (OnBeanCondition)

   DataSourceInitializationAutoConfiguration matched:
      - @ConditionalOnClass found required class 'org.springframework.jdbc.datasource.init.DatabasePopulator' (OnClassCondition)
      - SQL InitializationDatabase Initialization default value is EMBEDDED (OnSqlInitializationCondition)
      - @ConditionalOnSingleCandidate (types: javax.sql.DataSource; SearchStrategy: all) found a single bean 'dataSource'; @ConditionalOnMissingBean (types: org.springframework.boot.sql.autoconfigure.init.ApplicationScriptDatabaseInitializer; SearchStrategy: all) did not find any beans (OnBeanCondition)

   DataSourcePoolMetadataProvidersConfiguration.HikariPoolDataSourceMetadataProviderConfiguration matched:
      - @ConditionalOnClass found required class 'com.zaxxer.hikari.HikariDataSource' (OnClassCondition)

   DataSourceTransactionManagerAutoConfiguration matched:
      - @ConditionalOnClass found required classes 'javax.sql.DataSource', 'org.springframework.jdbc.core.JdbcTemplate', 'org.springframework.transaction.TransactionManager' (OnClassCondition)

   DataSourceTransactionManagerAutoConfiguration.JdbcTransactionManagerConfiguration matched:
      - @ConditionalOnSingleCandidate (types: javax.sql.DataSource; SearchStrategy: all) found a single bean 'dataSource' (OnBeanCondition)

   DataWebAutoConfiguration matched:
      - @ConditionalOnClass found required classes 'org.springframework.data.web.PageableHandlerMethodArgumentResolver', 'org.springframework.web.servlet.config.annotation.WebMvcConfigurer' (OnClassCondition)
      - found 'session' scope (OnWebApplicationCondition)
      - @ConditionalOnMissingBean (types: org.springframework.data.web.PageableHandlerMethodArgumentResolver; SearchStrategy: all) did not find any beans (OnBeanCondition)

   DataWebAutoConfiguration#pageableCustomizer matched:
      - @ConditionalOnMissingBean (types: org.springframework.data.web.config.PageableHandlerMethodArgumentResolverCustomizer; SearchStrategy: all) did not find any beans (OnBeanCondition)

   DataWebAutoConfiguration#sortCustomizer matched:
      - @ConditionalOnMissingBean (types: org.springframework.data.web.config.SortHandlerMethodArgumentResolverCustomizer; SearchStrategy: all) did not find any beans (OnBeanCondition)

   DataWebAutoConfiguration#springDataWebSettings matched:
      - @ConditionalOnMissingBean (types: org.springframework.data.web.config.SpringDataWebSettings; SearchStrategy: all) did not find any beans (OnBeanCondition)

   DispatcherServletAutoConfiguration matched:
      - @ConditionalOnClass found required class 'org.springframework.web.servlet.DispatcherServlet' (OnClassCondition)
      - found 'session' scope (OnWebApplicationCondition)

   DispatcherServletAutoConfiguration.DispatcherServletConfiguration matched:
      - @ConditionalOnClass found required class 'jakarta.servlet.ServletRegistration' (OnClassCondition)
      - Default DispatcherServlet did not find dispatcher servlet beans (DispatcherServletAutoConfiguration.DefaultDispatcherServletCondition)

   DispatcherServletAutoConfiguration.DispatcherServletRegistrationConfiguration matched:
      - @ConditionalOnClass found required class 'jakarta.servlet.ServletRegistration' (OnClassCondition)
      - DispatcherServlet Registration did not find servlet registration bean (DispatcherServletAutoConfiguration.DispatcherServletRegistrationCondition)

   DispatcherServletAutoConfiguration.DispatcherServletRegistrationConfiguration#dispatcherServletRegistration matched:
      - @ConditionalOnBean (names: dispatcherServlet types: org.springframework.web.servlet.DispatcherServlet; SearchStrategy: all) found bean 'dispatcherServlet' (OnBeanCondition)

   ErrorMvcAutoConfiguration matched:
      - @ConditionalOnClass found required classes 'jakarta.servlet.Servlet', 'org.springframework.web.servlet.DispatcherServlet' (OnClassCondition)
      - found 'session' scope (OnWebApplicationCondition)

   ErrorMvcAutoConfiguration#basicErrorController matched:
      - @ConditionalOnMissingBean (types: org.springframework.boot.webmvc.error.ErrorController; SearchStrategy: current) did not find any beans (OnBeanCondition)

   ErrorMvcAutoConfiguration#errorAttributes matched:
      - @ConditionalOnMissingBean (types: org.springframework.boot.webmvc.error.ErrorAttributes; SearchStrategy: current) did not find any beans (OnBeanCondition)

   ErrorMvcAutoConfiguration.DefaultErrorViewResolverConfiguration#conventionErrorViewResolver matched:
      - @ConditionalOnBean (types: org.springframework.web.servlet.DispatcherServlet; SearchStrategy: all) found bean 'dispatcherServlet'; @ConditionalOnMissingBean (types: org.springframework.boot.webmvc.autoconfigure.error.ErrorViewResolver; SearchStrategy: all) did not find any beans (OnBeanCondition)

   ErrorMvcAutoConfiguration.WhitelabelErrorViewConfiguration matched:
      - @ConditionalOnBooleanProperty (spring.web.error.whitelabel.enabled=true) matched (OnPropertyCondition)
      - ErrorTemplate Missing did not find error template view (ErrorMvcAutoConfiguration.ErrorTemplateMissingCondition)

   ErrorMvcAutoConfiguration.WhitelabelErrorViewConfiguration#beanNameViewResolver matched:
      - @ConditionalOnMissingBean (types: org.springframework.web.servlet.view.BeanNameViewResolver; SearchStrategy: all) did not find any beans (OnBeanCondition)

   ErrorMvcAutoConfiguration.WhitelabelErrorViewConfiguration#defaultErrorView matched:
      - @ConditionalOnMissingBean (names: error; SearchStrategy: all) did not find any beans (OnBeanCondition)

   HibernateJpaAutoConfiguration matched:
      - @ConditionalOnClass found required classes 'org.springframework.orm.jpa.LocalContainerEntityManagerFactoryBean', 'jakarta.persistence.EntityManager', 'org.hibernate.engine.spi.SessionImplementor' (OnClassCondition)

   HibernateJpaConfiguration matched:
      - @ConditionalOnSingleCandidate (types: javax.sql.DataSource; SearchStrategy: all) found a single bean 'dataSource' (OnBeanCondition)

   HttpEncodingAutoConfiguration matched:
      - @ConditionalOnClass found required class 'org.springframework.web.filter.CharacterEncodingFilter' (OnClassCondition)
      - found 'session' scope (OnWebApplicationCondition)
      - @ConditionalOnBooleanProperty (spring.servlet.encoding.enabled=true) matched (OnPropertyCondition)

   HttpEncodingAutoConfiguration#characterEncodingFilter matched:
      - @ConditionalOnMissingBean (types: org.springframework.web.filter.CharacterEncodingFilter; SearchStrategy: all) did not find any beans (OnBeanCondition)

   HttpMessageConvertersAutoConfiguration matched:
      - @ConditionalOnClass found required class 'org.springframework.http.converter.HttpMessageConverter' (OnClassCondition)
      - NoneNestedConditions 0 matched 1 did not; NestedCondition on HttpMessageConvertersAutoConfiguration.NotReactiveWebApplicationCondition.ReactiveWebApplication did not find reactive web application classes (HttpMessageConvertersAutoConfiguration.NotReactiveWebApplicationCondition)

   HttpMessageConvertersAutoConfiguration.StringHttpMessageConverterConfiguration#stringHttpMessageConvertersCustomizer matched:
      - @ConditionalOnMissingBean (types: org.springframework.http.converter.StringHttpMessageConverter; SearchStrategy: all) did not find any beans (OnBeanCondition)

   JacksonAutoConfiguration matched:
      - @ConditionalOnClass found required class 'tools.jackson.databind.json.JsonMapper' (OnClassCondition)

   JacksonAutoConfiguration#jacksonJsonMapper matched:
      - @ConditionalOnMissingBean (types: tools.jackson.databind.json.JsonMapper; SearchStrategy: all) did not find any beans (OnBeanCondition)

   JacksonAutoConfiguration#jsonMapperBuilder matched:
      - @ConditionalOnMissingBean (types: tools.jackson.databind.json.JsonMapper$Builder; SearchStrategy: all) did not find any beans (OnBeanCondition)

   JacksonAutoConfiguration.JsonProblemDetailsConfiguration matched:
      - @ConditionalOnClass found required class 'org.springframework.http.ProblemDetail' (OnClassCondition)

   JacksonHttpMessageConvertersConfiguration.JacksonJsonHttpMessageConverterConfiguration matched:
      - @ConditionalOnClass found required class 'tools.jackson.databind.json.JsonMapper' (OnClassCondition)
      - @ConditionalOnProperty (spring.http.converters.preferred-json-mapper=jackson) matched (OnPropertyCondition)
      - @ConditionalOnBean (types: tools.jackson.databind.json.JsonMapper; SearchStrategy: all) found bean 'jacksonJsonMapper' (OnBeanCondition)

   JacksonHttpMessageConvertersConfiguration.JacksonJsonHttpMessageConverterConfiguration#jacksonJsonHttpMessageConvertersCustomizer matched:
      - @ConditionalOnMissingBean (types: org.springframework.http.converter.json.JacksonJsonHttpMessageConverter ignored: org.springframework.hateoas.server.mvc.TypeConstrainedJacksonJsonHttpMessageConverter,org.springframework.data.rest.webmvc.alps.AlpsJacksonJsonHttpMessageConverter; SearchStrategy: all) did not find any beans (OnBeanCondition)

   JdbcClientAutoConfiguration matched:
      - @ConditionalOnSingleCandidate (types: org.springframework.jdbc.core.namedparam.NamedParameterJdbcTemplate; SearchStrategy: all) found a single bean 'namedParameterJdbcTemplate'; @ConditionalOnMissingBean (types: org.springframework.jdbc.core.simple.JdbcClient; SearchStrategy: all) did not find any beans (OnBeanCondition)

   JdbcTemplateAutoConfiguration matched:
      - @ConditionalOnClass found required classes 'javax.sql.DataSource', 'org.springframework.jdbc.core.JdbcTemplate' (OnClassCondition)
      - @ConditionalOnSingleCandidate (types: javax.sql.DataSource; SearchStrategy: all) found a single bean 'dataSource' (OnBeanCondition)

   JdbcTemplateConfiguration matched:
      - @ConditionalOnMissingBean (types: org.springframework.jdbc.core.JdbcOperations; SearchStrategy: all) did not find any beans (OnBeanCondition)

   JpaBaseConfiguration#entityManagerFactory matched:
      - @ConditionalOnMissingBean (types: org.springframework.orm.jpa.LocalContainerEntityManagerFactoryBean,jakarta.persistence.EntityManagerFactory; SearchStrategy: all) did not find any beans (OnBeanCondition)

   JpaBaseConfiguration#entityManagerFactoryBuilder matched:
      - @ConditionalOnMissingBean (types: org.springframework.boot.jpa.EntityManagerFactoryBuilder; SearchStrategy: all) did not find any beans (OnBeanCondition)

   JpaBaseConfiguration#jpaVendorAdapter matched:
      - @ConditionalOnMissingBean (types: org.springframework.orm.jpa.JpaVendorAdapter; SearchStrategy: all) did not find any beans (OnBeanCondition)

   JpaBaseConfiguration#transactionManager matched:
      - @ConditionalOnMissingBean (types: org.springframework.transaction.TransactionManager; SearchStrategy: all) did not find any beans (OnBeanCondition)

   JpaBaseConfiguration.JpaWebConfiguration matched:
      - @ConditionalOnClass found required class 'org.springframework.web.servlet.config.annotation.WebMvcConfigurer' (OnClassCondition)
      - found 'session' scope (OnWebApplicationCondition)
      - @ConditionalOnBooleanProperty (spring.jpa.open-in-view=true) matched (OnPropertyCondition)
      - @ConditionalOnMissingBean (types: org.springframework.orm.jpa.support.OpenEntityManagerInViewInterceptor,org.springframework.orm.jpa.support.OpenEntityManagerInViewFilter; SearchStrategy: all) did not find any beans (OnBeanCondition)

   JpaBaseConfiguration.PersistenceManagedTypesConfiguration matched:
      - @ConditionalOnMissingBean (types: org.springframework.orm.jpa.LocalContainerEntityManagerFactoryBean,jakarta.persistence.EntityManagerFactory; SearchStrategy: all) did not find any beans (OnBeanCondition)

   JpaBaseConfiguration.PersistenceManagedTypesConfiguration#persistenceManagedTypes matched:
      - @ConditionalOnMissingBean (types: org.springframework.orm.jpa.persistenceunit.PersistenceManagedTypes; SearchStrategy: all) did not find any beans (OnBeanCondition)

   JtaAutoConfiguration matched:
      - @ConditionalOnClass found required class 'jakarta.transaction.Transaction' (OnClassCondition)
      - @ConditionalOnBooleanProperty (spring.jta.enabled=true) matched (OnPropertyCondition)

   LifecycleAutoConfiguration#defaultLifecycleProcessor matched:
      - @ConditionalOnMissingBean (names: lifecycleProcessor; SearchStrategy: current) did not find any beans (OnBeanCondition)

   MultipartAutoConfiguration matched:
      - @ConditionalOnClass found required classes 'jakarta.servlet.Servlet', 'org.springframework.web.multipart.support.StandardServletMultipartResolver', 'jakarta.servlet.MultipartConfigElement' (OnClassCondition)
      - found 'session' scope (OnWebApplicationCondition)
      - @ConditionalOnBooleanProperty (spring.servlet.multipart.enabled=true) matched (OnPropertyCondition)

   MultipartAutoConfiguration#multipartConfigElement matched:
      - @ConditionalOnMissingBean (types: jakarta.servlet.MultipartConfigElement; SearchStrategy: all) did not find any beans (OnBeanCondition)

   MultipartAutoConfiguration#multipartResolver matched:
      - @ConditionalOnMissingBean (types: org.springframework.web.multipart.MultipartResolver; SearchStrategy: all) did not find any beans (OnBeanCondition)

   NamedParameterJdbcTemplateConfiguration matched:
      - @ConditionalOnSingleCandidate (types: org.springframework.jdbc.core.JdbcTemplate; SearchStrategy: all) found a single bean 'jdbcTemplate'; @ConditionalOnMissingBean (types: org.springframework.jdbc.core.namedparam.NamedParameterJdbcOperations; SearchStrategy: all) did not find any beans (OnBeanCondition)

   PersistenceExceptionTranslationAutoConfiguration matched:
      - @ConditionalOnClass found required class 'org.springframework.dao.annotation.PersistenceExceptionTranslationPostProcessor' (OnClassCondition)

   PersistenceExceptionTranslationAutoConfiguration#persistenceExceptionTranslationPostProcessor matched:
      - @ConditionalOnBooleanProperty (spring.persistence.exceptiontranslation.enabled=true) matched (OnPropertyCondition)
      - @ConditionalOnMissingBean (types: org.springframework.dao.annotation.PersistenceExceptionTranslationPostProcessor; SearchStrategy: all) did not find any beans (OnBeanCondition)

   PropertyPlaceholderAutoConfiguration#propertySourcesPlaceholderConfigurer matched:
      - @ConditionalOnMissingBean (types: org.springframework.context.support.PropertySourcesPlaceholderConfigurer; SearchStrategy: current) did not find any beans (OnBeanCondition)

   SecurityAutoConfiguration matched:
      - @ConditionalOnClass found required class 'org.springframework.security.authentication.DefaultAuthenticationEventPublisher' (OnClassCondition)

   SecurityAutoConfiguration#authenticationEventPublisher matched:
      - @ConditionalOnMissingBean (types: org.springframework.security.authentication.AuthenticationEventPublisher; SearchStrategy: all) did not find any beans (OnBeanCondition)

   SecurityFilterAutoConfiguration matched:
      - @ConditionalOnClass found required classes 'org.springframework.security.web.context.AbstractSecurityWebApplicationInitializer', 'org.springframework.security.config.http.SessionCreationPolicy' (OnClassCondition)
      - found 'session' scope (OnWebApplicationCondition)

   SecurityFilterAutoConfiguration#securityFilterChainRegistration matched:
      - @ConditionalOnBean (names: springSecurityFilterChain; SearchStrategy: all) found bean 'springSecurityFilterChain' (OnBeanCondition)

   ServletWebSecurityAutoConfiguration matched:
      - @ConditionalOnClass found required class 'org.springframework.security.config.annotation.web.configuration.EnableWebSecurity' (OnClassCondition)
      - found 'session' scope (OnWebApplicationCondition)

   ServletWebSecurityAutoConfiguration.EnableWebSecurityConfiguration matched:
      - @ConditionalOnClass found required class 'org.springframework.security.config.annotation.web.configuration.EnableWebSecurity' (OnClassCondition)
      - @ConditionalOnMissingBean (names: springSecurityFilterChain; SearchStrategy: all) did not find any beans (OnBeanCondition)

   ServletWebSecurityAutoConfiguration.PathPatternRequestMatcherBuilderConfiguration matched:
      - @ConditionalOnClass found required class 'org.springframework.boot.webmvc.autoconfigure.DispatcherServletPath' (OnClassCondition)
      - @ConditionalOnBean (types: org.springframework.boot.webmvc.autoconfigure.DispatcherServletPath; SearchStrategy: all) found bean 'dispatcherServletRegistration' (OnBeanCondition)

   ServletWebSecurityAutoConfiguration.PathPatternRequestMatcherBuilderConfiguration#pathPatternRequestMatcherBuilder matched:
      - @ConditionalOnMissingBean (types: org.springframework.security.web.servlet.util.matcher.PathPatternRequestMatcher$Builder; SearchStrategy: all) did not find any beans (OnBeanCondition)

   SpringDocConfigProperties matched:
      - @ConditionalOnProperty (springdoc.api-docs.enabled) matched (OnPropertyCondition)
      - @ConditionalOnBean (types: org.springdoc.core.configuration.SpringDocConfiguration; SearchStrategy: all) found bean 'org.springdoc.core.configuration.SpringDocConfiguration' (OnBeanCondition)

   SpringDocConfiguration matched:
      - @ConditionalOnWebApplication (required) found 'session' scope (OnWebApplicationCondition)
      - @ConditionalOnProperty (springdoc.api-docs.enabled) matched (OnPropertyCondition)

   SpringDocConfiguration#fileSupportConverter matched:
      - @ConditionalOnMissingBean (types: org.springdoc.core.converters.FileSupportConverter; SearchStrategy: all) did not find any beans (OnBeanCondition)

   SpringDocConfiguration#globalOpenApiCustomizer matched:
      - @ConditionalOnMissingBean (types: org.springdoc.core.customizers.GlobalOpenApiCustomizer; SearchStrategy: all) did not find any beans (OnBeanCondition)

   SpringDocConfiguration#openAPIBuilder matched:
      - @ConditionalOnMissingBean (types: org.springdoc.core.service.OpenAPIService; SearchStrategy: all) did not find any beans (OnBeanCondition)

   SpringDocConfiguration#operationBuilder matched:
      - @ConditionalOnMissingBean (types: org.springdoc.core.service.OperationService; SearchStrategy: all) did not find any beans (OnBeanCondition)

   SpringDocConfiguration#parameterBuilder matched:
      - @ConditionalOnMissingBean (types: org.springdoc.core.service.GenericParameterService; SearchStrategy: all) did not find any beans (OnBeanCondition)

   SpringDocConfiguration#parameterObjectNamingStrategyCustomizer matched:
      - @ConditionalOnMissingBean (types: org.springdoc.core.customizers.ParameterObjectNamingStrategyCustomizer; SearchStrategy: all) did not find any beans (OnBeanCondition)

   SpringDocConfiguration#polymorphicModelConverter matched:
      - @ConditionalOnProperty (springdoc.model-converters.polymorphic-converter.enabled) matched (OnPropertyCondition)
      - @ConditionalOnMissingBean (types: org.springdoc.core.converters.PolymorphicModelConverter; SearchStrategy: all) did not find any beans (OnBeanCondition)

   SpringDocConfiguration#requestBodyBuilder matched:
      - @ConditionalOnMissingBean (types: org.springdoc.core.service.RequestBodyService; SearchStrategy: all) did not find any beans (OnBeanCondition)

   SpringDocConfiguration#responseSupportConverter matched:
      - @ConditionalOnMissingBean (types: org.springdoc.core.converters.ResponseSupportConverter; SearchStrategy: all) did not find any beans (OnBeanCondition)

   SpringDocConfiguration#schemaPropertyDeprecatingConverter matched:
      - @ConditionalOnProperty (springdoc.model-converters.deprecating-converter.enabled) matched (OnPropertyCondition)
      - @ConditionalOnMissingBean (types: org.springdoc.core.converters.SchemaPropertyDeprecatingConverter; SearchStrategy: all) did not find any beans (OnBeanCondition)

   SpringDocConfiguration#securityParser matched:
      - @ConditionalOnMissingBean (types: org.springdoc.core.service.SecurityService; SearchStrategy: all) did not find any beans (OnBeanCondition)

   SpringDocConfiguration#springDocCustomizers matched:
      - @ConditionalOnMissingBean (types: org.springdoc.core.customizers.SpringDocCustomizers; SearchStrategy: all) did not find any beans (OnBeanCondition)

   SpringDocConfiguration#springDocProviders matched:
      - @ConditionalOnMissingBean (types: org.springdoc.core.providers.SpringDocProviders; SearchStrategy: all) did not find any beans (OnBeanCondition)

   SpringDocConfiguration#springdocObjectMapperProvider matched:
      - @ConditionalOnMissingBean (types: org.springdoc.core.providers.ObjectMapperProvider; SearchStrategy: all) did not find any beans (OnBeanCondition)

   SpringDocConfiguration.QuerydslProvider matched:
      - @ConditionalOnClass found required class 'org.springframework.data.querydsl.binding.QuerydslBindingsFactory' (OnClassCondition)

   SpringDocConfiguration.QuerydslProvider#queryDslQuerydslPredicateOperationCustomizer matched:
      - @ConditionalOnMissingBean (types: org.springdoc.core.customizers.QuerydslPredicateOperationCustomizer; SearchStrategy: all) did not find any beans (OnBeanCondition)

   SpringDocConfiguration.WebConversionServiceConfiguration matched:
      - @ConditionalOnClass found required class 'org.springframework.boot.autoconfigure.web.format.WebConversionService' (OnClassCondition)

   SpringDocPageableConfiguration matched:
      - @ConditionalOnClass found required class 'org.springframework.data.domain.Pageable' (OnClassCondition)
      - @ConditionalOnWebApplication (required) found 'session' scope (OnWebApplicationCondition)
      - @ConditionalOnProperty (springdoc.api-docs.enabled) matched (OnPropertyCondition)
      - @ConditionalOnBean (types: org.springdoc.core.configuration.SpringDocConfiguration; SearchStrategy: all) found bean 'org.springdoc.core.configuration.SpringDocConfiguration' (OnBeanCondition)

   SpringDocPageableConfiguration#dataRestDelegatingMethodParameterCustomizer matched:
      - @ConditionalOnMissingBean (types: org.springdoc.core.customizers.DataRestDelegatingMethodParameterCustomizer; SearchStrategy: all) did not find any beans (OnBeanCondition)

   SpringDocPageableConfiguration#pageOpenAPIConverter matched:
      - @ConditionalOnClass found required classes 'org.springframework.data.web.PagedModel', 'org.springframework.data.web.config.SpringDataWebSettings' (OnClassCondition)
      - @ConditionalOnMissingBean (types: org.springdoc.core.converters.PageOpenAPIConverter; SearchStrategy: all) did not find any beans (OnBeanCondition)

   SpringDocPageableConfiguration#pageableOpenAPIConverter matched:
      - @ConditionalOnProperty (springdoc.model-converters.pageable-converter.enabled) matched (OnPropertyCondition)
      - @ConditionalOnMissingBean (types: org.springdoc.core.converters.PageableOpenAPIConverter; SearchStrategy: all) did not find any beans (OnBeanCondition)

   SpringDocSecurityConfiguration matched:
      - @ConditionalOnClass found required class 'org.springframework.security.web.SecurityFilterChain' (OnClassCondition)
      - @ConditionalOnWebApplication (required) found 'session' scope (OnWebApplicationCondition)
      - @ConditionalOnExpression (#{${springdoc.api-docs.enabled:true} and ${springdoc.enable-spring-security:true}}) resulted in true (OnExpressionCondition)
      - @ConditionalOnBean (types: org.springdoc.core.configuration.SpringDocConfiguration; SearchStrategy: all) found bean 'org.springdoc.core.configuration.SpringDocConfiguration' (OnBeanCondition)

   SpringDocSecurityConfiguration.SpringSecurityLoginEndpointConfiguration matched:
      - @ConditionalOnClass found required class 'jakarta.servlet.Filter' (OnClassCondition)

   SpringDocSortConfiguration matched:
      - @ConditionalOnClass found required class 'org.springframework.data.domain.Sort' (OnClassCondition)
      - @ConditionalOnWebApplication (required) found 'session' scope (OnWebApplicationCondition)
      - @ConditionalOnProperty (springdoc.api-docs.enabled) matched (OnPropertyCondition)
      - @ConditionalOnBean (types: org.springdoc.core.configuration.SpringDocConfiguration; SearchStrategy: all) found bean 'org.springdoc.core.configuration.SpringDocConfiguration' (OnBeanCondition)

   SpringDocSortConfiguration#sortOpenAPIConverter matched:
      - @ConditionalOnProperty (springdoc.sort-converter.enabled) matched (OnPropertyCondition)
      - @ConditionalOnMissingBean (types: org.springdoc.core.converters.SortOpenAPIConverter; SearchStrategy: all) did not find any beans (OnBeanCondition)

   SpringDocUIConfiguration matched:
      - @ConditionalOnWebApplication (required) found 'session' scope (OnWebApplicationCondition)
      - @ConditionalOnBean (types: org.springdoc.core.configuration.SpringDocConfiguration; SearchStrategy: all) found bean 'org.springdoc.core.configuration.SpringDocConfiguration' (OnBeanCondition)

   SpringDocWebMvcConfiguration matched:
      - found 'session' scope (OnWebApplicationCondition)
      - @ConditionalOnProperty (springdoc.api-docs.enabled) matched (OnPropertyCondition)
      - @ConditionalOnBean (types: org.springdoc.core.configuration.SpringDocConfiguration; SearchStrategy: all) found bean 'org.springdoc.core.configuration.SpringDocConfiguration' (OnBeanCondition)

   SpringDocWebMvcConfiguration#openApiResource matched:
      - @ConditionalOnExpression (#{(${springdoc.use-management-port:false} == false ) and ${springdoc.enable-default-api-docs:true}}) resulted in true (OnExpressionCondition)
      - @ConditionalOnMissingBean (types: org.springdoc.webmvc.api.OpenApiWebMvcResource; SearchStrategy: all) did not find any beans (OnBeanCondition)

   SpringDocWebMvcConfiguration#requestBuilder matched:
      - @ConditionalOnMissingBean (types: org.springdoc.webmvc.core.service.RequestService; SearchStrategy: all) did not find any beans (OnBeanCondition)

   SpringDocWebMvcConfiguration#responseBuilder matched:
      - @ConditionalOnMissingBean (types: org.springdoc.core.service.GenericResponseService; SearchStrategy: all) did not find any beans (OnBeanCondition)

   SpringDocWebMvcConfiguration#springWebProvider matched:
      - @ConditionalOnMissingBean (types: org.springdoc.core.providers.SpringWebProvider; SearchStrategy: all) did not find any beans (OnBeanCondition)

   SpringDocWebMvcConfiguration.SpringDocWebMvcRouterConfiguration matched:
      - @ConditionalOnClass found required class 'org.springframework.web.servlet.function.RouterFunction' (OnClassCondition)

   SpringDocWebMvcConfiguration.SpringDocWebMvcRouterConfiguration#routerFunctionProvider matched:
      - @ConditionalOnMissingBean (types: org.springdoc.webmvc.core.providers.RouterFunctionWebMvcProvider; SearchStrategy: all) did not find any beans (OnBeanCondition)

   SslAutoConfiguration#sslBundleRegistry matched:
      - @ConditionalOnMissingBean (types: org.springframework.boot.ssl.SslBundleRegistry,org.springframework.boot.ssl.SslBundles; SearchStrategy: all) did not find any beans (OnBeanCondition)

   SwaggerConfig matched:
      - found 'session' scope (OnWebApplicationCondition)
      - @ConditionalOnProperty (springdoc.swagger-ui.enabled) matched (OnPropertyCondition)
      - @ConditionalOnBean (types: org.springdoc.core.configuration.SpringDocConfiguration; SearchStrategy: all) found bean 'org.springdoc.core.configuration.SpringDocConfiguration' (OnBeanCondition)

   SwaggerConfig#indexPageTransformer matched:
      - @ConditionalOnMissingBean (types: org.springdoc.webmvc.ui.SwaggerIndexTransformer; SearchStrategy: all) did not find any beans (OnBeanCondition)

   SwaggerConfig#swaggerConfigResource matched:
      - @ConditionalOnProperty (springdoc.use-management-port=false) matched (OnPropertyCondition)
      - @ConditionalOnMissingBean (types: org.springdoc.webmvc.ui.SwaggerConfigResource; SearchStrategy: all) did not find any beans (OnBeanCondition)

   SwaggerConfig#swaggerResourceResolver matched:
      - @ConditionalOnMissingBean (types: org.springdoc.webmvc.ui.SwaggerResourceResolver; SearchStrategy: all) did not find any beans (OnBeanCondition)

   SwaggerConfig#swaggerWebMvcConfigurer matched:
      - @ConditionalOnMissingBean (types: org.springdoc.webmvc.ui.SwaggerWebMvcConfigurer; SearchStrategy: all) did not find any beans (OnBeanCondition)

   SwaggerConfig#swaggerWelcome matched:
      - @ConditionalOnProperty (springdoc.use-management-port=false) matched (OnPropertyCondition)
      - @ConditionalOnMissingBean (types: org.springdoc.webmvc.ui.SwaggerWelcomeWebMvc; SearchStrategy: all) did not find any beans (OnBeanCondition)

   SwaggerUiConfigProperties matched:
      - @ConditionalOnProperty (springdoc.swagger-ui.enabled) matched (OnPropertyCondition)
      - @ConditionalOnBean (types: org.springdoc.core.configuration.SpringDocConfiguration; SearchStrategy: all) found bean 'org.springdoc.core.configuration.SpringDocConfiguration' (OnBeanCondition)

   SwaggerUiOAuthProperties matched:
      - @ConditionalOnProperty (springdoc.swagger-ui.enabled) matched (OnPropertyCondition)
      - @ConditionalOnBean (types: org.springdoc.core.configuration.SpringDocConfiguration; SearchStrategy: all) found bean 'org.springdoc.core.configuration.SpringDocConfiguration' (OnBeanCondition)

   TaskExecutionAutoConfiguration matched:
      - @ConditionalOnClass found required class 'org.springframework.scheduling.concurrent.ThreadPoolTaskExecutor' (OnClassCondition)

   TaskExecutorConfigurations.AsyncConfigurerConfiguration matched:
      - @ConditionalOnMissingBean (types: org.springframework.scheduling.annotation.AsyncConfigurer; SearchStrategy: all) did not find any beans (OnBeanCondition)

   TaskExecutorConfigurations.SimpleAsyncTaskExecutorBuilderConfiguration#simpleAsyncTaskExecutorBuilder matched:
      - @ConditionalOnMissingBean (types: org.springframework.boot.task.SimpleAsyncTaskExecutorBuilder; SearchStrategy: all) did not find any beans (OnBeanCondition)
      - @ConditionalOnThreading found PLATFORM (OnThreadingCondition)

   TaskExecutorConfigurations.TaskExecutorConfiguration matched:
      - AnyNestedCondition 1 matched 1 did not; NestedCondition on TaskExecutorConfigurations.OnExecutorCondition.ModelCondition @ConditionalOnProperty (spring.task.execution.mode=force) did not find property 'spring.task.execution.mode'; NestedCondition on TaskExecutorConfigurations.OnExecutorCondition.ExecutorBeanCondition @ConditionalOnMissingBean (types: java.util.concurrent.Executor; SearchStrategy: all) did not find any beans (TaskExecutorConfigurations.OnExecutorCondition)

   TaskExecutorConfigurations.TaskExecutorConfiguration#applicationTaskExecutor matched:
      - @ConditionalOnThreading found PLATFORM (OnThreadingCondition)

   TaskExecutorConfigurations.ThreadPoolTaskExecutorBuilderConfiguration#threadPoolTaskExecutorBuilder matched:
      - @ConditionalOnMissingBean (types: org.springframework.boot.task.ThreadPoolTaskExecutorBuilder; SearchStrategy: all) did not find any beans (OnBeanCondition)

   TaskSchedulingAutoConfiguration matched:
      - @ConditionalOnClass found required class 'org.springframework.scheduling.concurrent.ThreadPoolTaskScheduler' (OnClassCondition)

   TaskSchedulingConfigurations.SimpleAsyncTaskSchedulerBuilderConfiguration#simpleAsyncTaskSchedulerBuilder matched:
      - @ConditionalOnMissingBean (types: org.springframework.boot.task.SimpleAsyncTaskSchedulerBuilder; SearchStrategy: all) did not find any beans (OnBeanCondition)
      - @ConditionalOnThreading found PLATFORM (OnThreadingCondition)

   TaskSchedulingConfigurations.ThreadPoolTaskSchedulerBuilderConfiguration#threadPoolTaskSchedulerBuilder matched:
      - @ConditionalOnMissingBean (types: org.springframework.boot.task.ThreadPoolTaskSchedulerBuilder; SearchStrategy: all) did not find any beans (OnBeanCondition)

   TomcatServletWebServerAutoConfiguration matched:
      - @ConditionalOnClass found required classes 'jakarta.servlet.ServletRequest', 'org.apache.catalina.startup.Tomcat', 'org.apache.coyote.UpgradeProtocol', 'org.springframework.boot.tomcat.servlet.TomcatServletWebServerFactory' (OnClassCondition)
      - found 'session' scope (OnWebApplicationCondition)

   TomcatServletWebServerAutoConfiguration#tomcatServletWebServerFactory matched:
      - @ConditionalOnMissingBean (types: org.springframework.boot.web.server.servlet.ServletWebServerFactory; SearchStrategy: current) did not find any beans (OnBeanCondition)

   TomcatWebServerConfiguration matched:
      - @ConditionalOnWarDeployment the application is not deployed as a WAR file. (OnWarDeploymentCondition)

   TomcatWebServerConfiguration.TomcatWebSocketConfiguration matched:
      - @ConditionalOnClass found required class 'org.apache.tomcat.websocket.server.WsSci' (OnClassCondition)

   TransactionAutoConfiguration matched:
      - @ConditionalOnClass found required class 'org.springframework.transaction.PlatformTransactionManager' (OnClassCondition)

   TransactionAutoConfiguration.EnableTransactionManagementConfiguration matched:
      - @ConditionalOnBean (types: org.springframework.transaction.TransactionManager; SearchStrategy: all) found bean 'transactionManager'; @ConditionalOnMissingBean (types: org.springframework.transaction.annotation.AbstractTransactionManagementConfiguration; SearchStrategy: all) did not find any beans (OnBeanCondition)

   TransactionAutoConfiguration.EnableTransactionManagementConfiguration.CglibAutoProxyConfiguration matched:
      - @ConditionalOnBooleanProperty (spring.aop.proxy-target-class=true) matched (OnPropertyCondition)

   TransactionAutoConfiguration.TransactionTemplateConfiguration matched:
      - @ConditionalOnSingleCandidate (types: org.springframework.transaction.PlatformTransactionManager; SearchStrategy: all) found a single bean 'transactionManager' (OnBeanCondition)

   TransactionAutoConfiguration.TransactionTemplateConfiguration#transactionTemplate matched:
      - @ConditionalOnMissingBean (types: org.springframework.transaction.support.TransactionOperations; SearchStrategy: all) did not find any beans (OnBeanCondition)

   TransactionManagerCustomizationAutoConfiguration matched:
      - @ConditionalOnClass found required class 'org.springframework.transaction.PlatformTransactionManager' (OnClassCondition)

   TransactionManagerCustomizationAutoConfiguration#platformTransactionManagerCustomizers matched:
      - @ConditionalOnMissingBean (types: org.springframework.boot.transaction.autoconfigure.TransactionManagerCustomizers; SearchStrategy: all) did not find any beans (OnBeanCondition)

   UserDetailsServiceAutoConfiguration matched:
      - @ConditionalOnClass found required class 'org.springframework.security.authentication.AuthenticationManager' (OnClassCondition)
      - found 'session' scope (OnWebApplicationCondition)
      - AnyNestedCondition 1 matched 2 did not; NestedCondition on MissingAlternativeUserDetailsManagerOrUserPropertiesConfigured.PasswordConfigured @ConditionalOnProperty (spring.security.user.password) did not find property 'spring.security.user.password'; NestedCondition on MissingAlternativeUserDetailsManagerOrUserPropertiesConfigured.NameConfigured @ConditionalOnProperty (spring.security.user.name) did not find property 'spring.security.user.name'; NestedCondition on MissingAlternativeUserDetailsManagerOrUserPropertiesConfigured.MissingAlternative @ConditionalOnMissingClass did not find unwanted classes 'org.springframework.security.oauth2.client.registration.ClientRegistrationRepository', 'org.springframework.security.oauth2.server.resource.introspection.OpaqueTokenIntrospector', 'org.springframework.security.saml2.provider.service.registration.RelyingPartyRegistrationRepository' (MissingAlternativeUserDetailsManagerOrUserPropertiesConfigured)
      - @ConditionalOnMissingBean (types: org.springframework.security.authentication.AuthenticationManager,org.springframework.security.authentication.AuthenticationProvider,org.springframework.security.core.userdetails.UserDetailsService,org.springframework.security.authentication.AuthenticationManagerResolver,org.springframework.security.oauth2.jwt.JwtDecoder; SearchStrategy: all) did not find any beans (OnBeanCondition)

   ValidationAutoConfiguration matched:
      - @ConditionalOnClass found required class 'jakarta.validation.executable.ExecutableValidator' (OnClassCondition)
      - @ConditionalOnResource found location classpath:META-INF/services/jakarta.validation.spi.ValidationProvider (OnResourceCondition)

   ValidationAutoConfiguration#defaultValidator matched:
      - @ConditionalOnMissingBean (types: jakarta.validation.Validator; SearchStrategy: all) did not find any beans (OnBeanCondition)

   ValidationAutoConfiguration#methodValidationPostProcessor matched:
      - @ConditionalOnMissingBean (types: org.springframework.validation.beanvalidation.MethodValidationPostProcessor; SearchStrategy: current) did not find any beans (OnBeanCondition)

   WebMvcAutoConfiguration matched:
      - @ConditionalOnClass found required classes 'jakarta.servlet.Servlet', 'org.springframework.web.servlet.DispatcherServlet', 'org.springframework.web.servlet.config.annotation.WebMvcConfigurer' (OnClassCondition)
      - found 'session' scope (OnWebApplicationCondition)
      - @ConditionalOnMissingBean (types: org.springframework.web.servlet.config.annotation.WebMvcConfigurationSupport; SearchStrategy: all) did not find any beans (OnBeanCondition)

   WebMvcAutoConfiguration#formContentFilter matched:
      - @ConditionalOnBooleanProperty (spring.mvc.formcontent.filter.enabled=true) matched (OnPropertyCondition)
      - @ConditionalOnMissingBean (types: org.springframework.web.filter.FormContentFilter; SearchStrategy: all) did not find any beans (OnBeanCondition)

   WebMvcAutoConfiguration.EnableWebMvcConfiguration#flashMapManager matched:
      - @ConditionalOnMissingBean (names: flashMapManager; SearchStrategy: all) did not find any beans (OnBeanCondition)

   WebMvcAutoConfiguration.EnableWebMvcConfiguration#localeResolver matched:
      - @ConditionalOnMissingBean (names: localeResolver; SearchStrategy: all) did not find any beans (OnBeanCondition)

   WebMvcAutoConfiguration.EnableWebMvcConfiguration#viewNameTranslator matched:
      - @ConditionalOnMissingBean (names: viewNameTranslator; SearchStrategy: all) did not find any beans (OnBeanCondition)

   WebMvcAutoConfiguration.ResourceChainCustomizerConfiguration matched:
      - @ConditionalOnEnabledResourceChain found class org.webjars.WebJarVersionLocator (OnEnabledResourceChainCondition)

   WebMvcAutoConfiguration.WebMvcAutoConfigurationAdapter#defaultViewResolver matched:
      - @ConditionalOnMissingBean (types: org.springframework.web.servlet.view.InternalResourceViewResolver; SearchStrategy: all) did not find any beans (OnBeanCondition)

   WebMvcAutoConfiguration.WebMvcAutoConfigurationAdapter#requestContextFilter matched:
      - @ConditionalOnMissingBean (types: org.springframework.web.context.request.RequestContextListener,org.springframework.web.filter.RequestContextFilter; SearchStrategy: all) did not find any beans (OnBeanCondition)

   WebMvcAutoConfiguration.WebMvcAutoConfigurationAdapter#viewResolver matched:
      - @ConditionalOnBean (types: org.springframework.web.servlet.ViewResolver; SearchStrategy: all) found beans 'defaultViewResolver', 'beanNameViewResolver', 'mvcViewResolver'; @ConditionalOnMissingBean (names: viewResolver types: org.springframework.web.servlet.view.ContentNegotiatingViewResolver; SearchStrategy: all) did not find any beans (OnBeanCondition)


Negative matches:
-----------------

   AopAutoConfiguration.AspectJAutoProxyingConfiguration.JdkDynamicAutoProxyConfiguration:
      Did not match:
         - @ConditionalOnBooleanProperty (spring.aop.proxy-target-class=false) did not find property 'spring.aop.proxy-target-class' (OnPropertyCondition)

   AopAutoConfiguration.ClassProxyingConfiguration:
      Did not match:
         - @ConditionalOnMissingClass found unwanted class 'org.aspectj.weaver.Advice' (OnClassCondition)

   DataJpaRepositoriesAutoConfiguration#entityManagerFactoryBootstrapExecutorCustomizer:
      Did not match:
         - AnyNestedCondition 0 matched 2 did not; NestedCondition on DataJpaRepositoriesAutoConfiguration.BootstrapExecutorCondition.LazyBootstrapMode @ConditionalOnProperty (spring.data.jpa.repositories.bootstrap-mode=lazy) did not find property 'spring.data.jpa.repositories.bootstrap-mode'; NestedCondition on DataJpaRepositoriesAutoConfiguration.BootstrapExecutorCondition.DeferredBootstrapMode @ConditionalOnProperty (spring.data.jpa.repositories.bootstrap-mode=deferred) did not find property 'spring.data.jpa.repositories.bootstrap-mode' (DataJpaRepositoriesAutoConfiguration.BootstrapExecutorCondition)

   DataRepositoryMetricsAutoConfiguration:
      Did not match:
         - @ConditionalOnBean did not find required type 'io.micrometer.core.instrument.MeterRegistry' (OnBeanCondition)

   DataSourceAutoConfiguration.EmbeddedDatabaseConfiguration:
      Did not match:
         - EmbeddedDataSource spring.datasource.url is set (DataSourceAutoConfiguration.EmbeddedDatabaseCondition)

   DataSourceCheckpointRestoreConfiguration:
      Did not match:
         - @ConditionalOnClass did not find required class 'org.crac.Resource' (OnClassCondition)

   DataSourceConfiguration.Dbcp2:
      Did not match:
         - @ConditionalOnClass did not find required class 'org.apache.commons.dbcp2.BasicDataSource' (OnClassCondition)

   DataSourceConfiguration.Generic:
      Did not match:
         - @ConditionalOnProperty (spring.datasource.type) did not find property 'spring.datasource.type' (OnPropertyCondition)

   DataSourceConfiguration.OracleUcp:
      Did not match:
         - @ConditionalOnClass did not find required classes 'oracle.ucp.jdbc.PoolDataSourceImpl', 'oracle.jdbc.OracleConnection' (OnClassCondition)

   DataSourceConfiguration.Tomcat:
      Did not match:
         - @ConditionalOnClass did not find required class 'org.apache.tomcat.jdbc.pool.DataSource' (OnClassCondition)

   DataSourceHealthContributorAutoConfiguration:
      Did not match:
         - @ConditionalOnClass did not find required class 'org.springframework.boot.health.autoconfigure.contributor.ConditionalOnEnabledHealthIndicator' (OnClassCondition)

   DataSourceJmxConfiguration:
      Did not match:
         - @ConditionalOnBooleanProperty (spring.jmx.enabled=true) did not find property 'spring.jmx.enabled' (OnPropertyCondition)

   DataSourcePoolMetadataProvidersConfiguration.CommonsDbcp2PoolDataSourceMetadataProviderConfiguration:
      Did not match:
         - @ConditionalOnClass did not find required class 'org.apache.commons.dbcp2.BasicDataSource' (OnClassCondition)

   DataSourcePoolMetadataProvidersConfiguration.OracleUcpPoolDataSourceMetadataProviderConfiguration:
      Did not match:
         - @ConditionalOnClass did not find required classes 'oracle.ucp.jdbc.PoolDataSource', 'oracle.jdbc.OracleConnection' (OnClassCondition)

   DataSourcePoolMetadataProvidersConfiguration.TomcatDataSourcePoolMetadataProviderConfiguration:
      Did not match:
         - @ConditionalOnClass did not find required class 'org.apache.tomcat.jdbc.pool.DataSource' (OnClassCondition)

   DataSourcePoolMetricsAutoConfiguration:
      Did not match:
         - @ConditionalOnClass did not find required class 'io.micrometer.core.instrument.MeterRegistry' (OnClassCondition)

   DataSourceTransactionManagerAutoConfiguration.JdbcTransactionManagerConfiguration#transactionManager:
      Did not match:
         - @ConditionalOnMissingBean (types: org.springframework.transaction.TransactionManager; SearchStrategy: all) found beans of type 'org.springframework.transaction.TransactionManager' transactionManager (OnBeanCondition)

   DispatcherServletAutoConfiguration.DispatcherServletConfiguration#multipartResolver:
      Did not match:
         - @ConditionalOnBean (types: org.springframework.web.multipart.MultipartResolver; SearchStrategy: all) did not find any beans of type org.springframework.web.multipart.MultipartResolver (OnBeanCondition)

   GsonHttpMessageConvertersConfiguration:
      Did not match:
         - @ConditionalOnClass did not find required class 'com.google.gson.Gson' (OnClassCondition)

   HibernateMetricsAutoConfiguration:
      Did not match:
         - @ConditionalOnClass did not find required class 'io.micrometer.core.instrument.MeterRegistry' (OnClassCondition)

   Jackson2HttpMessageConvertersConfiguration.MappingJackson2HttpMessageConverterConfiguration:
      Did not match:
         - AnyNestedCondition 0 matched 2 did not; NestedCondition on Jackson2HttpMessageConvertersConfiguration.PreferJackson2OrJacksonUnavailableCondition.JacksonUnavailable @ConditionalOnMissingBean (types: org.springframework.boot.http.converter.autoconfigure.JacksonHttpMessageConvertersConfiguration$JacksonJsonHttpMessageConvertersCustomizer; SearchStrategy: all) found beans of type 'org.springframework.boot.http.converter.autoconfigure.JacksonHttpMessageConvertersConfiguration$JacksonJsonHttpMessageConvertersCustomizer' jacksonJsonHttpMessageConvertersCustomizer; NestedCondition on Jackson2HttpMessageConvertersConfiguration.PreferJackson2OrJacksonUnavailableCondition.Jackson2Preferred @ConditionalOnProperty (spring.http.converters.preferred-json-mapper=jackson2) did not find property 'spring.http.converters.preferred-json-mapper' (Jackson2HttpMessageConvertersConfiguration.PreferJackson2OrJacksonUnavailableCondition)
      Matched:
         - @ConditionalOnClass found required class 'com.fasterxml.jackson.databind.ObjectMapper' (OnClassCondition)

   Jackson2HttpMessageConvertersConfiguration.MappingJackson2XmlHttpMessageConverterConfiguration:
      Did not match:
         - @ConditionalOnClass did not find required class 'tools.jackson.dataformat.xml.XmlMapper' (OnClassCondition)

   JacksonAutoConfiguration.CborConfiguration:
      Did not match:
         - @ConditionalOnClass did not find required class 'tools.jackson.dataformat.cbor.CBORMapper' (OnClassCondition)

   JacksonAutoConfiguration.XmlConfiguration:
      Did not match:
         - @ConditionalOnClass did not find required class 'tools.jackson.dataformat.xml.XmlMapper' (OnClassCondition)

   JacksonHttpMessageConvertersConfiguration.JacksonXmlHttpMessageConverterConfiguration:
      Did not match:
         - @ConditionalOnClass did not find required class 'tools.jackson.dataformat.xml.XmlMapper' (OnClassCondition)

   JmxAutoConfiguration:
      Did not match:
         - @ConditionalOnBooleanProperty (spring.jmx.enabled=true) did not find property 'spring.jmx.enabled' (OnPropertyCondition)
      Matched:
         - @ConditionalOnClass found required class 'org.springframework.jmx.export.MBeanExporter' (OnClassCondition)

   JndiDataSourceAutoConfiguration:
      Did not match:
         - @ConditionalOnProperty (spring.datasource.jndi-name) did not find property 'spring.datasource.jndi-name' (OnPropertyCondition)
      Matched:
         - @ConditionalOnClass found required classes 'javax.sql.DataSource', 'org.springframework.jdbc.datasource.embedded.EmbeddedDatabaseType' (OnClassCondition)

   JndiJtaConfiguration:
      Did not match:
         - @ConditionalOnJndi JNDI environment is not available (OnJndiCondition)
      Matched:
         - @ConditionalOnClass found required class 'org.springframework.transaction.jta.JtaTransactionManager' (OnClassCondition)

   JsonbHttpMessageConvertersConfiguration:
      Did not match:
         - @ConditionalOnClass did not find required class 'jakarta.json.bind.Jsonb' (OnClassCondition)

   KotlinSerializationHttpMessageConvertersConfiguration:
      Did not match:
         - @ConditionalOnClass did not find required classes 'kotlinx.serialization.Serializable', 'kotlinx.serialization.json.Json' (OnClassCondition)

   ManagementWebSecurityAutoConfiguration:
      Did not match:
         - @ConditionalOnClass did not find required class 'org.springframework.boot.actuate.autoconfigure.endpoint.web.WebEndpointAutoConfiguration' (OnClassCondition)

   MessageSourceAutoConfiguration:
      Did not match:
         - ResourceBundle did not find bundle with basename messages (MessageSourceAutoConfiguration.ResourceBundleCondition)

   MultipleOpenApiSupportConfiguration:
      Did not match:
         - AnyNestedCondition 0 matched 2 did not; NestedCondition on MultipleOpenApiSupportCondition.OnActuatorDifferentPort @ConditionalOnProperty (springdoc.show-actuator) did not find property 'springdoc.show-actuator'; NestedCondition on MultipleOpenApiSupportCondition.OnMultipleOpenApiSupportCondition AnyNestedCondition 0 matched 3 did not; NestedCondition on MultipleOpenApiGroupsCondition.OnListGroupedOpenApiBean @ConditionalOnBean (types: org.springdoc.core.models.GroupedOpenApi; SearchStrategy: all) did not find any beans of type org.springdoc.core.models.GroupedOpenApi; NestedCondition on MultipleOpenApiGroupsCondition.OnGroupConfigProperty @ConditionalOnProperty (springdoc.group-configs[0].group) did not find property 'springdoc.group-configs[0].group'; NestedCondition on MultipleOpenApiGroupsCondition.OnGroupedOpenApiBean @ConditionalOnBean (types: org.springdoc.core.models.GroupedOpenApi; SearchStrategy: all) did not find any beans of type org.springdoc.core.models.GroupedOpenApi (MultipleOpenApiSupportCondition)
      Matched:
         - found 'session' scope (OnWebApplicationCondition)
         - @ConditionalOnProperty (springdoc.api-docs.enabled) matched (OnPropertyCondition)

   MultipleOpenApiSupportConfiguration.SpringDocWebMvcActuatorDifferentConfiguration:
      Did not match:
         - @ConditionalOnClass did not find required class 'org.springframework.boot.actuate.endpoint.web.servlet.WebMvcEndpointHandlerMapping' (OnClassCondition)
         - Ancestor org.springdoc.webmvc.core.configuration.MultipleOpenApiSupportConfiguration did not match (ConditionEvaluationReport.AncestorsMatchedCondition)

   ProjectInfoAutoConfiguration#buildProperties:
      Did not match:
         - @ConditionalOnResource did not find resource '${spring.info.build.location:classpath:META-INF/build-info.properties}' (OnResourceCondition)

   ProjectInfoAutoConfiguration#gitProperties:
      Did not match:
         - GitResource did not find git info at classpath:git.properties (ProjectInfoAutoConfiguration.GitResourceAvailableCondition)

   RSocketSecurityAutoConfiguration:
      Did not match:
         - @ConditionalOnClass did not find required class 'org.springframework.boot.rsocket.server.RSocketServerCustomizer' (OnClassCondition)

   ReactiveManagementWebSecurityAutoConfiguration:
      Did not match:
         - @ConditionalOnClass did not find required class 'org.springframework.boot.actuate.autoconfigure.endpoint.web.WebEndpointAutoConfiguration' (OnClassCondition)

   ReactiveUserDetailsServiceAutoConfiguration:
      Did not match:
         - AnyNestedCondition 0 matched 2 did not; NestedCondition on ReactiveUserDetailsServiceAutoConfiguration.RSocketEnabledOrReactiveWebApplication.ReactiveWebApplicationCondition did not find reactive web application classes; NestedCondition on ReactiveUserDetailsServiceAutoConfiguration.RSocketEnabledOrReactiveWebApplication.RSocketSecurityEnabledCondition @ConditionalOnBean (types: org.springframework.messaging.rsocket.annotation.support.RSocketMessageHandler; SearchStrategy: all) did not find any beans of type org.springframework.messaging.rsocket.annotation.support.RSocketMessageHandler (ReactiveUserDetailsServiceAutoConfiguration.RSocketEnabledOrReactiveWebApplication)
      Matched:
         - @ConditionalOnClass found required class 'org.springframework.security.authentication.ReactiveAuthenticationManager' (OnClassCondition)
         - AnyNestedCondition 1 matched 2 did not; NestedCondition on MissingAlternativeUserDetailsManagerOrUserPropertiesConfigured.PasswordConfigured @ConditionalOnProperty (spring.security.user.password) did not find property 'spring.security.user.password'; NestedCondition on MissingAlternativeUserDetailsManagerOrUserPropertiesConfigured.NameConfigured @ConditionalOnProperty (spring.security.user.name) did not find property 'spring.security.user.name'; NestedCondition on MissingAlternativeUserDetailsManagerOrUserPropertiesConfigured.MissingAlternative @ConditionalOnMissingClass did not find unwanted classes 'org.springframework.security.oauth2.client.registration.ClientRegistrationRepository', 'org.springframework.security.oauth2.server.resource.introspection.OpaqueTokenIntrospector', 'org.springframework.security.saml2.provider.service.registration.RelyingPartyRegistrationRepository' (MissingAlternativeUserDetailsManagerOrUserPropertiesConfigured)

   ReactiveWebSecurityAutoConfiguration:
      Did not match:
         - @ConditionalOnClass did not find required class 'reactor.core.publisher.Flux' (OnClassCondition)

   SecurityAutoConfiguration.SecurityDataConfiguration:
      Did not match:
         - @ConditionalOnClass did not find required class 'org.springframework.security.data.repository.query.SecurityEvaluationContextExtension' (OnClassCondition)

   ServletHttpExchangesAutoConfiguration:
      Did not match:
         - @ConditionalOnBean did not find required type 'org.springframework.boot.actuate.web.exchanges.HttpExchangeRepository' (OnBeanCondition)

   ServletManagementContextAutoConfiguration:
      Did not match:
         - @ConditionalOnClass did not find required class 'org.springframework.boot.actuate.autoconfigure.endpoint.web.WebEndpointProperties' (OnClassCondition)

   ServletMappingsAutoConfiguration:
      Did not match:
         - @ConditionalOnClass did not find required class 'org.springframework.boot.actuate.autoconfigure.endpoint.condition.ConditionalOnAvailableEndpoint' (OnClassCondition)

   ServletWebSecurityAutoConfiguration.SecurityFilterChainConfiguration:
      Did not match:
         - AllNestedConditions 1 matched 1 did not; NestedCondition on DefaultWebSecurityCondition.Beans @ConditionalOnMissingBean (types: org.springframework.security.web.SecurityFilterChain; SearchStrategy: all) found beans of type 'org.springframework.security.web.SecurityFilterChain' filterChain; NestedCondition on DefaultWebSecurityCondition.Classes @ConditionalOnClass found required classes 'org.springframework.security.web.SecurityFilterChain', 'org.springframework.security.config.annotation.web.builders.HttpSecurity' (DefaultWebSecurityCondition)

   ServletWebServerConfiguration#forwardedHeaderFilter:
      Did not match:
         - @ConditionalOnProperty (server.forward-headers-strategy=framework) did not find property 'server.forward-headers-strategy' (OnPropertyCondition)

   SpringApplicationAdminJmxAutoConfiguration:
      Did not match:
         - @ConditionalOnBooleanProperty (spring.application.admin.enabled=true) did not find property 'spring.application.admin.enabled' (OnPropertyCondition)

   SpringDocConfiguration#propertiesResolverForSchema:
      Did not match:
         - @ConditionalOnProperty (springdoc.api-docs.resolve-schema-properties) did not find property 'springdoc.api-docs.resolve-schema-properties' (OnPropertyCondition)

   SpringDocConfiguration#propertyCustomizingConverter:
      Did not match:
         - @ConditionalOnBean (types: org.springdoc.core.customizers.PropertyCustomizer; SearchStrategy: all) did not find any beans of type org.springdoc.core.customizers.PropertyCustomizer (OnBeanCondition)

   SpringDocConfiguration#springdocBeanFactoryPostProcessor:
      Did not match:
         - AnyNestedCondition 0 matched 2 did not; NestedCondition on CacheOrGroupedOpenApiCondition.OnCacheDisabled found non-matching nested conditions @ConditionalOnProperty (springdoc.cache.disabled) did not find property 'springdoc.cache.disabled'; NestedCondition on CacheOrGroupedOpenApiCondition.OnMultipleOpenApiSupportCondition AnyNestedCondition 0 matched 2 did not; NestedCondition on MultipleOpenApiSupportCondition.OnActuatorDifferentPort @ConditionalOnProperty (springdoc.show-actuator) did not find property 'springdoc.show-actuator'; NestedCondition on MultipleOpenApiSupportCondition.OnMultipleOpenApiSupportCondition AnyNestedCondition 0 matched 3 did not; NestedCondition on MultipleOpenApiGroupsCondition.OnListGroupedOpenApiBean @ConditionalOnBean (types: org.springdoc.core.models.GroupedOpenApi; SearchStrategy: all) did not find any beans of type org.springdoc.core.models.GroupedOpenApi; NestedCondition on MultipleOpenApiGroupsCondition.OnGroupConfigProperty @ConditionalOnProperty (springdoc.group-configs[0].group) did not find property 'springdoc.group-configs[0].group'; NestedCondition on MultipleOpenApiGroupsCondition.OnGroupedOpenApiBean @ConditionalOnBean (types: org.springdoc.core.models.GroupedOpenApi; SearchStrategy: all) did not find any beans of type org.springdoc.core.models.GroupedOpenApi (CacheOrGroupedOpenApiCondition)
      Matched:
         - @ConditionalOnClass found required class 'org.springframework.boot.context.properties.bind.BindResult' (OnClassCondition)

   SpringDocConfiguration#springdocBeanFactoryPostProcessor2:
      Did not match:
         - @ConditionalOnMissingClass found unwanted class 'org.springframework.boot.context.properties.bind.BindResult' (OnClassCondition)

   SpringDocConfiguration.SpringDocActuatorConfiguration:
      Did not match:
         - @ConditionalOnClass did not find required class 'org.springframework.boot.actuate.autoconfigure.endpoint.web.WebEndpointProperties' (OnClassCondition)

   SpringDocConfiguration.SpringDocRepositoryRestConfiguration:
      Did not match:
         - @ConditionalOnClass did not find required class 'org.springframework.data.rest.core.config.RepositoryRestConfiguration' (OnClassCondition)

   SpringDocConfiguration.SpringDocSpringDataWebPropertiesProvider:
      Did not match:
         - @ConditionalOnClass did not find required class 'org.springframework.boot.autoconfigure.data.web.SpringDataWebProperties' (OnClassCondition)

   SpringDocConfiguration.SpringDocWebFluxSupportConfiguration:
      Did not match:
         - @ConditionalOnClass did not find required class 'reactor.core.publisher.Flux' (OnClassCondition)

   SpringDocDataRestConfiguration:
      Did not match:
         - @ConditionalOnClass did not find required class 'org.springframework.data.rest.core.config.RepositoryRestConfiguration' (OnClassCondition)

   SpringDocFunctionCatalogConfiguration:
      Did not match:
         - @ConditionalOnClass did not find required class 'org.springframework.cloud.function.web.function.FunctionEndpointInitializer' (OnClassCondition)

   SpringDocGroovyConfiguration:
      Did not match:
         - @ConditionalOnClass did not find required class 'groovy.lang.MetaClass' (OnClassCondition)

   SpringDocHateoasConfiguration:
      Did not match:
         - @ConditionalOnClass did not find required class 'org.springframework.hateoas.server.LinkRelationProvider' (OnClassCondition)

   SpringDocJacksonKotlinModuleConfiguration:
      Did not match:
         - @ConditionalOnClass did not find required class 'com.fasterxml.jackson.module.kotlin.KotlinModule' (OnClassCondition)

   SpringDocJavadocConfiguration:
      Did not match:
         - @ConditionalOnClass did not find required class 'com.github.therapi.runtimejavadoc.CommentFormatter' (OnClassCondition)

   SpringDocKotlinConfiguration:
      Did not match:
         - @ConditionalOnClass did not find required class 'kotlin.coroutines.Continuation' (OnClassCondition)

   SpringDocKotlinxConfiguration:
      Did not match:
         - @ConditionalOnClass did not find required class 'kotlinx.coroutines.flow.Flow' (OnClassCondition)

   SpringDocSecurityConfiguration.SpringDocSecurityOAuth2ClientConfiguration:
      Did not match:
         - @ConditionalOnClass did not find required class 'org.springframework.security.oauth2.client.annotation.RegisteredOAuth2AuthorizedClient' (OnClassCondition)

   SpringDocSecurityConfiguration.SpringDocSecurityOAuth2Configuration:
      Did not match:
         - @ConditionalOnClass did not find required class 'org.springframework.security.oauth2.server.authorization.OAuth2AuthorizationService' (OnClassCondition)

   SpringDocSecurityConfiguration.SpringSecurityLoginEndpointConfiguration#springSecurityLoginEndpointCustomizer:
      Did not match:
         - @ConditionalOnProperty (springdoc.show-login-endpoint) did not find property 'springdoc.show-login-endpoint' (OnPropertyCondition)

   SpringDocSortConfiguration#dataRestDelegatingMethodParameterCustomizer:
      Did not match:
         - @ConditionalOnMissingBean (types: org.springdoc.core.customizers.DataRestDelegatingMethodParameterCustomizer; SearchStrategy: all) found beans of type 'org.springdoc.core.customizers.DataRestDelegatingMethodParameterCustomizer' dataRestDelegatingMethodParameterCustomizer (OnBeanCondition)

   SpringDocWebMvcConfiguration.SpringDocWebMvcActuatorConfiguration:
      Did not match:
         - @ConditionalOnClass did not find required class 'org.springframework.boot.actuate.endpoint.web.servlet.WebMvcEndpointHandlerMapping' (OnClassCondition)

   SwaggerConfig#springWebProvider:
      Did not match:
         - @ConditionalOnMissingBean (types: org.springdoc.core.providers.SpringWebProvider; SearchStrategy: all) found beans of type 'org.springdoc.core.providers.SpringWebProvider' springWebProvider (OnBeanCondition)

   SwaggerConfig#swaggerUiHome:
      Did not match:
         - @ConditionalOnProperty (springdoc.swagger-ui.use-root-path=true) did not find property 'springdoc.swagger-ui.use-root-path' (OnPropertyCondition)

   SwaggerConfig.SwaggerActuatorWelcomeConfiguration:
      Did not match:
         - @ConditionalOnClass did not find required class 'org.springframework.boot.actuate.endpoint.web.servlet.WebMvcEndpointHandlerMapping' (OnClassCondition)

   TaskExecutorConfigurations.AsyncConfigurerWrapperConfiguration:
      Did not match:
         - @ConditionalOnBean (types: org.springframework.scheduling.annotation.AsyncConfigurer; SearchStrategy: all) did not find any beans of type org.springframework.scheduling.annotation.AsyncConfigurer (OnBeanCondition)

   TaskExecutorConfigurations.SimpleAsyncTaskExecutorBuilderConfiguration#simpleAsyncTaskExecutorBuilderVirtualThreads:
      Did not match:
         - @ConditionalOnMissingBean (types: org.springframework.boot.task.SimpleAsyncTaskExecutorBuilder; SearchStrategy: all) found beans of type 'org.springframework.boot.task.SimpleAsyncTaskExecutorBuilder' simpleAsyncTaskExecutorBuilder (OnBeanCondition)

   TaskExecutorConfigurations.TaskExecutorConfiguration#applicationTaskExecutorVirtualThreads:
      Did not match:
         - @ConditionalOnThreading did not find VIRTUAL (OnThreadingCondition)

   TaskSchedulingAutoConfiguration#scheduledBeanLazyInitializationExcludeFilter:
      Did not match:
         - @ConditionalOnBean (names: org.springframework.scheduling.config.internalScheduledAnnotationProcessor; SearchStrategy: all) did not find any beans named org.springframework.scheduling.config.internalScheduledAnnotationProcessor (OnBeanCondition)

   TaskSchedulingConfigurations.SimpleAsyncTaskSchedulerBuilderConfiguration#simpleAsyncTaskSchedulerBuilderVirtualThreads:
      Did not match:
         - @ConditionalOnMissingBean (types: org.springframework.boot.task.SimpleAsyncTaskSchedulerBuilder; SearchStrategy: all) found beans of type 'org.springframework.boot.task.SimpleAsyncTaskSchedulerBuilder' simpleAsyncTaskSchedulerBuilder (OnBeanCondition)

   TaskSchedulingConfigurations.TaskSchedulerConfiguration:
      Did not match:
         - @ConditionalOnBean (names: org.springframework.scheduling.config.internalScheduledAnnotationProcessor; SearchStrategy: all) did not find any beans named org.springframework.scheduling.config.internalScheduledAnnotationProcessor (OnBeanCondition)

   TomcatMetricsAutoConfiguration:
      Did not match:
         - @ConditionalOnClass did not find required class 'io.micrometer.core.instrument.binder.tomcat.TomcatMetrics' (OnClassCondition)

   TomcatReactiveManagementContextAutoConfiguration:
      Did not match:
         - @ConditionalOnClass did not find required class 'org.springframework.boot.actuate.autoconfigure.web.server.ManagementContextFactory' (OnClassCondition)

   TomcatReactiveWebServerAutoConfiguration:
      Did not match:
         - @ConditionalOnWebApplication did not find reactive web application classes (OnWebApplicationCondition)

   TomcatServletManagementContextAutoConfiguration:
      Did not match:
         - @ConditionalOnClass did not find required class 'org.springframework.boot.actuate.autoconfigure.web.server.ManagementContextFactory' (OnClassCondition)

   TomcatServletWebServerAutoConfiguration#tomcatForwardedHeaderFilterCustomizer:
      Did not match:
         - @ConditionalOnProperty (server.forward-headers-strategy=framework) did not find property 'server.forward-headers-strategy' (OnPropertyCondition)

   TomcatWebServerConfiguration#tomcatVirtualThreadsProtocolHandlerCustomizer:
      Did not match:
         - @ConditionalOnThreading did not find VIRTUAL (OnThreadingCondition)

   TransactionAutoConfiguration#transactionalOperator:
      Did not match:
         - @ConditionalOnSingleCandidate (types: org.springframework.transaction.ReactiveTransactionManager; SearchStrategy: all) did not find any beans (OnBeanCondition)

   TransactionAutoConfiguration.AspectJTransactionManagementConfiguration:
      Did not match:
         - @ConditionalOnBean (types: org.springframework.transaction.aspectj.AbstractTransactionAspect; SearchStrategy: all) did not find any beans of type org.springframework.transaction.aspectj.AbstractTransactionAspect (OnBeanCondition)

   TransactionAutoConfiguration.EnableTransactionManagementConfiguration.JdkDynamicAutoProxyConfiguration:
      Did not match:
         - @ConditionalOnBooleanProperty (spring.aop.proxy-target-class=false) did not find property 'spring.aop.proxy-target-class' (OnPropertyCondition)

   WebMvcAutoConfiguration#hiddenHttpMethodFilter:
      Did not match:
         - @ConditionalOnBooleanProperty (spring.mvc.hiddenmethod.filter.enabled=true) did not find property 'spring.mvc.hiddenmethod.filter.enabled' (OnPropertyCondition)

   WebMvcAutoConfiguration.ProblemDetailsErrorHandlingConfiguration:
      Did not match:
         - @ConditionalOnBooleanProperty (spring.mvc.problemdetails.enabled=true) did not find property 'spring.mvc.problemdetails.enabled' (OnPropertyCondition)

   WebMvcAutoConfiguration.WebMvcAutoConfigurationAdapter#beanNameViewResolver:
      Did not match:
         - @ConditionalOnMissingBean (types: org.springframework.web.servlet.view.BeanNameViewResolver; SearchStrategy: all) found beans of type 'org.springframework.web.servlet.view.BeanNameViewResolver' beanNameViewResolver (OnBeanCondition)

   WebMvcHealthEndpointExtensionAutoConfiguration:
      Did not match:
         - @ConditionalOnClass did not find required class 'org.springframework.boot.health.actuate.endpoint.HealthEndpoint' (OnClassCondition)

   WebMvcMappingsAutoConfiguration:
      Did not match:
         - @ConditionalOnClass did not find required class 'org.springframework.boot.actuate.autoconfigure.endpoint.condition.ConditionalOnAvailableEndpoint' (OnClassCondition)

   WebMvcObservationAutoConfiguration:
      Did not match:
         - @ConditionalOnClass did not find required class 'org.springframework.boot.micrometer.observation.autoconfigure.ObservationProperties' (OnClassCondition)

   XADataSourceAutoConfiguration:
      Did not match:
         - @ConditionalOnBean (types: org.springframework.boot.jdbc.XADataSourceWrapper; SearchStrategy: all) did not find any beans of type org.springframework.boot.jdbc.XADataSourceWrapper (OnBeanCondition)
      Matched:
         - @ConditionalOnClass found required classes 'javax.sql.DataSource', 'jakarta.transaction.TransactionManager', 'org.springframework.jdbc.datasource.embedded.EmbeddedDatabaseType' (OnClassCondition)


Exclusions:
-----------

    None


Unconditional classes:
----------------------

    org.springframework.boot.autoconfigure.context.ConfigurationPropertiesAutoConfiguration

    org.springframework.boot.autoconfigure.ssl.SslAutoConfiguration

    org.springframework.boot.autoconfigure.context.PropertyPlaceholderAutoConfiguration

    org.springframework.boot.autoconfigure.context.LifecycleAutoConfiguration

    org.springdoc.core.configuration.SpringDocSpecPropertiesConfiguration

    org.springframework.boot.autoconfigure.availability.ApplicationAvailabilityAutoConfiguration

    org.springframework.boot.autoconfigure.info.ProjectInfoAutoConfiguration



2026-04-15T19:12:51.461+01:00  INFO 13592 --- [gestionUser] [           main] t.e.s.baladna.GestionUserApplication     : Started GestionUserApplication in 19.615 seconds (process running for 20.525)
2026-04-15T19:12:51.466+01:00 DEBUG 13592 --- [gestionUser] [           main] o.s.b.a.ApplicationAvailabilityBean      : Application availability state LivenessState changed to CORRECT
2026-04-15T19:12:51.472+01:00 DEBUG 13592 --- [gestionUser] [           main] o.s.b.a.ApplicationAvailabilityBean      : Application availability state ReadinessState changed to ACCEPTING_TRAFFIC
2026-04-15T19:14:01.087+01:00  INFO 13592 --- [gestionUser] [nio-8081-exec-2] o.a.c.c.C.[Tomcat].[localhost].[/]       : Initializing Spring DispatcherServlet 'dispatcherServlet'
2026-04-15T19:14:01.087+01:00  INFO 13592 --- [gestionUser] [nio-8081-exec-2] o.s.web.servlet.DispatcherServlet        : Initializing Servlet 'dispatcherServlet'
2026-04-15T19:14:01.090+01:00 DEBUG 13592 --- [gestionUser] [nio-8081-exec-2] o.s.web.servlet.DispatcherServlet        : Detected StandardServletMultipartResolver
2026-04-15T19:14:01.091+01:00 DEBUG 13592 --- [gestionUser] [nio-8081-exec-2] o.s.web.servlet.DispatcherServlet        : Detected AcceptHeaderLocaleResolver
2026-04-15T19:14:01.125+01:00 DEBUG 13592 --- [gestionUser] [nio-8081-exec-2] o.s.web.servlet.DispatcherServlet        : Detected org.springframework.web.servlet.view.DefaultRequestToViewNameTranslator@66e478c7
2026-04-15T19:14:01.137+01:00 DEBUG 13592 --- [gestionUser] [nio-8081-exec-2] o.s.web.servlet.DispatcherServlet        : Detected org.springframework.web.servlet.support.SessionFlashMapManager@449be249
2026-04-15T19:14:01.146+01:00 DEBUG 13592 --- [gestionUser] [nio-8081-exec-2] o.s.web.servlet.DispatcherServlet        : enableLoggingRequestDetails='false': request parameters and headers will be masked to prevent unsafe logging of potentially sensitive data
2026-04-15T19:14:01.153+01:00  INFO 13592 --- [gestionUser] [nio-8081-exec-2] o.s.web.servlet.DispatcherServlet        : Completed initialization in 63 ms
2026-04-15T19:14:01.363+01:00 DEBUG 13592 --- [gestionUser] [nio-8081-exec-1] o.s.security.web.FilterChainProxy        : Securing OPTIONS /api/stations
2026-04-15T19:14:01.364+01:00 DEBUG 13592 --- [gestionUser] [nio-8081-exec-2] o.s.security.web.FilterChainProxy        : Securing OPTIONS /api/profile/me
2026-04-15T19:14:01.497+01:00 DEBUG 13592 --- [gestionUser] [nio-8081-exec-4] o.s.security.web.FilterChainProxy        : Securing GET /api/stations
2026-04-15T19:14:01.497+01:00 DEBUG 13592 --- [gestionUser] [nio-8081-exec-5] o.s.security.web.FilterChainProxy        : Securing GET /api/profile/me
2026-04-15T19:14:01.504+01:00  INFO 13592 --- [gestionUser] [nio-8081-exec-5] t.e.s.baladna.user.security.JwtFilter    : Request to: /api/profile/me - Auth header: present
2026-04-15T19:14:01.504+01:00  INFO 13592 --- [gestionUser] [nio-8081-exec-4] t.e.s.baladna.user.security.JwtFilter    : Request to: /api/stations - Auth header: present
2026-04-15T19:14:01.504+01:00  INFO 13592 --- [gestionUser] [nio-8081-exec-5] t.e.s.baladna.user.security.JwtFilter    : Token extracted (length: 167)
2026-04-15T19:14:01.504+01:00  INFO 13592 --- [gestionUser] [nio-8081-exec-4] t.e.s.baladna.user.security.JwtFilter    : Token extracted (length: 167)
2026-04-15T19:14:01.649+01:00 ERROR 13592 --- [gestionUser] [nio-8081-exec-5] t.e.s.baladna.user.security.JwtFilter    : JWT Authentication failed: JWT signature does not match locally computed signature. JWT validity cannot be asserted and should not be trusted.
2026-04-15T19:14:01.649+01:00 ERROR 13592 --- [gestionUser] [nio-8081-exec-4] t.e.s.baladna.user.security.JwtFilter    : JWT Authentication failed: JWT signature does not match locally computed signature. JWT validity cannot be asserted and should not be trusted.
2026-04-15T19:14:01.651+01:00 ERROR 13592 --- [gestionUser] [nio-8081-exec-4] t.e.s.baladna.user.security.JwtFilter    : Full exception: 

io.jsonwebtoken.security.SignatureException: JWT signature does not match locally computed signature. JWT validity cannot be asserted and should not be trusted.
	at io.jsonwebtoken.impl.DefaultJwtParser.parse(DefaultJwtParser.java:399) ~[jjwt-impl-0.11.5.jar:0.11.5]
	at io.jsonwebtoken.impl.DefaultJwtParser.parse(DefaultJwtParser.java:529) ~[jjwt-impl-0.11.5.jar:0.11.5]
	at io.jsonwebtoken.impl.DefaultJwtParser.parseClaimsJws(DefaultJwtParser.java:589) ~[jjwt-impl-0.11.5.jar:0.11.5]
	at tn.esprit.spring.baladna.user.service.JwtService.extractEmail(JwtService.java:32) ~[classes/:na]
	at tn.esprit.spring.baladna.user.security.JwtFilter.doFilterInternal(JwtFilter.java:57) ~[classes/:na]
	at org.springframework.web.filter.OncePerRequestFilter.doFilter(OncePerRequestFilter.java:116) ~[spring-web-7.0.3.jar:7.0.3]
	at org.springframework.security.web.FilterChainProxy$VirtualFilterChain.doFilter(FilterChainProxy.java:380) ~[spring-security-web-7.0.2.jar:7.0.2]
	at org.springframework.security.web.authentication.logout.LogoutFilter.doFilter(LogoutFilter.java:110) ~[spring-security-web-7.0.2.jar:7.0.2]
	at org.springframework.security.web.authentication.logout.LogoutFilter.doFilter(LogoutFilter.java:96) ~[spring-security-web-7.0.2.jar:7.0.2]
	at org.springframework.security.web.FilterChainProxy$VirtualFilterChain.doFilter(FilterChainProxy.java:380) ~[spring-security-web-7.0.2.jar:7.0.2]
	at org.springframework.web.filter.CorsFilter.doFilterInternal(CorsFilter.java:91) ~[spring-web-7.0.3.jar:7.0.3]
	at org.springframework.web.filter.OncePerRequestFilter.doFilter(OncePerRequestFilter.java:116) ~[spring-web-7.0.3.jar:7.0.3]
	at org.springframework.security.web.FilterChainProxy$VirtualFilterChain.doFilter(FilterChainProxy.java:380) ~[spring-security-web-7.0.2.jar:7.0.2]
	at org.springframework.security.web.header.HeaderWriterFilter.doHeadersAfter(HeaderWriterFilter.java:90) ~[spring-security-web-7.0.2.jar:7.0.2]
	at org.springframework.security.web.header.HeaderWriterFilter.doFilterInternal(HeaderWriterFilter.java:75) ~[spring-security-web-7.0.2.jar:7.0.2]
	at org.springframework.web.filter.OncePerRequestFilter.doFilter(OncePerRequestFilter.java:116) ~[spring-web-7.0.3.jar:7.0.3]
	at org.springframework.security.web.FilterChainProxy$VirtualFilterChain.doFilter(FilterChainProxy.java:380) ~[spring-security-web-7.0.2.jar:7.0.2]
	at org.springframework.security.web.context.SecurityContextHolderFilter.doFilter(SecurityContextHolderFilter.java:82) ~[spring-security-web-7.0.2.jar:7.0.2]
	at org.springframework.security.web.context.SecurityContextHolderFilter.doFilter(SecurityContextHolderFilter.java:69) ~[spring-security-web-7.0.2.jar:7.0.2]
	at org.springframework.security.web.FilterChainProxy$VirtualFilterChain.doFilter(FilterChainProxy.java:380) ~[spring-security-web-7.0.2.jar:7.0.2]
	at org.springframework.security.web.context.request.async.WebAsyncManagerIntegrationFilter.doFilterInternal(WebAsyncManagerIntegrationFilter.java:62) ~[spring-security-web-7.0.2.jar:7.0.2]
	at org.springframework.web.filter.OncePerRequestFilter.doFilter(OncePerRequestFilter.java:116) ~[spring-web-7.0.3.jar:7.0.3]
	at org.springframework.security.web.FilterChainProxy$VirtualFilterChain.doFilter(FilterChainProxy.java:380) ~[spring-security-web-7.0.2.jar:7.0.2]
	at org.springframework.security.web.session.DisableEncodeUrlFilter.doFilterInternal(DisableEncodeUrlFilter.java:42) ~[spring-security-web-7.0.2.jar:7.0.2]
	at org.springframework.web.filter.OncePerRequestFilter.doFilter(OncePerRequestFilter.java:116) ~[spring-web-7.0.3.jar:7.0.3]
	at org.springframework.security.web.FilterChainProxy$VirtualFilterChain.doFilter(FilterChainProxy.java:380) ~[spring-security-web-7.0.2.jar:7.0.2]
	at org.springframework.security.web.FilterChainProxy.doFilterInternal(FilterChainProxy.java:237) ~[spring-security-web-7.0.2.jar:7.0.2]
	at org.springframework.security.web.FilterChainProxy.doFilter(FilterChainProxy.java:195) ~[spring-security-web-7.0.2.jar:7.0.2]
	at org.springframework.web.filter.CompositeFilter$VirtualFilterChain.doFilter(CompositeFilter.java:113) ~[spring-web-7.0.3.jar:7.0.3]
	at org.springframework.web.filter.ServletRequestPathFilter.doFilter(ServletRequestPathFilter.java:52) ~[spring-web-7.0.3.jar:7.0.3]
	at org.springframework.web.filter.CompositeFilter$VirtualFilterChain.doFilter(CompositeFilter.java:113) ~[spring-web-7.0.3.jar:7.0.3]
	at org.springframework.web.filter.CompositeFilter.doFilter(CompositeFilter.java:74) ~[spring-web-7.0.3.jar:7.0.3]
	at org.springframework.security.config.annotation.web.configuration.WebSecurityConfiguration$CompositeFilterChainProxy.doFilter(WebSecurityConfiguration.java:317) ~[spring-security-config-7.0.2.jar:7.0.2]
	at org.springframework.web.filter.DelegatingFilterProxy.invokeDelegate(DelegatingFilterProxy.java:355) ~[spring-web-7.0.3.jar:7.0.3]
	at org.springframework.web.filter.DelegatingFilterProxy.doFilter(DelegatingFilterProxy.java:272) ~[spring-web-7.0.3.jar:7.0.3]
	at org.apache.catalina.core.ApplicationFilterChain.doFilter(ApplicationFilterChain.java:107) ~[tomcat-embed-core-11.0.15.jar:11.0.15]
	at org.springframework.web.filter.RequestContextFilter.doFilterInternal(RequestContextFilter.java:100) ~[spring-web-7.0.3.jar:7.0.3]
	at org.springframework.web.filter.OncePerRequestFilter.doFilter(OncePerRequestFilter.java:116) ~[spring-web-7.0.3.jar:7.0.3]
	at org.apache.catalina.core.ApplicationFilterChain.doFilter(ApplicationFilterChain.java:107) ~[tomcat-embed-core-11.0.15.jar:11.0.15]
	at org.springframework.web.filter.FormContentFilter.doFilterInternal(FormContentFilter.java:93) ~[spring-web-7.0.3.jar:7.0.3]
	at org.springframework.web.filter.OncePerRequestFilter.doFilter(OncePerRequestFilter.java:116) ~[spring-web-7.0.3.jar:7.0.3]
	at org.apache.catalina.core.ApplicationFilterChain.doFilter(ApplicationFilterChain.java:107) ~[tomcat-embed-core-11.0.15.jar:11.0.15]
	at org.springframework.web.filter.CharacterEncodingFilter.doFilterInternal(CharacterEncodingFilter.java:199) ~[spring-web-7.0.3.jar:7.0.3]
	at org.springframework.web.filter.OncePerRequestFilter.doFilter(OncePerRequestFilter.java:116) ~[spring-web-7.0.3.jar:7.0.3]
	at org.apache.catalina.core.ApplicationFilterChain.doFilter(ApplicationFilterChain.java:107) ~[tomcat-embed-core-11.0.15.jar:11.0.15]
	at org.apache.catalina.core.StandardWrapperValve.invoke(StandardWrapperValve.java:165) ~[tomcat-embed-core-11.0.15.jar:11.0.15]
	at org.apache.catalina.core.StandardContextValve.invoke(StandardContextValve.java:77) ~[tomcat-embed-core-11.0.15.jar:11.0.15]
	at org.apache.catalina.authenticator.AuthenticatorBase.invoke(AuthenticatorBase.java:482) ~[tomcat-embed-core-11.0.15.jar:11.0.15]
	at org.apache.catalina.core.StandardHostValve.invoke(StandardHostValve.java:113) ~[tomcat-embed-core-11.0.15.jar:11.0.15]
	at org.apache.catalina.valves.ErrorReportValve.invoke(ErrorReportValve.java:83) ~[tomcat-embed-core-11.0.15.jar:11.0.15]
	at org.apache.catalina.core.StandardEngineValve.invoke(StandardEngineValve.java:72) ~[tomcat-embed-core-11.0.15.jar:11.0.15]
	at org.apache.catalina.connector.CoyoteAdapter.service(CoyoteAdapter.java:341) ~[tomcat-embed-core-11.0.15.jar:11.0.15]
	at org.apache.coyote.http11.Http11Processor.service(Http11Processor.java:397) ~[tomcat-embed-core-11.0.15.jar:11.0.15]
	at org.apache.coyote.AbstractProcessorLight.process(AbstractProcessorLight.java:63) ~[tomcat-embed-core-11.0.15.jar:11.0.15]
	at org.apache.coyote.AbstractProtocol$ConnectionHandler.process(AbstractProtocol.java:903) ~[tomcat-embed-core-11.0.15.jar:11.0.15]
	at org.apache.tomcat.util.net.NioEndpoint$SocketProcessor.doRun(NioEndpoint.java:1778) ~[tomcat-embed-core-11.0.15.jar:11.0.15]
	at org.apache.tomcat.util.net.SocketProcessorBase.run(SocketProcessorBase.java:52) ~[tomcat-embed-core-11.0.15.jar:11.0.15]
	at org.apache.tomcat.util.threads.ThreadPoolExecutor.runWorker(ThreadPoolExecutor.java:946) ~[tomcat-embed-core-11.0.15.jar:11.0.15]
	at org.apache.tomcat.util.threads.ThreadPoolExecutor$Worker.run(ThreadPoolExecutor.java:480) ~[tomcat-embed-core-11.0.15.jar:11.0.15]
	at org.apache.tomcat.util.threads.TaskThread$WrappingRunnable.run(TaskThread.java:57) ~[tomcat-embed-core-11.0.15.jar:11.0.15]
	at java.base/java.lang.Thread.run(Thread.java:842) ~[na:na]

2026-04-15T19:14:01.651+01:00 ERROR 13592 --- [gestionUser] [nio-8081-exec-5] t.e.s.baladna.user.security.JwtFilter    : Full exception: 

io.jsonwebtoken.security.SignatureException: JWT signature does not match locally computed signature. JWT validity cannot be asserted and should not be trusted.
	at io.jsonwebtoken.impl.DefaultJwtParser.parse(DefaultJwtParser.java:399) ~[jjwt-impl-0.11.5.jar:0.11.5]
	at io.jsonwebtoken.impl.DefaultJwtParser.parse(DefaultJwtParser.java:529) ~[jjwt-impl-0.11.5.jar:0.11.5]
	at io.jsonwebtoken.impl.DefaultJwtParser.parseClaimsJws(DefaultJwtParser.java:589) ~[jjwt-impl-0.11.5.jar:0.11.5]
	at tn.esprit.spring.baladna.user.service.JwtService.extractEmail(JwtService.java:32) ~[classes/:na]
	at tn.esprit.spring.baladna.user.security.JwtFilter.doFilterInternal(JwtFilter.java:57) ~[classes/:na]
	at org.springframework.web.filter.OncePerRequestFilter.doFilter(OncePerRequestFilter.java:116) ~[spring-web-7.0.3.jar:7.0.3]
	at org.springframework.security.web.FilterChainProxy$VirtualFilterChain.doFilter(FilterChainProxy.java:380) ~[spring-security-web-7.0.2.jar:7.0.2]
	at org.springframework.security.web.authentication.logout.LogoutFilter.doFilter(LogoutFilter.java:110) ~[spring-security-web-7.0.2.jar:7.0.2]
	at org.springframework.security.web.authentication.logout.LogoutFilter.doFilter(LogoutFilter.java:96) ~[spring-security-web-7.0.2.jar:7.0.2]
	at org.springframework.security.web.FilterChainProxy$VirtualFilterChain.doFilter(FilterChainProxy.java:380) ~[spring-security-web-7.0.2.jar:7.0.2]
	at org.springframework.web.filter.CorsFilter.doFilterInternal(CorsFilter.java:91) ~[spring-web-7.0.3.jar:7.0.3]
	at org.springframework.web.filter.OncePerRequestFilter.doFilter(OncePerRequestFilter.java:116) ~[spring-web-7.0.3.jar:7.0.3]
	at org.springframework.security.web.FilterChainProxy$VirtualFilterChain.doFilter(FilterChainProxy.java:380) ~[spring-security-web-7.0.2.jar:7.0.2]
	at org.springframework.security.web.header.HeaderWriterFilter.doHeadersAfter(HeaderWriterFilter.java:90) ~[spring-security-web-7.0.2.jar:7.0.2]
	at org.springframework.security.web.header.HeaderWriterFilter.doFilterInternal(HeaderWriterFilter.java:75) ~[spring-security-web-7.0.2.jar:7.0.2]
	at org.springframework.web.filter.OncePerRequestFilter.doFilter(OncePerRequestFilter.java:116) ~[spring-web-7.0.3.jar:7.0.3]
	at org.springframework.security.web.FilterChainProxy$VirtualFilterChain.doFilter(FilterChainProxy.java:380) ~[spring-security-web-7.0.2.jar:7.0.2]
	at org.springframework.security.web.context.SecurityContextHolderFilter.doFilter(SecurityContextHolderFilter.java:82) ~[spring-security-web-7.0.2.jar:7.0.2]
	at org.springframework.security.web.context.SecurityContextHolderFilter.doFilter(SecurityContextHolderFilter.java:69) ~[spring-security-web-7.0.2.jar:7.0.2]
	at org.springframework.security.web.FilterChainProxy$VirtualFilterChain.doFilter(FilterChainProxy.java:380) ~[spring-security-web-7.0.2.jar:7.0.2]
	at org.springframework.security.web.context.request.async.WebAsyncManagerIntegrationFilter.doFilterInternal(WebAsyncManagerIntegrationFilter.java:62) ~[spring-security-web-7.0.2.jar:7.0.2]
	at org.springframework.web.filter.OncePerRequestFilter.doFilter(OncePerRequestFilter.java:116) ~[spring-web-7.0.3.jar:7.0.3]
	at org.springframework.security.web.FilterChainProxy$VirtualFilterChain.doFilter(FilterChainProxy.java:380) ~[spring-security-web-7.0.2.jar:7.0.2]
	at org.springframework.security.web.session.DisableEncodeUrlFilter.doFilterInternal(DisableEncodeUrlFilter.java:42) ~[spring-security-web-7.0.2.jar:7.0.2]
	at org.springframework.web.filter.OncePerRequestFilter.doFilter(OncePerRequestFilter.java:116) ~[spring-web-7.0.3.jar:7.0.3]
	at org.springframework.security.web.FilterChainProxy$VirtualFilterChain.doFilter(FilterChainProxy.java:380) ~[spring-security-web-7.0.2.jar:7.0.2]
	at org.springframework.security.web.FilterChainProxy.doFilterInternal(FilterChainProxy.java:237) ~[spring-security-web-7.0.2.jar:7.0.2]
	at org.springframework.security.web.FilterChainProxy.doFilter(FilterChainProxy.java:195) ~[spring-security-web-7.0.2.jar:7.0.2]
	at org.springframework.web.filter.CompositeFilter$VirtualFilterChain.doFilter(CompositeFilter.java:113) ~[spring-web-7.0.3.jar:7.0.3]
	at org.springframework.web.filter.ServletRequestPathFilter.doFilter(ServletRequestPathFilter.java:52) ~[spring-web-7.0.3.jar:7.0.3]
	at org.springframework.web.filter.CompositeFilter$VirtualFilterChain.doFilter(CompositeFilter.java:113) ~[spring-web-7.0.3.jar:7.0.3]
	at org.springframework.web.filter.CompositeFilter.doFilter(CompositeFilter.java:74) ~[spring-web-7.0.3.jar:7.0.3]
	at org.springframework.security.config.annotation.web.configuration.WebSecurityConfiguration$CompositeFilterChainProxy.doFilter(WebSecurityConfiguration.java:317) ~[spring-security-config-7.0.2.jar:7.0.2]
	at org.springframework.web.filter.DelegatingFilterProxy.invokeDelegate(DelegatingFilterProxy.java:355) ~[spring-web-7.0.3.jar:7.0.3]
	at org.springframework.web.filter.DelegatingFilterProxy.doFilter(DelegatingFilterProxy.java:272) ~[spring-web-7.0.3.jar:7.0.3]
	at org.apache.catalina.core.ApplicationFilterChain.doFilter(ApplicationFilterChain.java:107) ~[tomcat-embed-core-11.0.15.jar:11.0.15]
	at org.springframework.web.filter.RequestContextFilter.doFilterInternal(RequestContextFilter.java:100) ~[spring-web-7.0.3.jar:7.0.3]
	at org.springframework.web.filter.OncePerRequestFilter.doFilter(OncePerRequestFilter.java:116) ~[spring-web-7.0.3.jar:7.0.3]
	at org.apache.catalina.core.ApplicationFilterChain.doFilter(ApplicationFilterChain.java:107) ~[tomcat-embed-core-11.0.15.jar:11.0.15]
	at org.springframework.web.filter.FormContentFilter.doFilterInternal(FormContentFilter.java:93) ~[spring-web-7.0.3.jar:7.0.3]
	at org.springframework.web.filter.OncePerRequestFilter.doFilter(OncePerRequestFilter.java:116) ~[spring-web-7.0.3.jar:7.0.3]
	at org.apache.catalina.core.ApplicationFilterChain.doFilter(ApplicationFilterChain.java:107) ~[tomcat-embed-core-11.0.15.jar:11.0.15]
	at org.springframework.web.filter.CharacterEncodingFilter.doFilterInternal(CharacterEncodingFilter.java:199) ~[spring-web-7.0.3.jar:7.0.3]
	at org.springframework.web.filter.OncePerRequestFilter.doFilter(OncePerRequestFilter.java:116) ~[spring-web-7.0.3.jar:7.0.3]
	at org.apache.catalina.core.ApplicationFilterChain.doFilter(ApplicationFilterChain.java:107) ~[tomcat-embed-core-11.0.15.jar:11.0.15]
	at org.apache.catalina.core.StandardWrapperValve.invoke(StandardWrapperValve.java:165) ~[tomcat-embed-core-11.0.15.jar:11.0.15]
	at org.apache.catalina.core.StandardContextValve.invoke(StandardContextValve.java:77) ~[tomcat-embed-core-11.0.15.jar:11.0.15]
	at org.apache.catalina.authenticator.AuthenticatorBase.invoke(AuthenticatorBase.java:482) ~[tomcat-embed-core-11.0.15.jar:11.0.15]
	at org.apache.catalina.core.StandardHostValve.invoke(StandardHostValve.java:113) ~[tomcat-embed-core-11.0.15.jar:11.0.15]
	at org.apache.catalina.valves.ErrorReportValve.invoke(ErrorReportValve.java:83) ~[tomcat-embed-core-11.0.15.jar:11.0.15]
	at org.apache.catalina.core.StandardEngineValve.invoke(StandardEngineValve.java:72) ~[tomcat-embed-core-11.0.15.jar:11.0.15]
	at org.apache.catalina.connector.CoyoteAdapter.service(CoyoteAdapter.java:341) ~[tomcat-embed-core-11.0.15.jar:11.0.15]
	at org.apache.coyote.http11.Http11Processor.service(Http11Processor.java:397) ~[tomcat-embed-core-11.0.15.jar:11.0.15]
	at org.apache.coyote.AbstractProcessorLight.process(AbstractProcessorLight.java:63) ~[tomcat-embed-core-11.0.15.jar:11.0.15]
	at org.apache.coyote.AbstractProtocol$ConnectionHandler.process(AbstractProtocol.java:903) ~[tomcat-embed-core-11.0.15.jar:11.0.15]
	at org.apache.tomcat.util.net.NioEndpoint$SocketProcessor.doRun(NioEndpoint.java:1778) ~[tomcat-embed-core-11.0.15.jar:11.0.15]
	at org.apache.tomcat.util.net.SocketProcessorBase.run(SocketProcessorBase.java:52) ~[tomcat-embed-core-11.0.15.jar:11.0.15]
	at org.apache.tomcat.util.threads.ThreadPoolExecutor.runWorker(ThreadPoolExecutor.java:946) ~[tomcat-embed-core-11.0.15.jar:11.0.15]
	at org.apache.tomcat.util.threads.ThreadPoolExecutor$Worker.run(ThreadPoolExecutor.java:480) ~[tomcat-embed-core-11.0.15.jar:11.0.15]
	at org.apache.tomcat.util.threads.TaskThread$WrappingRunnable.run(TaskThread.java:57) ~[tomcat-embed-core-11.0.15.jar:11.0.15]
	at java.base/java.lang.Thread.run(Thread.java:842) ~[na:na]

2026-04-15T19:14:01.673+01:00 DEBUG 13592 --- [gestionUser] [nio-8081-exec-4] o.s.s.w.a.AnonymousAuthenticationFilter  : Set SecurityContextHolder to anonymous SecurityContext
2026-04-15T19:14:01.673+01:00 DEBUG 13592 --- [gestionUser] [nio-8081-exec-5] o.s.s.w.a.AnonymousAuthenticationFilter  : Set SecurityContextHolder to anonymous SecurityContext
2026-04-15T19:14:01.678+01:00 DEBUG 13592 --- [gestionUser] [nio-8081-exec-5] o.s.s.w.a.Http403ForbiddenEntryPoint     : Pre-authenticated entry point called. Rejecting access
2026-04-15T19:14:01.678+01:00 DEBUG 13592 --- [gestionUser] [nio-8081-exec-4] o.s.s.w.a.Http403ForbiddenEntryPoint     : Pre-authenticated entry point called. Rejecting access
2026-04-15T19:14:01.692+01:00 DEBUG 13592 --- [gestionUser] [nio-8081-exec-4] o.s.security.web.FilterChainProxy        : Securing GET /error
2026-04-15T19:14:01.692+01:00 DEBUG 13592 --- [gestionUser] [nio-8081-exec-5] o.s.security.web.FilterChainProxy        : Securing GET /error
2026-04-15T19:14:01.692+01:00 DEBUG 13592 --- [gestionUser] [nio-8081-exec-4] o.s.s.w.a.AnonymousAuthenticationFilter  : Set SecurityContextHolder to anonymous SecurityContext
2026-04-15T19:14:01.699+01:00 DEBUG 13592 --- [gestionUser] [nio-8081-exec-5] o.s.s.w.a.AnonymousAuthenticationFilter  : Set SecurityContextHolder to anonymous SecurityContext
2026-04-15T19:14:01.699+01:00 DEBUG 13592 --- [gestionUser] [nio-8081-exec-4] o.s.s.w.a.Http403ForbiddenEntryPoint     : Pre-authenticated entry point called. Rejecting access
2026-04-15T19:14:01.699+01:00 DEBUG 13592 --- [gestionUser] [nio-8081-exec-5] o.s.s.w.a.Http403ForbiddenEntryPoint     : Pre-authenticated entry point called. Rejecting access
2026-04-15T19:17:20.860+01:00 DEBUG 13592 --- [gestionUser] [nio-8081-exec-8] o.s.security.web.FilterChainProxy        : Securing OPTIONS /api/stations
2026-04-15T19:17:20.866+01:00 DEBUG 13592 --- [gestionUser] [nio-8081-exec-7] o.s.security.web.FilterChainProxy        : Securing OPTIONS /api/profile/me
2026-04-15T19:17:20.927+01:00 DEBUG 13592 --- [gestionUser] [nio-8081-exec-3] o.s.security.web.FilterChainProxy        : Securing GET /api/stations
2026-04-15T19:17:20.936+01:00 DEBUG 13592 --- [gestionUser] [io-8081-exec-10] o.s.security.web.FilterChainProxy        : Securing GET /api/profile/me
2026-04-15T19:17:20.941+01:00  INFO 13592 --- [gestionUser] [nio-8081-exec-3] t.e.s.baladna.user.security.JwtFilter    : Request to: /api/stations - Auth header: present
2026-04-15T19:17:20.942+01:00  INFO 13592 --- [gestionUser] [io-8081-exec-10] t.e.s.baladna.user.security.JwtFilter    : Request to: /api/profile/me - Auth header: present
2026-04-15T19:17:20.946+01:00  INFO 13592 --- [gestionUser] [nio-8081-exec-3] t.e.s.baladna.user.security.JwtFilter    : Token extracted (length: 167)
2026-04-15T19:17:20.947+01:00  INFO 13592 --- [gestionUser] [io-8081-exec-10] t.e.s.baladna.user.security.JwtFilter    : Token extracted (length: 167)
2026-04-15T19:17:20.959+01:00 ERROR 13592 --- [gestionUser] [io-8081-exec-10] t.e.s.baladna.user.security.JwtFilter    : JWT Authentication failed: JWT signature does not match locally computed signature. JWT validity cannot be asserted and should not be trusted.
2026-04-15T19:17:20.964+01:00 ERROR 13592 --- [gestionUser] [nio-8081-exec-3] t.e.s.baladna.user.security.JwtFilter    : JWT Authentication failed: JWT signature does not match locally computed signature. JWT validity cannot be asserted and should not be trusted.
2026-04-15T19:17:20.963+01:00 ERROR 13592 --- [gestionUser] [io-8081-exec-10] t.e.s.baladna.user.security.JwtFilter    : Full exception: 

io.jsonwebtoken.security.SignatureException: JWT signature does not match locally computed signature. JWT validity cannot be asserted and should not be trusted.
	at io.jsonwebtoken.impl.DefaultJwtParser.parse(DefaultJwtParser.java:399) ~[jjwt-impl-0.11.5.jar:0.11.5]
	at io.jsonwebtoken.impl.DefaultJwtParser.parse(DefaultJwtParser.java:529) ~[jjwt-impl-0.11.5.jar:0.11.5]
	at io.jsonwebtoken.impl.DefaultJwtParser.parseClaimsJws(DefaultJwtParser.java:589) ~[jjwt-impl-0.11.5.jar:0.11.5]
	at tn.esprit.spring.baladna.user.service.JwtService.extractEmail(JwtService.java:32) ~[classes/:na]
	at tn.esprit.spring.baladna.user.security.JwtFilter.doFilterInternal(JwtFilter.java:57) ~[classes/:na]
	at org.springframework.web.filter.OncePerRequestFilter.doFilter(OncePerRequestFilter.java:116) ~[spring-web-7.0.3.jar:7.0.3]
	at org.springframework.security.web.FilterChainProxy$VirtualFilterChain.doFilter(FilterChainProxy.java:380) ~[spring-security-web-7.0.2.jar:7.0.2]
	at org.springframework.security.web.authentication.logout.LogoutFilter.doFilter(LogoutFilter.java:110) ~[spring-security-web-7.0.2.jar:7.0.2]
	at org.springframework.security.web.authentication.logout.LogoutFilter.doFilter(LogoutFilter.java:96) ~[spring-security-web-7.0.2.jar:7.0.2]
	at org.springframework.security.web.FilterChainProxy$VirtualFilterChain.doFilter(FilterChainProxy.java:380) ~[spring-security-web-7.0.2.jar:7.0.2]
	at org.springframework.web.filter.CorsFilter.doFilterInternal(CorsFilter.java:91) ~[spring-web-7.0.3.jar:7.0.3]
	at org.springframework.web.filter.OncePerRequestFilter.doFilter(OncePerRequestFilter.java:116) ~[spring-web-7.0.3.jar:7.0.3]
	at org.springframework.security.web.FilterChainProxy$VirtualFilterChain.doFilter(FilterChainProxy.java:380) ~[spring-security-web-7.0.2.jar:7.0.2]
	at org.springframework.security.web.header.HeaderWriterFilter.doHeadersAfter(HeaderWriterFilter.java:90) ~[spring-security-web-7.0.2.jar:7.0.2]
	at org.springframework.security.web.header.HeaderWriterFilter.doFilterInternal(HeaderWriterFilter.java:75) ~[spring-security-web-7.0.2.jar:7.0.2]
	at org.springframework.web.filter.OncePerRequestFilter.doFilter(OncePerRequestFilter.java:116) ~[spring-web-7.0.3.jar:7.0.3]
	at org.springframework.security.web.FilterChainProxy$VirtualFilterChain.doFilter(FilterChainProxy.java:380) ~[spring-security-web-7.0.2.jar:7.0.2]
	at org.springframework.security.web.context.SecurityContextHolderFilter.doFilter(SecurityContextHolderFilter.java:82) ~[spring-security-web-7.0.2.jar:7.0.2]
	at org.springframework.security.web.context.SecurityContextHolderFilter.doFilter(SecurityContextHolderFilter.java:69) ~[spring-security-web-7.0.2.jar:7.0.2]
	at org.springframework.security.web.FilterChainProxy$VirtualFilterChain.doFilter(FilterChainProxy.java:380) ~[spring-security-web-7.0.2.jar:7.0.2]
	at org.springframework.security.web.context.request.async.WebAsyncManagerIntegrationFilter.doFilterInternal(WebAsyncManagerIntegrationFilter.java:62) ~[spring-security-web-7.0.2.jar:7.0.2]
	at org.springframework.web.filter.OncePerRequestFilter.doFilter(OncePerRequestFilter.java:116) ~[spring-web-7.0.3.jar:7.0.3]
	at org.springframework.security.web.FilterChainProxy$VirtualFilterChain.doFilter(FilterChainProxy.java:380) ~[spring-security-web-7.0.2.jar:7.0.2]
	at org.springframework.security.web.session.DisableEncodeUrlFilter.doFilterInternal(DisableEncodeUrlFilter.java:42) ~[spring-security-web-7.0.2.jar:7.0.2]
	at org.springframework.web.filter.OncePerRequestFilter.doFilter(OncePerRequestFilter.java:116) ~[spring-web-7.0.3.jar:7.0.3]
	at org.springframework.security.web.FilterChainProxy$VirtualFilterChain.doFilter(FilterChainProxy.java:380) ~[spring-security-web-7.0.2.jar:7.0.2]
	at org.springframework.security.web.FilterChainProxy.doFilterInternal(FilterChainProxy.java:237) ~[spring-security-web-7.0.2.jar:7.0.2]
	at org.springframework.security.web.FilterChainProxy.doFilter(FilterChainProxy.java:195) ~[spring-security-web-7.0.2.jar:7.0.2]
	at org.springframework.web.filter.CompositeFilter$VirtualFilterChain.doFilter(CompositeFilter.java:113) ~[spring-web-7.0.3.jar:7.0.3]
	at org.springframework.web.filter.ServletRequestPathFilter.doFilter(ServletRequestPathFilter.java:52) ~[spring-web-7.0.3.jar:7.0.3]
	at org.springframework.web.filter.CompositeFilter$VirtualFilterChain.doFilter(CompositeFilter.java:113) ~[spring-web-7.0.3.jar:7.0.3]
	at org.springframework.web.filter.CompositeFilter.doFilter(CompositeFilter.java:74) ~[spring-web-7.0.3.jar:7.0.3]
	at org.springframework.security.config.annotation.web.configuration.WebSecurityConfiguration$CompositeFilterChainProxy.doFilter(WebSecurityConfiguration.java:317) ~[spring-security-config-7.0.2.jar:7.0.2]
	at org.springframework.web.filter.DelegatingFilterProxy.invokeDelegate(DelegatingFilterProxy.java:355) ~[spring-web-7.0.3.jar:7.0.3]
	at org.springframework.web.filter.DelegatingFilterProxy.doFilter(DelegatingFilterProxy.java:272) ~[spring-web-7.0.3.jar:7.0.3]
	at org.apache.catalina.core.ApplicationFilterChain.doFilter(ApplicationFilterChain.java:107) ~[tomcat-embed-core-11.0.15.jar:11.0.15]
	at org.springframework.web.filter.RequestContextFilter.doFilterInternal(RequestContextFilter.java:100) ~[spring-web-7.0.3.jar:7.0.3]
	at org.springframework.web.filter.OncePerRequestFilter.doFilter(OncePerRequestFilter.java:116) ~[spring-web-7.0.3.jar:7.0.3]
	at org.apache.catalina.core.ApplicationFilterChain.doFilter(ApplicationFilterChain.java:107) ~[tomcat-embed-core-11.0.15.jar:11.0.15]
	at org.springframework.web.filter.FormContentFilter.doFilterInternal(FormContentFilter.java:93) ~[spring-web-7.0.3.jar:7.0.3]
	at org.springframework.web.filter.OncePerRequestFilter.doFilter(OncePerRequestFilter.java:116) ~[spring-web-7.0.3.jar:7.0.3]
	at org.apache.catalina.core.ApplicationFilterChain.doFilter(ApplicationFilterChain.java:107) ~[tomcat-embed-core-11.0.15.jar:11.0.15]
	at org.springframework.web.filter.CharacterEncodingFilter.doFilterInternal(CharacterEncodingFilter.java:199) ~[spring-web-7.0.3.jar:7.0.3]
	at org.springframework.web.filter.OncePerRequestFilter.doFilter(OncePerRequestFilter.java:116) ~[spring-web-7.0.3.jar:7.0.3]
	at org.apache.catalina.core.ApplicationFilterChain.doFilter(ApplicationFilterChain.java:107) ~[tomcat-embed-core-11.0.15.jar:11.0.15]
	at org.apache.catalina.core.StandardWrapperValve.invoke(StandardWrapperValve.java:165) ~[tomcat-embed-core-11.0.15.jar:11.0.15]
	at org.apache.catalina.core.StandardContextValve.invoke(StandardContextValve.java:77) ~[tomcat-embed-core-11.0.15.jar:11.0.15]
	at org.apache.catalina.authenticator.AuthenticatorBase.invoke(AuthenticatorBase.java:482) ~[tomcat-embed-core-11.0.15.jar:11.0.15]
	at org.apache.catalina.core.StandardHostValve.invoke(StandardHostValve.java:113) ~[tomcat-embed-core-11.0.15.jar:11.0.15]
	at org.apache.catalina.valves.ErrorReportValve.invoke(ErrorReportValve.java:83) ~[tomcat-embed-core-11.0.15.jar:11.0.15]
	at org.apache.catalina.core.StandardEngineValve.invoke(StandardEngineValve.java:72) ~[tomcat-embed-core-11.0.15.jar:11.0.15]
	at org.apache.catalina.connector.CoyoteAdapter.service(CoyoteAdapter.java:341) ~[tomcat-embed-core-11.0.15.jar:11.0.15]
	at org.apache.coyote.http11.Http11Processor.service(Http11Processor.java:397) ~[tomcat-embed-core-11.0.15.jar:11.0.15]
	at org.apache.coyote.AbstractProcessorLight.process(AbstractProcessorLight.java:63) ~[tomcat-embed-core-11.0.15.jar:11.0.15]
	at org.apache.coyote.AbstractProtocol$ConnectionHandler.process(AbstractProtocol.java:903) ~[tomcat-embed-core-11.0.15.jar:11.0.15]
	at org.apache.tomcat.util.net.NioEndpoint$SocketProcessor.doRun(NioEndpoint.java:1778) ~[tomcat-embed-core-11.0.15.jar:11.0.15]
	at org.apache.tomcat.util.net.SocketProcessorBase.run(SocketProcessorBase.java:52) ~[tomcat-embed-core-11.0.15.jar:11.0.15]
	at org.apache.tomcat.util.threads.ThreadPoolExecutor.runWorker(ThreadPoolExecutor.java:946) ~[tomcat-embed-core-11.0.15.jar:11.0.15]
	at org.apache.tomcat.util.threads.ThreadPoolExecutor$Worker.run(ThreadPoolExecutor.java:480) ~[tomcat-embed-core-11.0.15.jar:11.0.15]
	at org.apache.tomcat.util.threads.TaskThread$WrappingRunnable.run(TaskThread.java:57) ~[tomcat-embed-core-11.0.15.jar:11.0.15]
	at java.base/java.lang.Thread.run(Thread.java:842) ~[na:na]

2026-04-15T19:17:20.971+01:00 DEBUG 13592 --- [gestionUser] [io-8081-exec-10] o.s.s.w.a.AnonymousAuthenticationFilter  : Set SecurityContextHolder to anonymous SecurityContext
2026-04-15T19:17:20.967+01:00 ERROR 13592 --- [gestionUser] [nio-8081-exec-3] t.e.s.baladna.user.security.JwtFilter    : Full exception: 

io.jsonwebtoken.security.SignatureException: JWT signature does not match locally computed signature. JWT validity cannot be asserted and should not be trusted.
	at io.jsonwebtoken.impl.DefaultJwtParser.parse(DefaultJwtParser.java:399) ~[jjwt-impl-0.11.5.jar:0.11.5]
	at io.jsonwebtoken.impl.DefaultJwtParser.parse(DefaultJwtParser.java:529) ~[jjwt-impl-0.11.5.jar:0.11.5]
	at io.jsonwebtoken.impl.DefaultJwtParser.parseClaimsJws(DefaultJwtParser.java:589) ~[jjwt-impl-0.11.5.jar:0.11.5]
	at tn.esprit.spring.baladna.user.service.JwtService.extractEmail(JwtService.java:32) ~[classes/:na]
	at tn.esprit.spring.baladna.user.security.JwtFilter.doFilterInternal(JwtFilter.java:57) ~[classes/:na]
	at org.springframework.web.filter.OncePerRequestFilter.doFilter(OncePerRequestFilter.java:116) ~[spring-web-7.0.3.jar:7.0.3]
	at org.springframework.security.web.FilterChainProxy$VirtualFilterChain.doFilter(FilterChainProxy.java:380) ~[spring-security-web-7.0.2.jar:7.0.2]
	at org.springframework.security.web.authentication.logout.LogoutFilter.doFilter(LogoutFilter.java:110) ~[spring-security-web-7.0.2.jar:7.0.2]
	at org.springframework.security.web.authentication.logout.LogoutFilter.doFilter(LogoutFilter.java:96) ~[spring-security-web-7.0.2.jar:7.0.2]
	at org.springframework.security.web.FilterChainProxy$VirtualFilterChain.doFilter(FilterChainProxy.java:380) ~[spring-security-web-7.0.2.jar:7.0.2]
	at org.springframework.web.filter.CorsFilter.doFilterInternal(CorsFilter.java:91) ~[spring-web-7.0.3.jar:7.0.3]
	at org.springframework.web.filter.OncePerRequestFilter.doFilter(OncePerRequestFilter.java:116) ~[spring-web-7.0.3.jar:7.0.3]
	at org.springframework.security.web.FilterChainProxy$VirtualFilterChain.doFilter(FilterChainProxy.java:380) ~[spring-security-web-7.0.2.jar:7.0.2]
	at org.springframework.security.web.header.HeaderWriterFilter.doHeadersAfter(HeaderWriterFilter.java:90) ~[spring-security-web-7.0.2.jar:7.0.2]
	at org.springframework.security.web.header.HeaderWriterFilter.doFilterInternal(HeaderWriterFilter.java:75) ~[spring-security-web-7.0.2.jar:7.0.2]
	at org.springframework.web.filter.OncePerRequestFilter.doFilter(OncePerRequestFilter.java:116) ~[spring-web-7.0.3.jar:7.0.3]
	at org.springframework.security.web.FilterChainProxy$VirtualFilterChain.doFilter(FilterChainProxy.java:380) ~[spring-security-web-7.0.2.jar:7.0.2]
	at org.springframework.security.web.context.SecurityContextHolderFilter.doFilter(SecurityContextHolderFilter.java:82) ~[spring-security-web-7.0.2.jar:7.0.2]
	at org.springframework.security.web.context.SecurityContextHolderFilter.doFilter(SecurityContextHolderFilter.java:69) ~[spring-security-web-7.0.2.jar:7.0.2]
	at org.springframework.security.web.FilterChainProxy$VirtualFilterChain.doFilter(FilterChainProxy.java:380) ~[spring-security-web-7.0.2.jar:7.0.2]
	at org.springframework.security.web.context.request.async.WebAsyncManagerIntegrationFilter.doFilterInternal(WebAsyncManagerIntegrationFilter.java:62) ~[spring-security-web-7.0.2.jar:7.0.2]
	at org.springframework.web.filter.OncePerRequestFilter.doFilter(OncePerRequestFilter.java:116) ~[spring-web-7.0.3.jar:7.0.3]
	at org.springframework.security.web.FilterChainProxy$VirtualFilterChain.doFilter(FilterChainProxy.java:380) ~[spring-security-web-7.0.2.jar:7.0.2]
	at org.springframework.security.web.session.DisableEncodeUrlFilter.doFilterInternal(DisableEncodeUrlFilter.java:42) ~[spring-security-web-7.0.2.jar:7.0.2]
	at org.springframework.web.filter.OncePerRequestFilter.doFilter(OncePerRequestFilter.java:116) ~[spring-web-7.0.3.jar:7.0.3]
	at org.springframework.security.web.FilterChainProxy$VirtualFilterChain.doFilter(FilterChainProxy.java:380) ~[spring-security-web-7.0.2.jar:7.0.2]
	at org.springframework.security.web.FilterChainProxy.doFilterInternal(FilterChainProxy.java:237) ~[spring-security-web-7.0.2.jar:7.0.2]
	at org.springframework.security.web.FilterChainProxy.doFilter(FilterChainProxy.java:195) ~[spring-security-web-7.0.2.jar:7.0.2]
	at org.springframework.web.filter.CompositeFilter$VirtualFilterChain.doFilter(CompositeFilter.java:113) ~[spring-web-7.0.3.jar:7.0.3]
	at org.springframework.web.filter.ServletRequestPathFilter.doFilter(ServletRequestPathFilter.java:52) ~[spring-web-7.0.3.jar:7.0.3]
	at org.springframework.web.filter.CompositeFilter$VirtualFilterChain.doFilter(CompositeFilter.java:113) ~[spring-web-7.0.3.jar:7.0.3]
	at org.springframework.web.filter.CompositeFilter.doFilter(CompositeFilter.java:74) ~[spring-web-7.0.3.jar:7.0.3]
	at org.springframework.security.config.annotation.web.configuration.WebSecurityConfiguration$CompositeFilterChainProxy.doFilter(WebSecurityConfiguration.java:317) ~[spring-security-config-7.0.2.jar:7.0.2]
	at org.springframework.web.filter.DelegatingFilterProxy.invokeDelegate(DelegatingFilterProxy.java:355) ~[spring-web-7.0.3.jar:7.0.3]
	at org.springframework.web.filter.DelegatingFilterProxy.doFilter(DelegatingFilterProxy.java:272) ~[spring-web-7.0.3.jar:7.0.3]
	at org.apache.catalina.core.ApplicationFilterChain.doFilter(ApplicationFilterChain.java:107) ~[tomcat-embed-core-11.0.15.jar:11.0.15]
	at org.springframework.web.filter.RequestContextFilter.doFilterInternal(RequestContextFilter.java:100) ~[spring-web-7.0.3.jar:7.0.3]
	at org.springframework.web.filter.OncePerRequestFilter.doFilter(OncePerRequestFilter.java:116) ~[spring-web-7.0.3.jar:7.0.3]
	at org.apache.catalina.core.ApplicationFilterChain.doFilter(ApplicationFilterChain.java:107) ~[tomcat-embed-core-11.0.15.jar:11.0.15]
	at org.springframework.web.filter.FormContentFilter.doFilterInternal(FormContentFilter.java:93) ~[spring-web-7.0.3.jar:7.0.3]
	at org.springframework.web.filter.OncePerRequestFilter.doFilter(OncePerRequestFilter.java:116) ~[spring-web-7.0.3.jar:7.0.3]
	at org.apache.catalina.core.ApplicationFilterChain.doFilter(ApplicationFilterChain.java:107) ~[tomcat-embed-core-11.0.15.jar:11.0.15]
	at org.springframework.web.filter.CharacterEncodingFilter.doFilterInternal(CharacterEncodingFilter.java:199) ~[spring-web-7.0.3.jar:7.0.3]
	at org.springframework.web.filter.OncePerRequestFilter.doFilter(OncePerRequestFilter.java:116) ~[spring-web-7.0.3.jar:7.0.3]
	at org.apache.catalina.core.ApplicationFilterChain.doFilter(ApplicationFilterChain.java:107) ~[tomcat-embed-core-11.0.15.jar:11.0.15]
	at org.apache.catalina.core.StandardWrapperValve.invoke(StandardWrapperValve.java:165) ~[tomcat-embed-core-11.0.15.jar:11.0.15]
	at org.apache.catalina.core.StandardContextValve.invoke(StandardContextValve.java:77) ~[tomcat-embed-core-11.0.15.jar:11.0.15]
	at org.apache.catalina.authenticator.AuthenticatorBase.invoke(AuthenticatorBase.java:482) ~[tomcat-embed-core-11.0.15.jar:11.0.15]
	at org.apache.catalina.core.StandardHostValve.invoke(StandardHostValve.java:113) ~[tomcat-embed-core-11.0.15.jar:11.0.15]
	at org.apache.catalina.valves.ErrorReportValve.invoke(ErrorReportValve.java:83) ~[tomcat-embed-core-11.0.15.jar:11.0.15]
	at org.apache.catalina.core.StandardEngineValve.invoke(StandardEngineValve.java:72) ~[tomcat-embed-core-11.0.15.jar:11.0.15]
	at org.apache.catalina.connector.CoyoteAdapter.service(CoyoteAdapter.java:341) ~[tomcat-embed-core-11.0.15.jar:11.0.15]
	at org.apache.coyote.http11.Http11Processor.service(Http11Processor.java:397) ~[tomcat-embed-core-11.0.15.jar:11.0.15]
	at org.apache.coyote.AbstractProcessorLight.process(AbstractProcessorLight.java:63) ~[tomcat-embed-core-11.0.15.jar:11.0.15]
	at org.apache.coyote.AbstractProtocol$ConnectionHandler.process(AbstractProtocol.java:903) ~[tomcat-embed-core-11.0.15.jar:11.0.15]
	at org.apache.tomcat.util.net.NioEndpoint$SocketProcessor.doRun(NioEndpoint.java:1778) ~[tomcat-embed-core-11.0.15.jar:11.0.15]
	at org.apache.tomcat.util.net.SocketProcessorBase.run(SocketProcessorBase.java:52) ~[tomcat-embed-core-11.0.15.jar:11.0.15]
	at org.apache.tomcat.util.threads.ThreadPoolExecutor.runWorker(ThreadPoolExecutor.java:946) ~[tomcat-embed-core-11.0.15.jar:11.0.15]
	at org.apache.tomcat.util.threads.ThreadPoolExecutor$Worker.run(ThreadPoolExecutor.java:480) ~[tomcat-embed-core-11.0.15.jar:11.0.15]
	at org.apache.tomcat.util.threads.TaskThread$WrappingRunnable.run(TaskThread.java:57) ~[tomcat-embed-core-11.0.15.jar:11.0.15]
	at java.base/java.lang.Thread.run(Thread.java:842) ~[na:na]

2026-04-15T19:17:20.973+01:00 DEBUG 13592 --- [gestionUser] [io-8081-exec-10] o.s.s.w.a.Http403ForbiddenEntryPoint     : Pre-authenticated entry point called. Rejecting access
2026-04-15T19:17:20.973+01:00 DEBUG 13592 --- [gestionUser] [nio-8081-exec-3] o.s.s.w.a.AnonymousAuthenticationFilter  : Set SecurityContextHolder to anonymous SecurityContext
2026-04-15T19:17:20.974+01:00 DEBUG 13592 --- [gestionUser] [io-8081-exec-10] o.s.security.web.FilterChainProxy        : Securing GET /error
2026-04-15T19:17:20.974+01:00 DEBUG 13592 --- [gestionUser] [nio-8081-exec-3] o.s.s.w.a.Http403ForbiddenEntryPoint     : Pre-authenticated entry point called. Rejecting access
2026-04-15T19:17:20.976+01:00 DEBUG 13592 --- [gestionUser] [io-8081-exec-10] o.s.s.w.a.AnonymousAuthenticationFilter  : Set SecurityContextHolder to anonymous SecurityContext
2026-04-15T19:17:20.978+01:00 DEBUG 13592 --- [gestionUser] [nio-8081-exec-3] o.s.security.web.FilterChainProxy        : Securing GET /error
2026-04-15T19:17:20.979+01:00 DEBUG 13592 --- [gestionUser] [io-8081-exec-10] o.s.s.w.a.Http403ForbiddenEntryPoint     : Pre-authenticated entry point called. Rejecting access
2026-04-15T19:17:20.980+01:00 DEBUG 13592 --- [gestionUser] [nio-8081-exec-3] o.s.s.w.a.AnonymousAuthenticationFilter  : Set SecurityContextHolder to anonymous SecurityContext
2026-04-15T19:17:20.980+01:00 DEBUG 13592 --- [gestionUser] [nio-8081-exec-3] o.s.s.w.a.Http403ForbiddenEntryPoint     : Pre-authenticated entry point called. Rejecting access
2026-04-15T19:17:24.143+01:00 DEBUG 13592 --- [gestionUser] [nio-8081-exec-2] o.s.security.web.FilterChainProxy        : Securing OPTIONS /api/auth/logout
2026-04-15T19:17:24.209+01:00 DEBUG 13592 --- [gestionUser] [nio-8081-exec-2] o.s.security.web.FilterChainProxy        : Securing POST /api/auth/logout
2026-04-15T19:17:24.227+01:00 DEBUG 13592 --- [gestionUser] [nio-8081-exec-2] o.s.s.w.a.AnonymousAuthenticationFilter  : Set SecurityContextHolder to anonymous SecurityContext
2026-04-15T19:17:24.347+01:00 DEBUG 13592 --- [gestionUser] [nio-8081-exec-2] o.s.security.web.FilterChainProxy        : Secured POST /api/auth/logout
2026-04-15T19:17:24.366+01:00 DEBUG 13592 --- [gestionUser] [nio-8081-exec-2] o.s.web.servlet.DispatcherServlet        : POST "/api/auth/logout", parameters={}
2026-04-15T19:17:24.399+01:00 DEBUG 13592 --- [gestionUser] [nio-8081-exec-2] s.w.s.m.m.a.RequestMappingHandlerMapping : Mapped to tn.esprit.spring.baladna.user.controller.AuthController#logout(RefreshRequest)
2026-04-15T19:17:24.821+01:00 DEBUG 13592 --- [gestionUser] [nio-8081-exec-2] m.m.a.RequestResponseBodyMethodProcessor : Read "application/json;charset=UTF-8" to [RefreshRequest(refreshToken=4f2f4524-2a6a-42c2-b15c-d13edf6c5cd8)]
2026-04-15T19:17:25.118+01:00 DEBUG 13592 --- [gestionUser] [nio-8081-exec-2] org.hibernate.SQL                        : select s1_0.id,s1_0.expires_at,s1_0.token,s1_0.user_id from session s1_0 where s1_0.token=?
Hibernate: select s1_0.id,s1_0.expires_at,s1_0.token,s1_0.user_id from session s1_0 where s1_0.token=?
2026-04-15T19:17:25.206+01:00 DEBUG 13592 --- [gestionUser] [nio-8081-exec-2] org.hibernate.SQL                        : select u1_0.id,u1_0.email,u1_0.first_name,u1_0.last_login,u1_0.last_name,u1_0.password,u1_0.preferred_language,u1_0.profile_photo,u1_0.role,u1_0.status from user u1_0 where u1_0.id=?
Hibernate: select u1_0.id,u1_0.email,u1_0.first_name,u1_0.last_login,u1_0.last_name,u1_0.password,u1_0.preferred_language,u1_0.profile_photo,u1_0.role,u1_0.status from user u1_0 where u1_0.id=?
2026-04-15T19:17:25.379+01:00 DEBUG 13592 --- [gestionUser] [nio-8081-exec-2] org.hibernate.SQL                        : insert into activity_log (action,timestamp,user_id,id) values (?,?,?,?)
Hibernate: insert into activity_log (action,timestamp,user_id,id) values (?,?,?,?)
2026-04-15T19:17:25.424+01:00 DEBUG 13592 --- [gestionUser] [nio-8081-exec-2] org.hibernate.SQL                        : delete from session where id=?
Hibernate: delete from session where id=?
2026-04-15T19:17:25.459+01:00 DEBUG 13592 --- [gestionUser] [nio-8081-exec-2] o.s.w.s.m.m.a.HttpEntityMethodProcessor  : Using 'application/json', given [application/json, text/plain, */*] and supported [text/plain, */*, application/json, application/*+json, application/yaml]
2026-04-15T19:17:25.464+01:00 DEBUG 13592 --- [gestionUser] [nio-8081-exec-2] o.s.w.s.m.m.a.HttpEntityMethodProcessor  : Writing ["Déconnecté avec succès"]
2026-04-15T19:17:25.477+01:00 DEBUG 13592 --- [gestionUser] [nio-8081-exec-2] o.s.web.servlet.DispatcherServlet        : Completed 200 OK
2026-04-15T19:17:59.352+01:00 DEBUG 13592 --- [gestionUser] [nio-8081-exec-1] o.s.security.web.FilterChainProxy        : Securing OPTIONS /api/auth/login
2026-04-15T19:17:59.364+01:00 DEBUG 13592 --- [gestionUser] [nio-8081-exec-4] o.s.security.web.FilterChainProxy        : Securing POST /api/auth/login
2026-04-15T19:17:59.366+01:00 DEBUG 13592 --- [gestionUser] [nio-8081-exec-4] o.s.s.w.a.AnonymousAuthenticationFilter  : Set SecurityContextHolder to anonymous SecurityContext
2026-04-15T19:17:59.368+01:00 DEBUG 13592 --- [gestionUser] [nio-8081-exec-4] o.s.security.web.FilterChainProxy        : Secured POST /api/auth/login
2026-04-15T19:17:59.368+01:00 DEBUG 13592 --- [gestionUser] [nio-8081-exec-4] o.s.web.servlet.DispatcherServlet        : POST "/api/auth/login", parameters={}
2026-04-15T19:17:59.370+01:00 DEBUG 13592 --- [gestionUser] [nio-8081-exec-4] s.w.s.m.m.a.RequestMappingHandlerMapping : Mapped to tn.esprit.spring.baladna.user.controller.AuthController#login(LoginRequest)
2026-04-15T19:17:59.377+01:00 DEBUG 13592 --- [gestionUser] [nio-8081-exec-4] m.m.a.RequestResponseBodyMethodProcessor : Read "application/json;charset=UTF-8" to [LoginRequest(email=ahmedm12@gmail.com, password=ahmedm12)]
2026-04-15T19:17:59.380+01:00 DEBUG 13592 --- [gestionUser] [nio-8081-exec-4] org.hibernate.SQL                        : select u1_0.id,u1_0.email,u1_0.first_name,u1_0.last_login,u1_0.last_name,u1_0.password,u1_0.preferred_language,u1_0.profile_photo,u1_0.role,u1_0.status from user u1_0 where u1_0.email=?
Hibernate: select u1_0.id,u1_0.email,u1_0.first_name,u1_0.last_login,u1_0.last_name,u1_0.password,u1_0.preferred_language,u1_0.profile_photo,u1_0.role,u1_0.status from user u1_0 where u1_0.email=?
2026-04-15T19:17:59.651+01:00 DEBUG 13592 --- [gestionUser] [nio-8081-exec-4] org.hibernate.SQL                        : insert into activity_log (action,timestamp,user_id,id) values (?,?,?,?)
Hibernate: insert into activity_log (action,timestamp,user_id,id) values (?,?,?,?)
2026-04-15T19:17:59.766+01:00 DEBUG 13592 --- [gestionUser] [nio-8081-exec-4] org.hibernate.SQL                        : insert into session (expires_at,token,user_id,id) values (?,?,?,?)
Hibernate: insert into session (expires_at,token,user_id,id) values (?,?,?,?)
2026-04-15T19:17:59.830+01:00 DEBUG 13592 --- [gestionUser] [nio-8081-exec-4] o.s.w.s.m.m.a.HttpEntityMethodProcessor  : Using 'application/json', given [application/json, text/plain, */*] and supported [application/json, application/*+json, application/yaml]
2026-04-15T19:17:59.830+01:00 DEBUG 13592 --- [gestionUser] [nio-8081-exec-4] o.s.w.s.m.m.a.HttpEntityMethodProcessor  : Writing [AuthResponse(accessToken=eyJhbGciOiJIUzI1NiJ9.eyJzdWIiOiJhaG1lZG0xMkBnbWFpbC5jb20iLCJyb2xlIjoiSE9TVC (truncated)...]
2026-04-15T19:17:59.917+01:00 DEBUG 13592 --- [gestionUser] [nio-8081-exec-4] o.s.web.servlet.DispatcherServlet        : Completed 200 OK
2026-04-15T19:18:00.075+01:00 DEBUG 13592 --- [gestionUser] [nio-8081-exec-7] o.s.security.web.FilterChainProxy        : Securing OPTIONS /api/reservations
2026-04-15T19:18:00.078+01:00 DEBUG 13592 --- [gestionUser] [nio-8081-exec-5] o.s.security.web.FilterChainProxy        : Securing OPTIONS /api/profile/me
2026-04-15T19:18:00.080+01:00 DEBUG 13592 --- [gestionUser] [nio-8081-exec-8] o.s.security.web.FilterChainProxy        : Securing OPTIONS /api/transports
2026-04-15T19:18:00.084+01:00 DEBUG 13592 --- [gestionUser] [nio-8081-exec-9] o.s.security.web.FilterChainProxy        : Securing OPTIONS /api/stations
2026-04-15T19:18:00.092+01:00 DEBUG 13592 --- [gestionUser] [nio-8081-exec-6] o.s.security.web.FilterChainProxy        : Securing OPTIONS /api/trajets
2026-04-15T19:18:00.131+01:00 DEBUG 13592 --- [gestionUser] [io-8081-exec-10] o.s.security.web.FilterChainProxy        : Securing GET /api/reservations
2026-04-15T19:18:00.148+01:00  INFO 13592 --- [gestionUser] [io-8081-exec-10] t.e.s.baladna.user.security.JwtFilter    : Request to: /api/reservations - Auth header: present
2026-04-15T19:18:00.153+01:00 DEBUG 13592 --- [gestionUser] [nio-8081-exec-3] o.s.security.web.FilterChainProxy        : Securing GET /api/transports
2026-04-15T19:18:00.155+01:00 DEBUG 13592 --- [gestionUser] [nio-8081-exec-5] o.s.security.web.FilterChainProxy        : Securing GET /api/profile/me
2026-04-15T19:18:00.162+01:00 DEBUG 13592 --- [gestionUser] [nio-8081-exec-1] o.s.security.web.FilterChainProxy        : Securing GET /api/trajets
2026-04-15T19:18:00.162+01:00 DEBUG 13592 --- [gestionUser] [nio-8081-exec-2] o.s.security.web.FilterChainProxy        : Securing GET /api/stations
2026-04-15T19:18:00.167+01:00  INFO 13592 --- [gestionUser] [io-8081-exec-10] t.e.s.baladna.user.security.JwtFilter    : Token extracted (length: 167)
2026-04-15T19:18:00.187+01:00  INFO 13592 --- [gestionUser] [nio-8081-exec-2] t.e.s.baladna.user.security.JwtFilter    : Request to: /api/stations - Auth header: present
2026-04-15T19:18:00.189+01:00  INFO 13592 --- [gestionUser] [nio-8081-exec-2] t.e.s.baladna.user.security.JwtFilter    : Token extracted (length: 167)
2026-04-15T19:18:00.177+01:00  INFO 13592 --- [gestionUser] [nio-8081-exec-3] t.e.s.baladna.user.security.JwtFilter    : Request to: /api/transports - Auth header: present
2026-04-15T19:18:00.179+01:00  INFO 13592 --- [gestionUser] [nio-8081-exec-5] t.e.s.baladna.user.security.JwtFilter    : Request to: /api/profile/me - Auth header: present
2026-04-15T19:18:00.196+01:00  INFO 13592 --- [gestionUser] [nio-8081-exec-1] t.e.s.baladna.user.security.JwtFilter    : Request to: /api/trajets - Auth header: present
2026-04-15T19:18:00.198+01:00  INFO 13592 --- [gestionUser] [nio-8081-exec-3] t.e.s.baladna.user.security.JwtFilter    : Token extracted (length: 167)
2026-04-15T19:18:00.199+01:00  INFO 13592 --- [gestionUser] [nio-8081-exec-5] t.e.s.baladna.user.security.JwtFilter    : Token extracted (length: 167)
2026-04-15T19:18:00.199+01:00  INFO 13592 --- [gestionUser] [io-8081-exec-10] t.e.s.baladna.user.security.JwtFilter    : Email extracted from token: ahmedm12@gmail.com
2026-04-15T19:18:00.199+01:00  INFO 13592 --- [gestionUser] [nio-8081-exec-2] t.e.s.baladna.user.security.JwtFilter    : Email extracted from token: ahmedm12@gmail.com
2026-04-15T19:18:00.201+01:00  INFO 13592 --- [gestionUser] [nio-8081-exec-1] t.e.s.baladna.user.security.JwtFilter    : Token extracted (length: 167)
2026-04-15T19:18:00.213+01:00  INFO 13592 --- [gestionUser] [nio-8081-exec-5] t.e.s.baladna.user.security.JwtFilter    : Email extracted from token: ahmedm12@gmail.com
2026-04-15T19:18:00.218+01:00  INFO 13592 --- [gestionUser] [nio-8081-exec-3] t.e.s.baladna.user.security.JwtFilter    : Email extracted from token: ahmedm12@gmail.com
2026-04-15T19:18:00.221+01:00  INFO 13592 --- [gestionUser] [nio-8081-exec-1] t.e.s.baladna.user.security.JwtFilter    : Email extracted from token: ahmedm12@gmail.com
2026-04-15T19:18:00.677+01:00 DEBUG 13592 --- [gestionUser] [io-8081-exec-10] org.hibernate.SQL                        : select u1_0.id,u1_0.email,u1_0.first_name,u1_0.last_login,u1_0.last_name,u1_0.password,u1_0.preferred_language,u1_0.profile_photo,u1_0.role,u1_0.status from user u1_0 where u1_0.email=?
Hibernate: select u1_0.id,u1_0.email,u1_0.first_name,u1_0.last_login,u1_0.last_name,u1_0.password,u1_0.preferred_language,u1_0.profile_photo,u1_0.role,u1_0.status from user u1_0 where u1_0.email=?
2026-04-15T19:18:00.681+01:00 DEBUG 13592 --- [gestionUser] [nio-8081-exec-3] org.hibernate.SQL                        : select u1_0.id,u1_0.email,u1_0.first_name,u1_0.last_login,u1_0.last_name,u1_0.password,u1_0.preferred_language,u1_0.profile_photo,u1_0.role,u1_0.status from user u1_0 where u1_0.email=?
2026-04-15T19:18:00.681+01:00 DEBUG 13592 --- [gestionUser] [nio-8081-exec-5] org.hibernate.SQL                        : select u1_0.id,u1_0.email,u1_0.first_name,u1_0.last_login,u1_0.last_name,u1_0.password,u1_0.preferred_language,u1_0.profile_photo,u1_0.role,u1_0.status from user u1_0 where u1_0.email=?
Hibernate: select u1_0.id,u1_0.email,u1_0.first_name,u1_0.last_login,u1_0.last_name,u1_0.password,u1_0.preferred_language,u1_0.profile_photo,u1_0.role,u1_0.status from user u1_0 where u1_0.email=?
2026-04-15T19:18:00.681+01:00 DEBUG 13592 --- [gestionUser] [nio-8081-exec-1] org.hibernate.SQL                        : select u1_0.id,u1_0.email,u1_0.first_name,u1_0.last_login,u1_0.last_name,u1_0.password,u1_0.preferred_language,u1_0.profile_photo,u1_0.role,u1_0.status from user u1_0 where u1_0.email=?
Hibernate: select u1_0.id,u1_0.email,u1_0.first_name,u1_0.last_login,u1_0.last_name,u1_0.password,u1_0.preferred_language,u1_0.profile_photo,u1_0.role,u1_0.status from user u1_0 where u1_0.email=?
2026-04-15T19:18:00.686+01:00 DEBUG 13592 --- [gestionUser] [nio-8081-exec-2] org.hibernate.SQL                        : select u1_0.id,u1_0.email,u1_0.first_name,u1_0.last_login,u1_0.last_name,u1_0.password,u1_0.preferred_language,u1_0.profile_photo,u1_0.role,u1_0.status from user u1_0 where u1_0.email=?
Hibernate: select u1_0.id,u1_0.email,u1_0.first_name,u1_0.last_login,u1_0.last_name,u1_0.password,u1_0.preferred_language,u1_0.profile_photo,u1_0.role,u1_0.status from user u1_0 where u1_0.email=?
Hibernate: select u1_0.id,u1_0.email,u1_0.first_name,u1_0.last_login,u1_0.last_name,u1_0.password,u1_0.preferred_language,u1_0.profile_photo,u1_0.role,u1_0.status from user u1_0 where u1_0.email=?
2026-04-15T19:18:00.761+01:00  INFO 13592 --- [gestionUser] [io-8081-exec-10] t.e.s.baladna.user.security.JwtFilter    : User found: ahmedm12@gmail.com with role: HOST
2026-04-15T19:18:00.766+01:00  INFO 13592 --- [gestionUser] [nio-8081-exec-3] t.e.s.baladna.user.security.JwtFilter    : User found: ahmedm12@gmail.com with role: HOST
2026-04-15T19:18:00.771+01:00  INFO 13592 --- [gestionUser] [nio-8081-exec-3] t.e.s.baladna.user.security.JwtFilter    : Setting authentication with role: ROLE_HOST
2026-04-15T19:18:00.768+01:00  INFO 13592 --- [gestionUser] [nio-8081-exec-5] t.e.s.baladna.user.security.JwtFilter    : User found: ahmedm12@gmail.com with role: HOST
2026-04-15T19:18:00.770+01:00  INFO 13592 --- [gestionUser] [nio-8081-exec-2] t.e.s.baladna.user.security.JwtFilter    : User found: ahmedm12@gmail.com with role: HOST
2026-04-15T19:18:00.771+01:00  INFO 13592 --- [gestionUser] [io-8081-exec-10] t.e.s.baladna.user.security.JwtFilter    : Setting authentication with role: ROLE_HOST
2026-04-15T19:18:00.772+01:00  INFO 13592 --- [gestionUser] [nio-8081-exec-1] t.e.s.baladna.user.security.JwtFilter    : User found: ahmedm12@gmail.com with role: HOST
2026-04-15T19:18:00.773+01:00  INFO 13592 --- [gestionUser] [nio-8081-exec-5] t.e.s.baladna.user.security.JwtFilter    : Setting authentication with role: ROLE_HOST
2026-04-15T19:18:00.773+01:00  INFO 13592 --- [gestionUser] [nio-8081-exec-2] t.e.s.baladna.user.security.JwtFilter    : Setting authentication with role: ROLE_HOST
2026-04-15T19:18:00.773+01:00  INFO 13592 --- [gestionUser] [nio-8081-exec-1] t.e.s.baladna.user.security.JwtFilter    : Setting authentication with role: ROLE_HOST
2026-04-15T19:18:00.773+01:00  INFO 13592 --- [gestionUser] [nio-8081-exec-3] t.e.s.baladna.user.security.JwtFilter    : Authentication set successfully
2026-04-15T19:18:00.773+01:00  INFO 13592 --- [gestionUser] [io-8081-exec-10] t.e.s.baladna.user.security.JwtFilter    : Authentication set successfully
2026-04-15T19:18:00.773+01:00  INFO 13592 --- [gestionUser] [nio-8081-exec-5] t.e.s.baladna.user.security.JwtFilter    : Authentication set successfully
2026-04-15T19:18:00.776+01:00  INFO 13592 --- [gestionUser] [nio-8081-exec-2] t.e.s.baladna.user.security.JwtFilter    : Authentication set successfully
2026-04-15T19:18:00.777+01:00  INFO 13592 --- [gestionUser] [nio-8081-exec-1] t.e.s.baladna.user.security.JwtFilter    : Authentication set successfully
2026-04-15T19:18:00.779+01:00 DEBUG 13592 --- [gestionUser] [nio-8081-exec-3] o.s.security.web.FilterChainProxy        : Secured GET /api/transports
2026-04-15T19:18:00.779+01:00 DEBUG 13592 --- [gestionUser] [io-8081-exec-10] o.s.security.web.FilterChainProxy        : Secured GET /api/reservations
2026-04-15T19:18:00.779+01:00 DEBUG 13592 --- [gestionUser] [nio-8081-exec-5] o.s.security.web.FilterChainProxy        : Secured GET /api/profile/me
2026-04-15T19:18:00.779+01:00 DEBUG 13592 --- [gestionUser] [nio-8081-exec-2] o.s.security.web.FilterChainProxy        : Secured GET /api/stations
2026-04-15T19:18:00.779+01:00 DEBUG 13592 --- [gestionUser] [nio-8081-exec-1] o.s.security.web.FilterChainProxy        : Secured GET /api/trajets
2026-04-15T19:18:00.782+01:00 DEBUG 13592 --- [gestionUser] [nio-8081-exec-3] o.s.web.servlet.DispatcherServlet        : GET "/api/transports", parameters={}
2026-04-15T19:18:00.782+01:00 DEBUG 13592 --- [gestionUser] [io-8081-exec-10] o.s.web.servlet.DispatcherServlet        : GET "/api/reservations", parameters={}
2026-04-15T19:18:00.782+01:00 DEBUG 13592 --- [gestionUser] [nio-8081-exec-5] o.s.web.servlet.DispatcherServlet        : GET "/api/profile/me", parameters={}
2026-04-15T19:18:00.782+01:00 DEBUG 13592 --- [gestionUser] [nio-8081-exec-2] o.s.web.servlet.DispatcherServlet        : GET "/api/stations", parameters={}
2026-04-15T19:18:00.782+01:00 DEBUG 13592 --- [gestionUser] [nio-8081-exec-1] o.s.web.servlet.DispatcherServlet        : GET "/api/trajets", parameters={}
2026-04-15T19:18:00.782+01:00 DEBUG 13592 --- [gestionUser] [nio-8081-exec-3] s.w.s.m.m.a.RequestMappingHandlerMapping : Mapped to tn.esprit.spring.baladna.transport.controller.TransportController#getAllTransports()
2026-04-15T19:18:00.782+01:00 DEBUG 13592 --- [gestionUser] [io-8081-exec-10] s.w.s.m.m.a.RequestMappingHandlerMapping : Mapped to tn.esprit.spring.baladna.transport.controller.ReservationController#getAllReservations()
2026-04-15T19:18:00.782+01:00 DEBUG 13592 --- [gestionUser] [nio-8081-exec-5] s.w.s.m.m.a.RequestMappingHandlerMapping : Mapped to tn.esprit.spring.baladna.user.controller.UserController#getMyProfile(String)
2026-04-15T19:18:00.786+01:00 DEBUG 13592 --- [gestionUser] [nio-8081-exec-2] s.w.s.m.m.a.RequestMappingHandlerMapping : Mapped to tn.esprit.spring.baladna.transport.controller.StationController#getAllStations()
2026-04-15T19:18:00.786+01:00 DEBUG 13592 --- [gestionUser] [nio-8081-exec-1] s.w.s.m.m.a.RequestMappingHandlerMapping : Mapped to tn.esprit.spring.baladna.transport.controller.TrajetController#getAllTrajets()
2026-04-15T19:18:00.792+01:00 DEBUG 13592 --- [gestionUser] [nio-8081-exec-5] org.hibernate.SQL                        : select u1_0.id,u1_0.email,u1_0.first_name,u1_0.last_login,u1_0.last_name,u1_0.password,u1_0.preferred_language,u1_0.profile_photo,u1_0.role,u1_0.status from user u1_0 where u1_0.email=?
Hibernate: select u1_0.id,u1_0.email,u1_0.first_name,u1_0.last_login,u1_0.last_name,u1_0.password,u1_0.preferred_language,u1_0.profile_photo,u1_0.role,u1_0.status from user u1_0 where u1_0.email=?
2026-04-15T19:18:00.806+01:00 DEBUG 13592 --- [gestionUser] [nio-8081-exec-5] o.s.w.s.m.m.a.HttpEntityMethodProcessor  : Using 'application/json', given [application/json, text/plain, */*] and supported [application/json, application/*+json, application/yaml]
2026-04-15T19:18:00.808+01:00 DEBUG 13592 --- [gestionUser] [nio-8081-exec-5] o.s.w.s.m.m.a.HttpEntityMethodProcessor  : Writing [tn.esprit.spring.baladna.user.entity.User@42cc26a4]
2026-04-15T19:18:00.859+01:00 DEBUG 13592 --- [gestionUser] [nio-8081-exec-5] o.s.web.servlet.DispatcherServlet        : Completed 200 OK
2026-04-15T19:18:00.873+01:00 DEBUG 13592 --- [gestionUser] [nio-8081-exec-3] org.hibernate.SQL                        : select t1_0.id,t1_0.available_seats,t1_0.base_price,t1_0.departure_date,t1_0.departure_point,t1_0.status,t1_0.total_capacity,t1_0.traffic_jam,t1_0.trajet_id,t1_0.weather,t1_0.weather_source from transports t1_0
Hibernate: select t1_0.id,t1_0.available_seats,t1_0.base_price,t1_0.departure_date,t1_0.departure_point,t1_0.status,t1_0.total_capacity,t1_0.traffic_jam,t1_0.trajet_id,t1_0.weather,t1_0.weather_source from transports t1_0
2026-04-15T19:18:00.873+01:00 DEBUG 13592 --- [gestionUser] [nio-8081-exec-2] org.hibernate.SQL                        : select s1_0.id,s1_0.city,s1_0.downtown,s1_0.latitude,s1_0.longitude,s1_0.name,s1_0.surcharge from stations s1_0
2026-04-15T19:18:00.873+01:00 DEBUG 13592 --- [gestionUser] [nio-8081-exec-1] org.hibernate.SQL                        : select t1_0.id,t1_0.arrival_station_id,t1_0.departure_station_id,t1_0.distance_km,t1_0.estimated_duration_minutes,t1_0.price_per_km,t1_0.route_geo_json from trajets t1_0
Hibernate: select s1_0.id,s1_0.city,s1_0.downtown,s1_0.latitude,s1_0.longitude,s1_0.name,s1_0.surcharge from stations s1_0
Hibernate: select t1_0.id,t1_0.arrival_station_id,t1_0.departure_station_id,t1_0.distance_km,t1_0.estimated_duration_minutes,t1_0.price_per_km,t1_0.route_geo_json from trajets t1_0
2026-04-15T19:18:00.873+01:00 DEBUG 13592 --- [gestionUser] [io-8081-exec-10] org.hibernate.SQL                        : select r1_0.id,r1_0.boarding_point,r1_0.reservation_date,r1_0.reserved_seats,r1_0.status,r1_0.total_price,r1_0.transport_id,r1_0.user_id from reservations r1_0
Hibernate: select r1_0.id,r1_0.boarding_point,r1_0.reservation_date,r1_0.reserved_seats,r1_0.status,r1_0.total_price,r1_0.transport_id,r1_0.user_id from reservations r1_0
2026-04-15T19:18:00.878+01:00 DEBUG 13592 --- [gestionUser] [nio-8081-exec-3] org.hibernate.SQL                        : select t1_0.id,t1_0.arrival_station_id,as1_0.id,as1_0.city,as1_0.downtown,as1_0.latitude,as1_0.longitude,as1_0.name,as1_0.surcharge,t1_0.departure_station_id,ds1_0.id,ds1_0.city,ds1_0.downtown,ds1_0.latitude,ds1_0.longitude,ds1_0.name,ds1_0.surcharge,t1_0.distance_km,t1_0.estimated_duration_minutes,t1_0.price_per_km,t1_0.route_geo_json from trajets t1_0 join stations as1_0 on as1_0.id=t1_0.arrival_station_id join stations ds1_0 on ds1_0.id=t1_0.departure_station_id where t1_0.id=?
Hibernate: select t1_0.id,t1_0.arrival_station_id,as1_0.id,as1_0.city,as1_0.downtown,as1_0.latitude,as1_0.longitude,as1_0.name,as1_0.surcharge,t1_0.departure_station_id,ds1_0.id,ds1_0.city,ds1_0.downtown,ds1_0.latitude,ds1_0.longitude,ds1_0.name,ds1_0.surcharge,t1_0.distance_km,t1_0.estimated_duration_minutes,t1_0.price_per_km,t1_0.route_geo_json from trajets t1_0 join stations as1_0 on as1_0.id=t1_0.arrival_station_id join stations ds1_0 on ds1_0.id=t1_0.departure_station_id where t1_0.id=?
2026-04-15T19:18:00.878+01:00 DEBUG 13592 --- [gestionUser] [nio-8081-exec-1] org.hibernate.SQL                        : select s1_0.id,s1_0.city,s1_0.downtown,s1_0.latitude,s1_0.longitude,s1_0.name,s1_0.surcharge from stations s1_0 where s1_0.id=?
Hibernate: select s1_0.id,s1_0.city,s1_0.downtown,s1_0.latitude,s1_0.longitude,s1_0.name,s1_0.surcharge from stations s1_0 where s1_0.id=?
2026-04-15T19:18:00.885+01:00 DEBUG 13592 --- [gestionUser] [nio-8081-exec-1] org.hibernate.SQL                        : select s1_0.id,s1_0.city,s1_0.downtown,s1_0.latitude,s1_0.longitude,s1_0.name,s1_0.surcharge from stations s1_0 where s1_0.id=?
Hibernate: select s1_0.id,s1_0.city,s1_0.downtown,s1_0.latitude,s1_0.longitude,s1_0.name,s1_0.surcharge from stations s1_0 where s1_0.id=?
2026-04-15T19:18:00.891+01:00 DEBUG 13592 --- [gestionUser] [nio-8081-exec-1] org.hibernate.SQL                        : select s1_0.id,s1_0.city,s1_0.downtown,s1_0.latitude,s1_0.longitude,s1_0.name,s1_0.surcharge from stations s1_0 where s1_0.id=?
Hibernate: select s1_0.id,s1_0.city,s1_0.downtown,s1_0.latitude,s1_0.longitude,s1_0.name,s1_0.surcharge from stations s1_0 where s1_0.id=?
2026-04-15T19:18:00.896+01:00 DEBUG 13592 --- [gestionUser] [nio-8081-exec-1] org.hibernate.SQL                        : select s1_0.id,s1_0.city,s1_0.downtown,s1_0.latitude,s1_0.longitude,s1_0.name,s1_0.surcharge from stations s1_0 where s1_0.id=?
Hibernate: select s1_0.id,s1_0.city,s1_0.downtown,s1_0.latitude,s1_0.longitude,s1_0.name,s1_0.surcharge from stations s1_0 where s1_0.id=?
2026-04-15T19:18:00.899+01:00 DEBUG 13592 --- [gestionUser] [io-8081-exec-10] m.m.a.RequestResponseBodyMethodProcessor : Using 'application/json', given [application/json, text/plain, */*] and supported [application/json, application/*+json, application/yaml]
2026-04-15T19:18:00.901+01:00 DEBUG 13592 --- [gestionUser] [io-8081-exec-10] m.m.a.RequestResponseBodyMethodProcessor : Writing [[]]
2026-04-15T19:18:00.901+01:00 DEBUG 13592 --- [gestionUser] [nio-8081-exec-1] org.hibernate.SQL                        : select s1_0.id,s1_0.city,s1_0.downtown,s1_0.latitude,s1_0.longitude,s1_0.name,s1_0.surcharge from stations s1_0 where s1_0.id=?
Hibernate: select s1_0.id,s1_0.city,s1_0.downtown,s1_0.latitude,s1_0.longitude,s1_0.name,s1_0.surcharge from stations s1_0 where s1_0.id=?
2026-04-15T19:18:00.905+01:00 DEBUG 13592 --- [gestionUser] [nio-8081-exec-2] m.m.a.RequestResponseBodyMethodProcessor : Using 'application/json', given [application/json, text/plain, */*] and supported [application/json, application/*+json, application/yaml]
2026-04-15T19:18:00.906+01:00 DEBUG 13592 --- [gestionUser] [nio-8081-exec-3] m.m.a.RequestResponseBodyMethodProcessor : Using 'application/json', given [application/json, text/plain, */*] and supported [application/json, application/*+json, application/yaml]
2026-04-15T19:18:00.906+01:00 DEBUG 13592 --- [gestionUser] [io-8081-exec-10] o.s.web.servlet.DispatcherServlet        : Completed 200 OK
2026-04-15T19:18:00.906+01:00 DEBUG 13592 --- [gestionUser] [nio-8081-exec-1] org.hibernate.SQL                        : select s1_0.id,s1_0.city,s1_0.downtown,s1_0.latitude,s1_0.longitude,s1_0.name,s1_0.surcharge from stations s1_0 where s1_0.id=?
Hibernate: select s1_0.id,s1_0.city,s1_0.downtown,s1_0.latitude,s1_0.longitude,s1_0.name,s1_0.surcharge from stations s1_0 where s1_0.id=?
2026-04-15T19:18:00.916+01:00 DEBUG 13592 --- [gestionUser] [nio-8081-exec-2] m.m.a.RequestResponseBodyMethodProcessor : Writing [[StationDTO(id=5, name=Barcelone, city=kbeli, surcharge=3.0, downtown=true, latitude=0.0, longitude= (truncated)...]
2026-04-15T19:18:00.920+01:00 DEBUG 13592 --- [gestionUser] [nio-8081-exec-1] m.m.a.RequestResponseBodyMethodProcessor : Using 'application/json', given [application/json, text/plain, */*] and supported [application/json, application/*+json, application/yaml]
2026-04-15T19:18:00.929+01:00 DEBUG 13592 --- [gestionUser] [nio-8081-exec-3] m.m.a.RequestResponseBodyMethodProcessor : Writing [[TransportDTO(id=3, departurePoint=Zied, departureDate=2026-04-22T21:53, realDepartureDate=2026-04-2 (truncated)...]
2026-04-15T19:18:00.929+01:00 DEBUG 13592 --- [gestionUser] [nio-8081-exec-2] o.s.web.servlet.DispatcherServlet        : Completed 200 OK
2026-04-15T19:18:00.937+01:00 DEBUG 13592 --- [gestionUser] [nio-8081-exec-1] m.m.a.RequestResponseBodyMethodProcessor : Writing [[TrajetDTO(id=2, departureStationId=5, departureStationName=Barcelone, arrivalStationId=6, arrivalSt (truncated)...]
2026-04-15T19:18:00.945+01:00 DEBUG 13592 --- [gestionUser] [nio-8081-exec-3] o.s.web.servlet.DispatcherServlet        : Completed 200 OK
2026-04-15T19:18:00.945+01:00 DEBUG 13592 --- [gestionUser] [nio-8081-exec-1] o.s.web.servlet.DispatcherServlet        : Completed 200 OK
2026-04-15T19:18:07.300+01:00 DEBUG 13592 --- [gestionUser] [nio-8081-exec-4] o.s.security.web.FilterChainProxy        : Securing OPTIONS /api/stations
2026-04-15T19:18:07.332+01:00 DEBUG 13592 --- [gestionUser] [nio-8081-exec-7] o.s.security.web.FilterChainProxy        : Securing GET /api/stations
2026-04-15T19:18:07.332+01:00  INFO 13592 --- [gestionUser] [nio-8081-exec-7] t.e.s.baladna.user.security.JwtFilter    : Request to: /api/stations - Auth header: present
2026-04-15T19:18:07.332+01:00  INFO 13592 --- [gestionUser] [nio-8081-exec-7] t.e.s.baladna.user.security.JwtFilter    : Token extracted (length: 167)
2026-04-15T19:18:07.339+01:00  INFO 13592 --- [gestionUser] [nio-8081-exec-7] t.e.s.baladna.user.security.JwtFilter    : Email extracted from token: ahmedm12@gmail.com
2026-04-15T19:18:07.342+01:00 DEBUG 13592 --- [gestionUser] [nio-8081-exec-7] org.hibernate.SQL                        : select u1_0.id,u1_0.email,u1_0.first_name,u1_0.last_login,u1_0.last_name,u1_0.password,u1_0.preferred_language,u1_0.profile_photo,u1_0.role,u1_0.status from user u1_0 where u1_0.email=?
Hibernate: select u1_0.id,u1_0.email,u1_0.first_name,u1_0.last_login,u1_0.last_name,u1_0.password,u1_0.preferred_language,u1_0.profile_photo,u1_0.role,u1_0.status from user u1_0 where u1_0.email=?
2026-04-15T19:18:07.346+01:00  INFO 13592 --- [gestionUser] [nio-8081-exec-7] t.e.s.baladna.user.security.JwtFilter    : User found: ahmedm12@gmail.com with role: HOST
2026-04-15T19:18:07.348+01:00  INFO 13592 --- [gestionUser] [nio-8081-exec-7] t.e.s.baladna.user.security.JwtFilter    : Setting authentication with role: ROLE_HOST
2026-04-15T19:18:07.348+01:00  INFO 13592 --- [gestionUser] [nio-8081-exec-7] t.e.s.baladna.user.security.JwtFilter    : Authentication set successfully
2026-04-15T19:18:07.348+01:00 DEBUG 13592 --- [gestionUser] [nio-8081-exec-7] o.s.security.web.FilterChainProxy        : Secured GET /api/stations
2026-04-15T19:18:07.348+01:00 DEBUG 13592 --- [gestionUser] [nio-8081-exec-7] o.s.web.servlet.DispatcherServlet        : GET "/api/stations", parameters={}
2026-04-15T19:18:07.351+01:00 DEBUG 13592 --- [gestionUser] [nio-8081-exec-7] s.w.s.m.m.a.RequestMappingHandlerMapping : Mapped to tn.esprit.spring.baladna.transport.controller.StationController#getAllStations()
2026-04-15T19:18:07.356+01:00 DEBUG 13592 --- [gestionUser] [nio-8081-exec-7] org.hibernate.SQL                        : select s1_0.id,s1_0.city,s1_0.downtown,s1_0.latitude,s1_0.longitude,s1_0.name,s1_0.surcharge from stations s1_0
Hibernate: select s1_0.id,s1_0.city,s1_0.downtown,s1_0.latitude,s1_0.longitude,s1_0.name,s1_0.surcharge from stations s1_0
2026-04-15T19:18:07.364+01:00 DEBUG 13592 --- [gestionUser] [nio-8081-exec-7] m.m.a.RequestResponseBodyMethodProcessor : Using 'application/json', given [application/json, text/plain, */*] and supported [application/json, application/*+json, application/yaml]
2026-04-15T19:18:07.366+01:00 DEBUG 13592 --- [gestionUser] [nio-8081-exec-7] m.m.a.RequestResponseBodyMethodProcessor : Writing [[StationDTO(id=5, name=Barcelone, city=kbeli, surcharge=3.0, downtown=true, latitude=0.0, longitude= (truncated)...]
2026-04-15T19:18:07.366+01:00 DEBUG 13592 --- [gestionUser] [nio-8081-exec-7] o.s.web.servlet.DispatcherServlet        : Completed 200 OK
2026-04-15T19:19:58.703+01:00 DEBUG 13592 --- [gestionUser] [nio-8081-exec-2] o.s.security.web.FilterChainProxy        : Securing OPTIONS /api/profile/me
2026-04-15T19:19:58.709+01:00 DEBUG 13592 --- [gestionUser] [nio-8081-exec-3] o.s.security.web.FilterChainProxy        : Securing GET /api/profile/me
2026-04-15T19:19:58.714+01:00  INFO 13592 --- [gestionUser] [nio-8081-exec-3] t.e.s.baladna.user.security.JwtFilter    : Request to: /api/profile/me - Auth header: present
2026-04-15T19:19:58.714+01:00  INFO 13592 --- [gestionUser] [nio-8081-exec-3] t.e.s.baladna.user.security.JwtFilter    : Token extracted (length: 167)
2026-04-15T19:19:58.719+01:00  INFO 13592 --- [gestionUser] [nio-8081-exec-3] t.e.s.baladna.user.security.JwtFilter    : Email extracted from token: ahmedm12@gmail.com
2026-04-15T19:19:58.723+01:00 DEBUG 13592 --- [gestionUser] [nio-8081-exec-3] org.hibernate.SQL                        : select u1_0.id,u1_0.email,u1_0.first_name,u1_0.last_login,u1_0.last_name,u1_0.password,u1_0.preferred_language,u1_0.profile_photo,u1_0.role,u1_0.status from user u1_0 where u1_0.email=?
Hibernate: select u1_0.id,u1_0.email,u1_0.first_name,u1_0.last_login,u1_0.last_name,u1_0.password,u1_0.preferred_language,u1_0.profile_photo,u1_0.role,u1_0.status from user u1_0 where u1_0.email=?
2026-04-15T19:19:58.728+01:00 DEBUG 13592 --- [gestionUser] [nio-8081-exec-1] o.s.security.web.FilterChainProxy        : Securing OPTIONS /api/stations
2026-04-15T19:19:58.728+01:00  INFO 13592 --- [gestionUser] [nio-8081-exec-3] t.e.s.baladna.user.security.JwtFilter    : User found: ahmedm12@gmail.com with role: HOST
2026-04-15T19:19:58.728+01:00  INFO 13592 --- [gestionUser] [nio-8081-exec-3] t.e.s.baladna.user.security.JwtFilter    : Setting authentication with role: ROLE_HOST
2026-04-15T19:19:58.728+01:00  INFO 13592 --- [gestionUser] [nio-8081-exec-3] t.e.s.baladna.user.security.JwtFilter    : Authentication set successfully
2026-04-15T19:19:58.728+01:00 DEBUG 13592 --- [gestionUser] [nio-8081-exec-3] o.s.security.web.FilterChainProxy        : Secured GET /api/profile/me
2026-04-15T19:19:58.733+01:00 DEBUG 13592 --- [gestionUser] [nio-8081-exec-3] o.s.web.servlet.DispatcherServlet        : GET "/api/profile/me", parameters={}
2026-04-15T19:19:58.733+01:00 DEBUG 13592 --- [gestionUser] [nio-8081-exec-3] s.w.s.m.m.a.RequestMappingHandlerMapping : Mapped to tn.esprit.spring.baladna.user.controller.UserController#getMyProfile(String)
2026-04-15T19:19:58.733+01:00 DEBUG 13592 --- [gestionUser] [nio-8081-exec-3] org.hibernate.SQL                        : select u1_0.id,u1_0.email,u1_0.first_name,u1_0.last_login,u1_0.last_name,u1_0.password,u1_0.preferred_language,u1_0.profile_photo,u1_0.role,u1_0.status from user u1_0 where u1_0.email=?
2026-04-15T19:19:58.733+01:00 DEBUG 13592 --- [gestionUser] [nio-8081-exec-4] o.s.security.web.FilterChainProxy        : Securing GET /api/stations
Hibernate: select u1_0.id,u1_0.email,u1_0.first_name,u1_0.last_login,u1_0.last_name,u1_0.password,u1_0.preferred_language,u1_0.profile_photo,u1_0.role,u1_0.status from user u1_0 where u1_0.email=?
2026-04-15T19:19:58.733+01:00  INFO 13592 --- [gestionUser] [nio-8081-exec-4] t.e.s.baladna.user.security.JwtFilter    : Request to: /api/stations - Auth header: present
2026-04-15T19:19:58.733+01:00  INFO 13592 --- [gestionUser] [nio-8081-exec-4] t.e.s.baladna.user.security.JwtFilter    : Token extracted (length: 167)
2026-04-15T19:19:58.741+01:00 DEBUG 13592 --- [gestionUser] [nio-8081-exec-3] o.s.w.s.m.m.a.HttpEntityMethodProcessor  : Using 'application/json', given [application/json, text/plain, */*] and supported [application/json, application/*+json, application/yaml]
2026-04-15T19:19:58.742+01:00  INFO 13592 --- [gestionUser] [nio-8081-exec-4] t.e.s.baladna.user.security.JwtFilter    : Email extracted from token: ahmedm12@gmail.com
2026-04-15T19:19:58.742+01:00 DEBUG 13592 --- [gestionUser] [nio-8081-exec-3] o.s.w.s.m.m.a.HttpEntityMethodProcessor  : Writing [tn.esprit.spring.baladna.user.entity.User@163bfe75]
2026-04-15T19:19:58.742+01:00 DEBUG 13592 --- [gestionUser] [nio-8081-exec-4] org.hibernate.SQL                        : select u1_0.id,u1_0.email,u1_0.first_name,u1_0.last_login,u1_0.last_name,u1_0.password,u1_0.preferred_language,u1_0.profile_photo,u1_0.role,u1_0.status from user u1_0 where u1_0.email=?
Hibernate: select u1_0.id,u1_0.email,u1_0.first_name,u1_0.last_login,u1_0.last_name,u1_0.password,u1_0.preferred_language,u1_0.profile_photo,u1_0.role,u1_0.status from user u1_0 where u1_0.email=?
2026-04-15T19:19:58.742+01:00 DEBUG 13592 --- [gestionUser] [nio-8081-exec-3] o.s.web.servlet.DispatcherServlet        : Completed 200 OK
2026-04-15T19:19:58.747+01:00  INFO 13592 --- [gestionUser] [nio-8081-exec-4] t.e.s.baladna.user.security.JwtFilter    : User found: ahmedm12@gmail.com with role: HOST
2026-04-15T19:19:58.749+01:00  INFO 13592 --- [gestionUser] [nio-8081-exec-4] t.e.s.baladna.user.security.JwtFilter    : Setting authentication with role: ROLE_HOST
2026-04-15T19:19:58.750+01:00  INFO 13592 --- [gestionUser] [nio-8081-exec-4] t.e.s.baladna.user.security.JwtFilter    : Authentication set successfully
2026-04-15T19:19:58.752+01:00 DEBUG 13592 --- [gestionUser] [nio-8081-exec-4] o.s.security.web.FilterChainProxy        : Secured GET /api/stations
2026-04-15T19:19:58.753+01:00 DEBUG 13592 --- [gestionUser] [nio-8081-exec-4] o.s.web.servlet.DispatcherServlet        : GET "/api/stations", parameters={}
2026-04-15T19:19:58.753+01:00 DEBUG 13592 --- [gestionUser] [nio-8081-exec-4] s.w.s.m.m.a.RequestMappingHandlerMapping : Mapped to tn.esprit.spring.baladna.transport.controller.StationController#getAllStations()
2026-04-15T19:19:58.758+01:00 DEBUG 13592 --- [gestionUser] [nio-8081-exec-4] org.hibernate.SQL                        : select s1_0.id,s1_0.city,s1_0.downtown,s1_0.latitude,s1_0.longitude,s1_0.name,s1_0.surcharge from stations s1_0
Hibernate: select s1_0.id,s1_0.city,s1_0.downtown,s1_0.latitude,s1_0.longitude,s1_0.name,s1_0.surcharge from stations s1_0
2026-04-15T19:19:58.770+01:00 DEBUG 13592 --- [gestionUser] [nio-8081-exec-4] m.m.a.RequestResponseBodyMethodProcessor : Using 'application/json', given [application/json, text/plain, */*] and supported [application/json, application/*+json, application/yaml]
2026-04-15T19:19:58.772+01:00 DEBUG 13592 --- [gestionUser] [nio-8081-exec-4] m.m.a.RequestResponseBodyMethodProcessor : Writing [[StationDTO(id=5, name=Barcelone, city=kbeli, surcharge=3.0, downtown=true, latitude=0.0, longitude= (truncated)...]
2026-04-15T19:19:58.781+01:00 DEBUG 13592 --- [gestionUser] [nio-8081-exec-4] o.s.web.servlet.DispatcherServlet        : Completed 200 OK
2026-04-15T19:20:13.116+01:00 DEBUG 13592 --- [gestionUser] [nio-8081-exec-7] o.s.security.web.FilterChainProxy        : Securing OPTIONS /api/profile/me
2026-04-15T19:20:13.126+01:00 DEBUG 13592 --- [gestionUser] [nio-8081-exec-8] o.s.security.web.FilterChainProxy        : Securing GET /api/profile/me
2026-04-15T19:20:13.126+01:00  INFO 13592 --- [gestionUser] [nio-8081-exec-8] t.e.s.baladna.user.security.JwtFilter    : Request to: /api/profile/me - Auth header: present
2026-04-15T19:20:13.128+01:00  INFO 13592 --- [gestionUser] [nio-8081-exec-8] t.e.s.baladna.user.security.JwtFilter    : Token extracted (length: 167)
2026-04-15T19:20:13.132+01:00  INFO 13592 --- [gestionUser] [nio-8081-exec-8] t.e.s.baladna.user.security.JwtFilter    : Email extracted from token: ahmedm12@gmail.com
2026-04-15T19:20:13.132+01:00 DEBUG 13592 --- [gestionUser] [nio-8081-exec-8] org.hibernate.SQL                        : select u1_0.id,u1_0.email,u1_0.first_name,u1_0.last_login,u1_0.last_name,u1_0.password,u1_0.preferred_language,u1_0.profile_photo,u1_0.role,u1_0.status from user u1_0 where u1_0.email=?
Hibernate: select u1_0.id,u1_0.email,u1_0.first_name,u1_0.last_login,u1_0.last_name,u1_0.password,u1_0.preferred_language,u1_0.profile_photo,u1_0.role,u1_0.status from user u1_0 where u1_0.email=?
2026-04-15T19:20:13.139+01:00  INFO 13592 --- [gestionUser] [nio-8081-exec-8] t.e.s.baladna.user.security.JwtFilter    : User found: ahmedm12@gmail.com with role: HOST
2026-04-15T19:20:13.141+01:00  INFO 13592 --- [gestionUser] [nio-8081-exec-8] t.e.s.baladna.user.security.JwtFilter    : Setting authentication with role: ROLE_HOST
2026-04-15T19:20:13.141+01:00  INFO 13592 --- [gestionUser] [nio-8081-exec-8] t.e.s.baladna.user.security.JwtFilter    : Authentication set successfully
2026-04-15T19:20:13.142+01:00 DEBUG 13592 --- [gestionUser] [nio-8081-exec-8] o.s.security.web.FilterChainProxy        : Secured GET /api/profile/me
2026-04-15T19:20:13.143+01:00 DEBUG 13592 --- [gestionUser] [nio-8081-exec-8] o.s.web.servlet.DispatcherServlet        : GET "/api/profile/me", parameters={}
2026-04-15T19:20:13.143+01:00 DEBUG 13592 --- [gestionUser] [nio-8081-exec-8] s.w.s.m.m.a.RequestMappingHandlerMapping : Mapped to tn.esprit.spring.baladna.user.controller.UserController#getMyProfile(String)
2026-04-15T19:20:13.146+01:00 DEBUG 13592 --- [gestionUser] [nio-8081-exec-8] org.hibernate.SQL                        : select u1_0.id,u1_0.email,u1_0.first_name,u1_0.last_login,u1_0.last_name,u1_0.password,u1_0.preferred_language,u1_0.profile_photo,u1_0.role,u1_0.status from user u1_0 where u1_0.email=?
Hibernate: select u1_0.id,u1_0.email,u1_0.first_name,u1_0.last_login,u1_0.last_name,u1_0.password,u1_0.preferred_language,u1_0.profile_photo,u1_0.role,u1_0.status from user u1_0 where u1_0.email=?
2026-04-15T19:20:13.152+01:00 DEBUG 13592 --- [gestionUser] [nio-8081-exec-8] o.s.w.s.m.m.a.HttpEntityMethodProcessor  : Using 'application/json', given [application/json, text/plain, */*] and supported [application/json, application/*+json, application/yaml]
2026-04-15T19:20:13.152+01:00 DEBUG 13592 --- [gestionUser] [nio-8081-exec-8] o.s.w.s.m.m.a.HttpEntityMethodProcessor  : Writing [tn.esprit.spring.baladna.user.entity.User@63f7fa7e]
2026-04-15T19:20:13.153+01:00 DEBUG 13592 --- [gestionUser] [nio-8081-exec-8] o.s.web.servlet.DispatcherServlet        : Completed 200 OK
2026-04-15T19:20:13.156+01:00 DEBUG 13592 --- [gestionUser] [nio-8081-exec-6] o.s.security.web.FilterChainProxy        : Securing OPTIONS /api/stations
2026-04-15T19:20:13.171+01:00 DEBUG 13592 --- [gestionUser] [nio-8081-exec-5] o.s.security.web.FilterChainProxy        : Securing GET /api/stations
2026-04-15T19:20:13.173+01:00  INFO 13592 --- [gestionUser] [nio-8081-exec-5] t.e.s.baladna.user.security.JwtFilter    : Request to: /api/stations - Auth header: present
2026-04-15T19:20:13.173+01:00  INFO 13592 --- [gestionUser] [nio-8081-exec-5] t.e.s.baladna.user.security.JwtFilter    : Token extracted (length: 167)
2026-04-15T19:20:13.176+01:00  INFO 13592 --- [gestionUser] [nio-8081-exec-5] t.e.s.baladna.user.security.JwtFilter    : Email extracted from token: ahmedm12@gmail.com
2026-04-15T19:20:13.178+01:00 DEBUG 13592 --- [gestionUser] [nio-8081-exec-5] org.hibernate.SQL                        : select u1_0.id,u1_0.email,u1_0.first_name,u1_0.last_login,u1_0.last_name,u1_0.password,u1_0.preferred_language,u1_0.profile_photo,u1_0.role,u1_0.status from user u1_0 where u1_0.email=?
Hibernate: select u1_0.id,u1_0.email,u1_0.first_name,u1_0.last_login,u1_0.last_name,u1_0.password,u1_0.preferred_language,u1_0.profile_photo,u1_0.role,u1_0.status from user u1_0 where u1_0.email=?
2026-04-15T19:20:13.184+01:00  INFO 13592 --- [gestionUser] [nio-8081-exec-5] t.e.s.baladna.user.security.JwtFilter    : User found: ahmedm12@gmail.com with role: HOST
2026-04-15T19:20:13.186+01:00  INFO 13592 --- [gestionUser] [nio-8081-exec-5] t.e.s.baladna.user.security.JwtFilter    : Setting authentication with role: ROLE_HOST
2026-04-15T19:20:13.186+01:00  INFO 13592 --- [gestionUser] [nio-8081-exec-5] t.e.s.baladna.user.security.JwtFilter    : Authentication set successfully
2026-04-15T19:20:13.186+01:00 DEBUG 13592 --- [gestionUser] [nio-8081-exec-5] o.s.security.web.FilterChainProxy        : Secured GET /api/stations
2026-04-15T19:20:13.186+01:00 DEBUG 13592 --- [gestionUser] [nio-8081-exec-5] o.s.web.servlet.DispatcherServlet        : GET "/api/stations", parameters={}
2026-04-15T19:20:13.189+01:00 DEBUG 13592 --- [gestionUser] [nio-8081-exec-5] s.w.s.m.m.a.RequestMappingHandlerMapping : Mapped to tn.esprit.spring.baladna.transport.controller.StationController#getAllStations()
2026-04-15T19:20:13.192+01:00 DEBUG 13592 --- [gestionUser] [nio-8081-exec-5] org.hibernate.SQL                        : select s1_0.id,s1_0.city,s1_0.downtown,s1_0.latitude,s1_0.longitude,s1_0.name,s1_0.surcharge from stations s1_0
Hibernate: select s1_0.id,s1_0.city,s1_0.downtown,s1_0.latitude,s1_0.longitude,s1_0.name,s1_0.surcharge from stations s1_0
2026-04-15T19:20:13.201+01:00 DEBUG 13592 --- [gestionUser] [nio-8081-exec-5] m.m.a.RequestResponseBodyMethodProcessor : Using 'application/json', given [application/json, text/plain, */*] and supported [application/json, application/*+json, application/yaml]
2026-04-15T19:20:13.201+01:00 DEBUG 13592 --- [gestionUser] [nio-8081-exec-5] m.m.a.RequestResponseBodyMethodProcessor : Writing [[StationDTO(id=5, name=Barcelone, city=kbeli, surcharge=3.0, downtown=true, latitude=0.0, longitude= (truncated)...]
2026-04-15T19:20:13.205+01:00 DEBUG 13592 --- [gestionUser] [nio-8081-exec-5] o.s.web.servlet.DispatcherServlet        : Completed 200 OK
2026-04-15T19:25:17.262+01:00 DEBUG 13592 --- [gestionUser] [nio-8081-exec-2] o.s.security.web.FilterChainProxy        : Securing OPTIONS /api/profile/me
2026-04-15T19:25:17.275+01:00 DEBUG 13592 --- [gestionUser] [nio-8081-exec-1] o.s.security.web.FilterChainProxy        : Securing GET /api/profile/me
2026-04-15T19:25:17.278+01:00  INFO 13592 --- [gestionUser] [nio-8081-exec-1] t.e.s.baladna.user.security.JwtFilter    : Request to: /api/profile/me - Auth header: present
2026-04-15T19:25:17.279+01:00  INFO 13592 --- [gestionUser] [nio-8081-exec-1] t.e.s.baladna.user.security.JwtFilter    : Token extracted (length: 167)
2026-04-15T19:25:17.279+01:00 DEBUG 13592 --- [gestionUser] [nio-8081-exec-3] o.s.security.web.FilterChainProxy        : Securing OPTIONS /api/stations
2026-04-15T19:25:17.285+01:00  INFO 13592 --- [gestionUser] [nio-8081-exec-1] t.e.s.baladna.user.security.JwtFilter    : Email extracted from token: ahmedm12@gmail.com
2026-04-15T19:25:17.289+01:00 DEBUG 13592 --- [gestionUser] [nio-8081-exec-1] org.hibernate.SQL                        : select u1_0.id,u1_0.email,u1_0.first_name,u1_0.last_login,u1_0.last_name,u1_0.password,u1_0.preferred_language,u1_0.profile_photo,u1_0.role,u1_0.status from user u1_0 where u1_0.email=?
2026-04-15T19:25:17.290+01:00 DEBUG 13592 --- [gestionUser] [nio-8081-exec-4] o.s.security.web.FilterChainProxy        : Securing GET /api/stations
2026-04-15T19:25:17.292+01:00  INFO 13592 --- [gestionUser] [nio-8081-exec-4] t.e.s.baladna.user.security.JwtFilter    : Request to: /api/stations - Auth header: present
Hibernate: select u1_0.id,u1_0.email,u1_0.first_name,u1_0.last_login,u1_0.last_name,u1_0.password,u1_0.preferred_language,u1_0.profile_photo,u1_0.role,u1_0.status from user u1_0 where u1_0.email=?
2026-04-15T19:25:17.293+01:00  INFO 13592 --- [gestionUser] [nio-8081-exec-4] t.e.s.baladna.user.security.JwtFilter    : Token extracted (length: 167)
2026-04-15T19:25:17.300+01:00  INFO 13592 --- [gestionUser] [nio-8081-exec-4] t.e.s.baladna.user.security.JwtFilter    : Email extracted from token: ahmedm12@gmail.com
2026-04-15T19:25:17.301+01:00  INFO 13592 --- [gestionUser] [nio-8081-exec-1] t.e.s.baladna.user.security.JwtFilter    : User found: ahmedm12@gmail.com with role: HOST
2026-04-15T19:25:17.301+01:00  INFO 13592 --- [gestionUser] [nio-8081-exec-1] t.e.s.baladna.user.security.JwtFilter    : Setting authentication with role: ROLE_HOST
2026-04-15T19:25:17.304+01:00  INFO 13592 --- [gestionUser] [nio-8081-exec-1] t.e.s.baladna.user.security.JwtFilter    : Authentication set successfully
2026-04-15T19:25:17.304+01:00 DEBUG 13592 --- [gestionUser] [nio-8081-exec-4] org.hibernate.SQL                        : select u1_0.id,u1_0.email,u1_0.first_name,u1_0.last_login,u1_0.last_name,u1_0.password,u1_0.preferred_language,u1_0.profile_photo,u1_0.role,u1_0.status from user u1_0 where u1_0.email=?
2026-04-15T19:25:17.306+01:00 DEBUG 13592 --- [gestionUser] [nio-8081-exec-1] o.s.security.web.FilterChainProxy        : Secured GET /api/profile/me
Hibernate: select u1_0.id,u1_0.email,u1_0.first_name,u1_0.last_login,u1_0.last_name,u1_0.password,u1_0.preferred_language,u1_0.profile_photo,u1_0.role,u1_0.status from user u1_0 where u1_0.email=?
2026-04-15T19:25:17.307+01:00 DEBUG 13592 --- [gestionUser] [nio-8081-exec-1] o.s.web.servlet.DispatcherServlet        : GET "/api/profile/me", parameters={}
2026-04-15T19:25:17.310+01:00 DEBUG 13592 --- [gestionUser] [nio-8081-exec-1] s.w.s.m.m.a.RequestMappingHandlerMapping : Mapped to tn.esprit.spring.baladna.user.controller.UserController#getMyProfile(String)
2026-04-15T19:25:17.312+01:00  INFO 13592 --- [gestionUser] [nio-8081-exec-4] t.e.s.baladna.user.security.JwtFilter    : User found: ahmedm12@gmail.com with role: HOST
2026-04-15T19:25:17.312+01:00 DEBUG 13592 --- [gestionUser] [nio-8081-exec-1] org.hibernate.SQL                        : select u1_0.id,u1_0.email,u1_0.first_name,u1_0.last_login,u1_0.last_name,u1_0.password,u1_0.preferred_language,u1_0.profile_photo,u1_0.role,u1_0.status from user u1_0 where u1_0.email=?
2026-04-15T19:25:17.312+01:00  INFO 13592 --- [gestionUser] [nio-8081-exec-4] t.e.s.baladna.user.security.JwtFilter    : Setting authentication with role: ROLE_HOST
Hibernate: select u1_0.id,u1_0.email,u1_0.first_name,u1_0.last_login,u1_0.last_name,u1_0.password,u1_0.preferred_language,u1_0.profile_photo,u1_0.role,u1_0.status from user u1_0 where u1_0.email=?
2026-04-15T19:25:17.314+01:00  INFO 13592 --- [gestionUser] [nio-8081-exec-4] t.e.s.baladna.user.security.JwtFilter    : Authentication set successfully
2026-04-15T19:25:17.316+01:00 DEBUG 13592 --- [gestionUser] [nio-8081-exec-4] o.s.security.web.FilterChainProxy        : Secured GET /api/stations
2026-04-15T19:25:17.316+01:00 DEBUG 13592 --- [gestionUser] [nio-8081-exec-4] o.s.web.servlet.DispatcherServlet        : GET "/api/stations", parameters={}
2026-04-15T19:25:17.319+01:00 DEBUG 13592 --- [gestionUser] [nio-8081-exec-4] s.w.s.m.m.a.RequestMappingHandlerMapping : Mapped to tn.esprit.spring.baladna.transport.controller.StationController#getAllStations()
2026-04-15T19:25:17.321+01:00 DEBUG 13592 --- [gestionUser] [nio-8081-exec-1] o.s.w.s.m.m.a.HttpEntityMethodProcessor  : Using 'application/json', given [application/json, text/plain, */*] and supported [application/json, application/*+json, application/yaml]
2026-04-15T19:25:17.323+01:00 DEBUG 13592 --- [gestionUser] [nio-8081-exec-1] o.s.w.s.m.m.a.HttpEntityMethodProcessor  : Writing [tn.esprit.spring.baladna.user.entity.User@5908bd3b]
2026-04-15T19:25:17.326+01:00 DEBUG 13592 --- [gestionUser] [nio-8081-exec-1] o.s.web.servlet.DispatcherServlet        : Completed 200 OK
2026-04-15T19:25:17.329+01:00 DEBUG 13592 --- [gestionUser] [nio-8081-exec-4] org.hibernate.SQL                        : select s1_0.id,s1_0.city,s1_0.downtown,s1_0.latitude,s1_0.longitude,s1_0.name,s1_0.surcharge from stations s1_0
Hibernate: select s1_0.id,s1_0.city,s1_0.downtown,s1_0.latitude,s1_0.longitude,s1_0.name,s1_0.surcharge from stations s1_0
2026-04-15T19:25:17.355+01:00 DEBUG 13592 --- [gestionUser] [nio-8081-exec-4] m.m.a.RequestResponseBodyMethodProcessor : Using 'application/json', given [application/json, text/plain, */*] and supported [application/json, application/*+json, application/yaml]
2026-04-15T19:25:17.357+01:00 DEBUG 13592 --- [gestionUser] [nio-8081-exec-4] m.m.a.RequestResponseBodyMethodProcessor : Writing [[StationDTO(id=5, name=Barcelone, city=kbeli, surcharge=3.0, downtown=true, latitude=0.0, longitude= (truncated)...]
2026-04-15T19:25:17.362+01:00 DEBUG 13592 --- [gestionUser] [nio-8081-exec-4] o.s.web.servlet.DispatcherServlet        : Completed 200 OK
2026-04-15T19:25:23.683+01:00 DEBUG 13592 --- [gestionUser] [nio-8081-exec-7] o.s.security.web.FilterChainProxy        : Securing OPTIONS /api/stations/geocode?query=Sidi%20bouzid
2026-04-15T19:25:23.692+01:00 DEBUG 13592 --- [gestionUser] [nio-8081-exec-8] o.s.security.web.FilterChainProxy        : Securing GET /api/stations/geocode?query=Sidi%20bouzid
2026-04-15T19:25:23.692+01:00  INFO 13592 --- [gestionUser] [nio-8081-exec-8] t.e.s.baladna.user.security.JwtFilter    : Request to: /api/stations/geocode - Auth header: present
2026-04-15T19:25:23.695+01:00  INFO 13592 --- [gestionUser] [nio-8081-exec-8] t.e.s.baladna.user.security.JwtFilter    : Token extracted (length: 167)
2026-04-15T19:25:23.700+01:00  INFO 13592 --- [gestionUser] [nio-8081-exec-8] t.e.s.baladna.user.security.JwtFilter    : Email extracted from token: ahmedm12@gmail.com
2026-04-15T19:25:23.705+01:00 DEBUG 13592 --- [gestionUser] [nio-8081-exec-8] org.hibernate.SQL                        : select u1_0.id,u1_0.email,u1_0.first_name,u1_0.last_login,u1_0.last_name,u1_0.password,u1_0.preferred_language,u1_0.profile_photo,u1_0.role,u1_0.status from user u1_0 where u1_0.email=?
Hibernate: select u1_0.id,u1_0.email,u1_0.first_name,u1_0.last_login,u1_0.last_name,u1_0.password,u1_0.preferred_language,u1_0.profile_photo,u1_0.role,u1_0.status from user u1_0 where u1_0.email=?
2026-04-15T19:25:23.716+01:00  INFO 13592 --- [gestionUser] [nio-8081-exec-8] t.e.s.baladna.user.security.JwtFilter    : User found: ahmedm12@gmail.com with role: HOST
2026-04-15T19:25:23.789+01:00  INFO 13592 --- [gestionUser] [nio-8081-exec-8] t.e.s.baladna.user.security.JwtFilter    : Setting authentication with role: ROLE_HOST
2026-04-15T19:25:23.789+01:00  INFO 13592 --- [gestionUser] [nio-8081-exec-8] t.e.s.baladna.user.security.JwtFilter    : Authentication set successfully
2026-04-15T19:25:23.791+01:00 DEBUG 13592 --- [gestionUser] [nio-8081-exec-8] o.s.security.web.FilterChainProxy        : Secured GET /api/stations/geocode?query=Sidi%20bouzid
2026-04-15T19:25:23.795+01:00 DEBUG 13592 --- [gestionUser] [nio-8081-exec-8] o.s.web.servlet.DispatcherServlet        : GET "/api/stations/geocode?query=Sidi%20bouzid", parameters={masked}
2026-04-15T19:25:23.826+01:00 DEBUG 13592 --- [gestionUser] [nio-8081-exec-8] s.w.s.m.m.a.RequestMappingHandlerMapping : Mapped to tn.esprit.spring.baladna.transport.controller.StationController#geocodeLocation(String)
2026-04-15T19:25:24.189+01:00 DEBUG 13592 --- [gestionUser] [nio-8081-exec-8] o.s.web.client.RestTemplate              : HTTP GET https://nominatim.openstreetmap.org/search?q=Sidi%2520bouzid&format=jsonv2&addressdetails=1&countrycodes=tn&viewbox=7.0,37.6,11.8,30.0&bounded=1&limit=5
2026-04-15T19:25:24.203+01:00 DEBUG 13592 --- [gestionUser] [nio-8081-exec-8] o.s.web.client.RestTemplate              : Accept=[text/plain, application/json, application/yaml, application/*+json, */*]
2026-04-15T19:25:25.077+01:00 DEBUG 13592 --- [gestionUser] [nio-8081-exec-8] o.s.web.client.RestTemplate              : Response 200 OK
2026-04-15T19:25:25.085+01:00 DEBUG 13592 --- [gestionUser] [nio-8081-exec-8] o.s.web.client.RestTemplate              : Reading to [java.lang.String] as "application/json;charset=utf-8"
2026-04-15T19:25:25.117+01:00 DEBUG 13592 --- [gestionUser] [nio-8081-exec-8] o.s.web.client.RestTemplate              : HTTP GET https://nominatim.openstreetmap.org/search?q=Sidi%2520bouzid,%2520Tunisie&format=jsonv2&addressdetails=1&countrycodes=tn&viewbox=7.0,37.6,11.8,30.0&bounded=1&limit=5
2026-04-15T19:25:25.117+01:00 DEBUG 13592 --- [gestionUser] [nio-8081-exec-8] o.s.web.client.RestTemplate              : Accept=[text/plain, application/json, application/yaml, application/*+json, */*]
2026-04-15T19:25:25.319+01:00 DEBUG 13592 --- [gestionUser] [nio-8081-exec-8] o.s.web.client.RestTemplate              : Response 200 OK
2026-04-15T19:25:25.339+01:00 DEBUG 13592 --- [gestionUser] [nio-8081-exec-8] o.s.web.client.RestTemplate              : Reading to [java.lang.String] as "application/json;charset=utf-8"
2026-04-15T19:25:25.342+01:00 DEBUG 13592 --- [gestionUser] [nio-8081-exec-8] o.s.web.client.RestTemplate              : HTTP GET https://nominatim.openstreetmap.org/search?q=Sidi%2520bouzid,%2520Tunisia&format=jsonv2&addressdetails=1&countrycodes=tn&viewbox=7.0,37.6,11.8,30.0&bounded=1&limit=5
2026-04-15T19:25:25.342+01:00 DEBUG 13592 --- [gestionUser] [nio-8081-exec-8] o.s.web.client.RestTemplate              : Accept=[text/plain, application/json, application/yaml, application/*+json, */*]
2026-04-15T19:25:25.647+01:00 DEBUG 13592 --- [gestionUser] [nio-8081-exec-8] o.s.web.client.RestTemplate              : Response 200 OK
2026-04-15T19:25:25.657+01:00 DEBUG 13592 --- [gestionUser] [nio-8081-exec-8] o.s.web.client.RestTemplate              : Reading to [java.lang.String] as "application/json;charset=utf-8"
2026-04-15T19:25:25.660+01:00 DEBUG 13592 --- [gestionUser] [nio-8081-exec-8] o.s.web.client.RestTemplate              : HTTP GET https://nominatim.openstreetmap.org/search?q=Sidi%2520bouzid%2520Tunis&format=jsonv2&addressdetails=1&countrycodes=tn&viewbox=7.0,37.6,11.8,30.0&bounded=1&limit=5
2026-04-15T19:25:25.660+01:00 DEBUG 13592 --- [gestionUser] [nio-8081-exec-8] o.s.web.client.RestTemplate              : Accept=[text/plain, application/json, application/yaml, application/*+json, */*]
2026-04-15T19:25:26.253+01:00 DEBUG 13592 --- [gestionUser] [nio-8081-exec-8] o.s.web.client.RestTemplate              : Response 200 OK
2026-04-15T19:25:26.254+01:00 DEBUG 13592 --- [gestionUser] [nio-8081-exec-8] o.s.web.client.RestTemplate              : Reading to [java.lang.String] as "application/json;charset=utf-8"
2026-04-15T19:25:26.262+01:00 DEBUG 13592 --- [gestionUser] [nio-8081-exec-8] m.m.a.RequestResponseBodyMethodProcessor : Using 'application/json', given [application/json, text/plain, */*] and supported [application/json, application/*+json, application/yaml]
2026-04-15T19:25:26.264+01:00 DEBUG 13592 --- [gestionUser] [nio-8081-exec-8] m.m.a.RequestResponseBodyMethodProcessor : Writing [[]]
2026-04-15T19:25:26.276+01:00 DEBUG 13592 --- [gestionUser] [nio-8081-exec-8] o.s.web.servlet.DispatcherServlet        : Completed 200 OK
2026-04-15T19:25:27.503+01:00 DEBUG 13592 --- [gestionUser] [nio-8081-exec-6] o.s.security.web.FilterChainProxy        : Securing GET /api/stations/geocode?query=Sidi%20bouzid
2026-04-15T19:25:27.505+01:00  INFO 13592 --- [gestionUser] [nio-8081-exec-6] t.e.s.baladna.user.security.JwtFilter    : Request to: /api/stations/geocode - Auth header: present
2026-04-15T19:25:27.506+01:00  INFO 13592 --- [gestionUser] [nio-8081-exec-6] t.e.s.baladna.user.security.JwtFilter    : Token extracted (length: 167)
2026-04-15T19:25:27.509+01:00  INFO 13592 --- [gestionUser] [nio-8081-exec-6] t.e.s.baladna.user.security.JwtFilter    : Email extracted from token: ahmedm12@gmail.com
2026-04-15T19:25:27.509+01:00 DEBUG 13592 --- [gestionUser] [nio-8081-exec-6] org.hibernate.SQL                        : select u1_0.id,u1_0.email,u1_0.first_name,u1_0.last_login,u1_0.last_name,u1_0.password,u1_0.preferred_language,u1_0.profile_photo,u1_0.role,u1_0.status from user u1_0 where u1_0.email=?
Hibernate: select u1_0.id,u1_0.email,u1_0.first_name,u1_0.last_login,u1_0.last_name,u1_0.password,u1_0.preferred_language,u1_0.profile_photo,u1_0.role,u1_0.status from user u1_0 where u1_0.email=?
2026-04-15T19:25:27.516+01:00  INFO 13592 --- [gestionUser] [nio-8081-exec-6] t.e.s.baladna.user.security.JwtFilter    : User found: ahmedm12@gmail.com with role: HOST
2026-04-15T19:25:27.518+01:00  INFO 13592 --- [gestionUser] [nio-8081-exec-6] t.e.s.baladna.user.security.JwtFilter    : Setting authentication with role: ROLE_HOST
2026-04-15T19:25:27.519+01:00  INFO 13592 --- [gestionUser] [nio-8081-exec-6] t.e.s.baladna.user.security.JwtFilter    : Authentication set successfully
2026-04-15T19:25:27.520+01:00 DEBUG 13592 --- [gestionUser] [nio-8081-exec-6] o.s.security.web.FilterChainProxy        : Secured GET /api/stations/geocode?query=Sidi%20bouzid
2026-04-15T19:25:27.520+01:00 DEBUG 13592 --- [gestionUser] [nio-8081-exec-6] o.s.web.servlet.DispatcherServlet        : GET "/api/stations/geocode?query=Sidi%20bouzid", parameters={masked}
2026-04-15T19:25:27.520+01:00 DEBUG 13592 --- [gestionUser] [nio-8081-exec-6] s.w.s.m.m.a.RequestMappingHandlerMapping : Mapped to tn.esprit.spring.baladna.transport.controller.StationController#geocodeLocation(String)
2026-04-15T19:25:27.526+01:00 DEBUG 13592 --- [gestionUser] [nio-8081-exec-6] o.s.web.client.RestTemplate              : HTTP GET https://nominatim.openstreetmap.org/search?q=Sidi%2520bouzid&format=jsonv2&addressdetails=1&countrycodes=tn&viewbox=7.0,37.6,11.8,30.0&bounded=1&limit=5
2026-04-15T19:25:27.528+01:00 DEBUG 13592 --- [gestionUser] [nio-8081-exec-6] o.s.web.client.RestTemplate              : Accept=[text/plain, application/json, application/yaml, application/*+json, */*]
2026-04-15T19:25:27.603+01:00 DEBUG 13592 --- [gestionUser] [nio-8081-exec-6] o.s.web.client.RestTemplate              : Response 200 OK
2026-04-15T19:25:27.610+01:00 DEBUG 13592 --- [gestionUser] [nio-8081-exec-6] o.s.web.client.RestTemplate              : Reading to [java.lang.String] as "application/json;charset=utf-8"
2026-04-15T19:25:27.613+01:00 DEBUG 13592 --- [gestionUser] [nio-8081-exec-6] o.s.web.client.RestTemplate              : HTTP GET https://nominatim.openstreetmap.org/search?q=Sidi%2520bouzid,%2520Tunisie&format=jsonv2&addressdetails=1&countrycodes=tn&viewbox=7.0,37.6,11.8,30.0&bounded=1&limit=5
2026-04-15T19:25:27.614+01:00 DEBUG 13592 --- [gestionUser] [nio-8081-exec-6] o.s.web.client.RestTemplate              : Accept=[text/plain, application/json, application/yaml, application/*+json, */*]
2026-04-15T19:25:27.678+01:00 DEBUG 13592 --- [gestionUser] [nio-8081-exec-6] o.s.web.client.RestTemplate              : Response 200 OK
2026-04-15T19:25:27.687+01:00 DEBUG 13592 --- [gestionUser] [nio-8081-exec-6] o.s.web.client.RestTemplate              : Reading to [java.lang.String] as "application/json;charset=utf-8"
2026-04-15T19:25:27.689+01:00 DEBUG 13592 --- [gestionUser] [nio-8081-exec-6] o.s.web.client.RestTemplate              : HTTP GET https://nominatim.openstreetmap.org/search?q=Sidi%2520bouzid,%2520Tunisia&format=jsonv2&addressdetails=1&countrycodes=tn&viewbox=7.0,37.6,11.8,30.0&bounded=1&limit=5
2026-04-15T19:25:27.690+01:00 DEBUG 13592 --- [gestionUser] [nio-8081-exec-6] o.s.web.client.RestTemplate              : Accept=[text/plain, application/json, application/yaml, application/*+json, */*]
2026-04-15T19:25:27.775+01:00 DEBUG 13592 --- [gestionUser] [nio-8081-exec-6] o.s.web.client.RestTemplate              : Response 200 OK
2026-04-15T19:25:27.775+01:00 DEBUG 13592 --- [gestionUser] [nio-8081-exec-6] o.s.web.client.RestTemplate              : Reading to [java.lang.String] as "application/json;charset=utf-8"
2026-04-15T19:25:27.778+01:00 DEBUG 13592 --- [gestionUser] [nio-8081-exec-6] o.s.web.client.RestTemplate              : HTTP GET https://nominatim.openstreetmap.org/search?q=Sidi%2520bouzid%2520Tunis&format=jsonv2&addressdetails=1&countrycodes=tn&viewbox=7.0,37.6,11.8,30.0&bounded=1&limit=5
2026-04-15T19:25:27.780+01:00 DEBUG 13592 --- [gestionUser] [nio-8081-exec-6] o.s.web.client.RestTemplate              : Accept=[text/plain, application/json, application/yaml, application/*+json, */*]
2026-04-15T19:25:27.856+01:00 DEBUG 13592 --- [gestionUser] [nio-8081-exec-6] o.s.web.client.RestTemplate              : Response 200 OK
2026-04-15T19:25:27.878+01:00 DEBUG 13592 --- [gestionUser] [nio-8081-exec-6] o.s.web.client.RestTemplate              : Reading to [java.lang.String] as "application/json;charset=utf-8"
2026-04-15T19:25:27.880+01:00 DEBUG 13592 --- [gestionUser] [nio-8081-exec-6] m.m.a.RequestResponseBodyMethodProcessor : Using 'application/json', given [application/json, text/plain, */*] and supported [application/json, application/*+json, application/yaml]
2026-04-15T19:25:27.882+01:00 DEBUG 13592 --- [gestionUser] [nio-8081-exec-6] m.m.a.RequestResponseBodyMethodProcessor : Writing [[]]
2026-04-15T19:25:27.882+01:00 DEBUG 13592 --- [gestionUser] [nio-8081-exec-6] o.s.web.servlet.DispatcherServlet        : Completed 200 OK
2026-04-15T19:25:44.648+01:00 DEBUG 13592 --- [gestionUser] [nio-8081-exec-5] o.s.security.web.FilterChainProxy        : Securing OPTIONS /api/stations/reverse-geocode?lat=36.399228&lng=10.144919
2026-04-15T19:25:44.655+01:00 DEBUG 13592 --- [gestionUser] [nio-8081-exec-9] o.s.security.web.FilterChainProxy        : Securing GET /api/stations/reverse-geocode?lat=36.399228&lng=10.144919
2026-04-15T19:25:44.656+01:00  INFO 13592 --- [gestionUser] [nio-8081-exec-9] t.e.s.baladna.user.security.JwtFilter    : Request to: /api/stations/reverse-geocode - Auth header: present
2026-04-15T19:25:44.656+01:00  INFO 13592 --- [gestionUser] [nio-8081-exec-9] t.e.s.baladna.user.security.JwtFilter    : Token extracted (length: 167)
2026-04-15T19:25:44.656+01:00  INFO 13592 --- [gestionUser] [nio-8081-exec-9] t.e.s.baladna.user.security.JwtFilter    : Email extracted from token: ahmedm12@gmail.com
2026-04-15T19:25:44.656+01:00 DEBUG 13592 --- [gestionUser] [nio-8081-exec-9] org.hibernate.SQL                        : select u1_0.id,u1_0.email,u1_0.first_name,u1_0.last_login,u1_0.last_name,u1_0.password,u1_0.preferred_language,u1_0.profile_photo,u1_0.role,u1_0.status from user u1_0 where u1_0.email=?
Hibernate: select u1_0.id,u1_0.email,u1_0.first_name,u1_0.last_login,u1_0.last_name,u1_0.password,u1_0.preferred_language,u1_0.profile_photo,u1_0.role,u1_0.status from user u1_0 where u1_0.email=?
2026-04-15T19:25:44.666+01:00  INFO 13592 --- [gestionUser] [nio-8081-exec-9] t.e.s.baladna.user.security.JwtFilter    : User found: ahmedm12@gmail.com with role: HOST
2026-04-15T19:25:44.669+01:00  INFO 13592 --- [gestionUser] [nio-8081-exec-9] t.e.s.baladna.user.security.JwtFilter    : Setting authentication with role: ROLE_HOST
2026-04-15T19:25:44.670+01:00  INFO 13592 --- [gestionUser] [nio-8081-exec-9] t.e.s.baladna.user.security.JwtFilter    : Authentication set successfully
2026-04-15T19:25:44.671+01:00 DEBUG 13592 --- [gestionUser] [nio-8081-exec-9] o.s.security.web.FilterChainProxy        : Secured GET /api/stations/reverse-geocode?lat=36.399228&lng=10.144919
2026-04-15T19:25:44.671+01:00 DEBUG 13592 --- [gestionUser] [nio-8081-exec-9] o.s.web.servlet.DispatcherServlet        : GET "/api/stations/reverse-geocode?lat=36.399228&lng=10.144919", parameters={masked}
2026-04-15T19:25:44.672+01:00 DEBUG 13592 --- [gestionUser] [nio-8081-exec-9] s.w.s.m.m.a.RequestMappingHandlerMapping : Mapped to tn.esprit.spring.baladna.transport.controller.StationController#reverseGeocodeLocation(Double, Double)
2026-04-15T19:25:44.676+01:00 DEBUG 13592 --- [gestionUser] [nio-8081-exec-9] o.s.web.client.RestTemplate              : HTTP GET https://nominatim.openstreetmap.org/reverse?lat=36.399228&lon=10.144919&format=jsonv2&addressdetails=1&zoom=16
2026-04-15T19:25:44.677+01:00 DEBUG 13592 --- [gestionUser] [nio-8081-exec-9] o.s.web.client.RestTemplate              : Accept=[text/plain, application/json, application/yaml, application/*+json, */*]
2026-04-15T19:25:45.156+01:00 DEBUG 13592 --- [gestionUser] [nio-8081-exec-9] o.s.web.client.RestTemplate              : Response 200 OK
2026-04-15T19:25:45.158+01:00 DEBUG 13592 --- [gestionUser] [nio-8081-exec-9] o.s.web.client.RestTemplate              : Reading to [java.lang.String] as "application/json;charset=utf-8"
2026-04-15T19:25:45.170+01:00 DEBUG 13592 --- [gestionUser] [nio-8081-exec-9] o.s.w.s.m.m.a.HttpEntityMethodProcessor  : Using 'application/json', given [application/json, text/plain, */*] and supported [application/json, application/*+json, application/yaml]
2026-04-15T19:25:45.172+01:00 DEBUG 13592 --- [gestionUser] [nio-8081-exec-9] o.s.w.s.m.m.a.HttpEntityMethodProcessor  : Writing [GeoLocationDTO(name=?????, Zaghouan, Zaghouan Ville, Délégation Zaghouan, Gouvernorat Zaghouan, 1100 (truncated)...]
2026-04-15T19:25:45.176+01:00 DEBUG 13592 --- [gestionUser] [nio-8081-exec-9] o.s.web.servlet.DispatcherServlet        : Completed 200 OK
2026-04-15T19:25:53.126+01:00 DEBUG 13592 --- [gestionUser] [io-8081-exec-10] o.s.security.web.FilterChainProxy        : Securing OPTIONS /api/stations
2026-04-15T19:25:53.155+01:00 DEBUG 13592 --- [gestionUser] [nio-8081-exec-2] o.s.security.web.FilterChainProxy        : Securing POST /api/stations
2026-04-15T19:25:53.158+01:00  INFO 13592 --- [gestionUser] [nio-8081-exec-2] t.e.s.baladna.user.security.JwtFilter    : Request to: /api/stations - Auth header: present
2026-04-15T19:25:53.159+01:00  INFO 13592 --- [gestionUser] [nio-8081-exec-2] t.e.s.baladna.user.security.JwtFilter    : Token extracted (length: 167)
2026-04-15T19:25:53.171+01:00  INFO 13592 --- [gestionUser] [nio-8081-exec-2] t.e.s.baladna.user.security.JwtFilter    : Email extracted from token: ahmedm12@gmail.com
2026-04-15T19:25:53.175+01:00 DEBUG 13592 --- [gestionUser] [nio-8081-exec-2] org.hibernate.SQL                        : select u1_0.id,u1_0.email,u1_0.first_name,u1_0.last_login,u1_0.last_name,u1_0.password,u1_0.preferred_language,u1_0.profile_photo,u1_0.role,u1_0.status from user u1_0 where u1_0.email=?
Hibernate: select u1_0.id,u1_0.email,u1_0.first_name,u1_0.last_login,u1_0.last_name,u1_0.password,u1_0.preferred_language,u1_0.profile_photo,u1_0.role,u1_0.status from user u1_0 where u1_0.email=?
2026-04-15T19:25:53.180+01:00  INFO 13592 --- [gestionUser] [nio-8081-exec-2] t.e.s.baladna.user.security.JwtFilter    : User found: ahmedm12@gmail.com with role: HOST
2026-04-15T19:25:53.182+01:00  INFO 13592 --- [gestionUser] [nio-8081-exec-2] t.e.s.baladna.user.security.JwtFilter    : Setting authentication with role: ROLE_HOST
2026-04-15T19:25:53.182+01:00  INFO 13592 --- [gestionUser] [nio-8081-exec-2] t.e.s.baladna.user.security.JwtFilter    : Authentication set successfully
2026-04-15T19:25:53.183+01:00 DEBUG 13592 --- [gestionUser] [nio-8081-exec-2] o.s.security.web.FilterChainProxy        : Secured POST /api/stations
2026-04-15T19:25:53.184+01:00 DEBUG 13592 --- [gestionUser] [nio-8081-exec-2] o.s.web.servlet.DispatcherServlet        : POST "/api/stations", parameters={}
2026-04-15T19:25:53.185+01:00 DEBUG 13592 --- [gestionUser] [nio-8081-exec-2] s.w.s.m.m.a.RequestMappingHandlerMapping : Mapped to tn.esprit.spring.baladna.transport.controller.StationController#createStation(StationDTO)
2026-04-15T19:25:53.254+01:00 DEBUG 13592 --- [gestionUser] [nio-8081-exec-2] m.m.a.RequestResponseBodyMethodProcessor : Read "application/json;charset=UTF-8" to [StationDTO(id=null, name=?????, Zaghouan, Zaghouan Ville, Délégation Zaghouan, Gouvernorat Zaghouan, (truncated)...]
2026-04-15T19:25:53.358+01:00 DEBUG 13592 --- [gestionUser] [nio-8081-exec-2] org.hibernate.SQL                        : select s1_0.id from stations s1_0 where s1_0.name=? and s1_0.city=? limit ?
Hibernate: select s1_0.id from stations s1_0 where s1_0.name=? and s1_0.city=? limit ?
2026-04-15T19:25:53.370+01:00 DEBUG 13592 --- [gestionUser] [nio-8081-exec-2] org.hibernate.SQL                        : insert into stations (city,downtown,latitude,longitude,name,surcharge) values (?,?,?,?,?,?)
Hibernate: insert into stations (city,downtown,latitude,longitude,name,surcharge) values (?,?,?,?,?,?)
2026-04-15T19:25:53.418+01:00 DEBUG 13592 --- [gestionUser] [nio-8081-exec-2] o.s.w.s.m.m.a.HttpEntityMethodProcessor  : Using 'application/json', given [application/json, text/plain, */*] and supported [application/json, application/*+json, application/yaml]
2026-04-15T19:25:53.420+01:00 DEBUG 13592 --- [gestionUser] [nio-8081-exec-2] o.s.w.s.m.m.a.HttpEntityMethodProcessor  : Writing [StationDTO(id=52, name=?????, Zaghouan, Zaghouan Ville, Délégation Zaghouan, Gouvernorat Zaghouan, 1 (truncated)...]
2026-04-15T19:25:53.423+01:00 DEBUG 13592 --- [gestionUser] [nio-8081-exec-2] o.s.web.servlet.DispatcherServlet        : Completed 200 OK
2026-04-15T19:25:53.441+01:00 DEBUG 13592 --- [gestionUser] [nio-8081-exec-3] o.s.security.web.FilterChainProxy        : Securing GET /api/stations
2026-04-15T19:25:53.443+01:00  INFO 13592 --- [gestionUser] [nio-8081-exec-3] t.e.s.baladna.user.security.JwtFilter    : Request to: /api/stations - Auth header: present
2026-04-15T19:25:53.443+01:00  INFO 13592 --- [gestionUser] [nio-8081-exec-3] t.e.s.baladna.user.security.JwtFilter    : Token extracted (length: 167)
2026-04-15T19:25:53.447+01:00  INFO 13592 --- [gestionUser] [nio-8081-exec-3] t.e.s.baladna.user.security.JwtFilter    : Email extracted from token: ahmedm12@gmail.com
2026-04-15T19:25:53.457+01:00 DEBUG 13592 --- [gestionUser] [nio-8081-exec-3] org.hibernate.SQL                        : select u1_0.id,u1_0.email,u1_0.first_name,u1_0.last_login,u1_0.last_name,u1_0.password,u1_0.preferred_language,u1_0.profile_photo,u1_0.role,u1_0.status from user u1_0 where u1_0.email=?
Hibernate: select u1_0.id,u1_0.email,u1_0.first_name,u1_0.last_login,u1_0.last_name,u1_0.password,u1_0.preferred_language,u1_0.profile_photo,u1_0.role,u1_0.status from user u1_0 where u1_0.email=?
2026-04-15T19:25:53.478+01:00  INFO 13592 --- [gestionUser] [nio-8081-exec-3] t.e.s.baladna.user.security.JwtFilter    : User found: ahmedm12@gmail.com with role: HOST
2026-04-15T19:25:53.483+01:00  INFO 13592 --- [gestionUser] [nio-8081-exec-3] t.e.s.baladna.user.security.JwtFilter    : Setting authentication with role: ROLE_HOST
2026-04-15T19:25:53.489+01:00  INFO 13592 --- [gestionUser] [nio-8081-exec-3] t.e.s.baladna.user.security.JwtFilter    : Authentication set successfully
2026-04-15T19:25:53.489+01:00 DEBUG 13592 --- [gestionUser] [nio-8081-exec-3] o.s.security.web.FilterChainProxy        : Secured GET /api/stations
2026-04-15T19:25:53.491+01:00 DEBUG 13592 --- [gestionUser] [nio-8081-exec-3] o.s.web.servlet.DispatcherServlet        : GET "/api/stations", parameters={}
2026-04-15T19:25:53.492+01:00 DEBUG 13592 --- [gestionUser] [nio-8081-exec-3] s.w.s.m.m.a.RequestMappingHandlerMapping : Mapped to tn.esprit.spring.baladna.transport.controller.StationController#getAllStations()
2026-04-15T19:25:53.499+01:00 DEBUG 13592 --- [gestionUser] [nio-8081-exec-3] org.hibernate.SQL                        : select s1_0.id,s1_0.city,s1_0.downtown,s1_0.latitude,s1_0.longitude,s1_0.name,s1_0.surcharge from stations s1_0
Hibernate: select s1_0.id,s1_0.city,s1_0.downtown,s1_0.latitude,s1_0.longitude,s1_0.name,s1_0.surcharge from stations s1_0
2026-04-15T19:25:53.516+01:00 DEBUG 13592 --- [gestionUser] [nio-8081-exec-3] m.m.a.RequestResponseBodyMethodProcessor : Using 'application/json', given [application/json, text/plain, */*] and supported [application/json, application/*+json, application/yaml]
2026-04-15T19:25:53.524+01:00 DEBUG 13592 --- [gestionUser] [nio-8081-exec-3] m.m.a.RequestResponseBodyMethodProcessor : Writing [[StationDTO(id=5, name=Barcelone, city=kbeli, surcharge=3.0, downtown=true, latitude=0.0, longitude= (truncated)...]
2026-04-15T19:25:53.527+01:00 DEBUG 13592 --- [gestionUser] [nio-8081-exec-3] o.s.web.servlet.DispatcherServlet        : Completed 200 OK
2026-04-15T19:26:02.014+01:00 DEBUG 13592 --- [gestionUser] [nio-8081-exec-1] o.s.security.web.FilterChainProxy        : Securing OPTIONS /api/stations/geocode?query=Zagouan
2026-04-15T19:26:02.022+01:00 DEBUG 13592 --- [gestionUser] [nio-8081-exec-4] o.s.security.web.FilterChainProxy        : Securing GET /api/stations/geocode?query=Zagouan
2026-04-15T19:26:02.023+01:00  INFO 13592 --- [gestionUser] [nio-8081-exec-4] t.e.s.baladna.user.security.JwtFilter    : Request to: /api/stations/geocode - Auth header: present
2026-04-15T19:26:02.024+01:00  INFO 13592 --- [gestionUser] [nio-8081-exec-4] t.e.s.baladna.user.security.JwtFilter    : Token extracted (length: 167)
2026-04-15T19:26:02.025+01:00  INFO 13592 --- [gestionUser] [nio-8081-exec-4] t.e.s.baladna.user.security.JwtFilter    : Email extracted from token: ahmedm12@gmail.com
2026-04-15T19:26:02.028+01:00 DEBUG 13592 --- [gestionUser] [nio-8081-exec-4] org.hibernate.SQL                        : select u1_0.id,u1_0.email,u1_0.first_name,u1_0.last_login,u1_0.last_name,u1_0.password,u1_0.preferred_language,u1_0.profile_photo,u1_0.role,u1_0.status from user u1_0 where u1_0.email=?
Hibernate: select u1_0.id,u1_0.email,u1_0.first_name,u1_0.last_login,u1_0.last_name,u1_0.password,u1_0.preferred_language,u1_0.profile_photo,u1_0.role,u1_0.status from user u1_0 where u1_0.email=?
2026-04-15T19:26:02.032+01:00  INFO 13592 --- [gestionUser] [nio-8081-exec-4] t.e.s.baladna.user.security.JwtFilter    : User found: ahmedm12@gmail.com with role: HOST
2026-04-15T19:26:02.032+01:00  INFO 13592 --- [gestionUser] [nio-8081-exec-4] t.e.s.baladna.user.security.JwtFilter    : Setting authentication with role: ROLE_HOST
2026-04-15T19:26:02.034+01:00  INFO 13592 --- [gestionUser] [nio-8081-exec-4] t.e.s.baladna.user.security.JwtFilter    : Authentication set successfully
2026-04-15T19:26:02.035+01:00 DEBUG 13592 --- [gestionUser] [nio-8081-exec-4] o.s.security.web.FilterChainProxy        : Secured GET /api/stations/geocode?query=Zagouan
2026-04-15T19:26:02.035+01:00 DEBUG 13592 --- [gestionUser] [nio-8081-exec-4] o.s.web.servlet.DispatcherServlet        : GET "/api/stations/geocode?query=Zagouan", parameters={masked}
2026-04-15T19:26:02.035+01:00 DEBUG 13592 --- [gestionUser] [nio-8081-exec-4] s.w.s.m.m.a.RequestMappingHandlerMapping : Mapped to tn.esprit.spring.baladna.transport.controller.StationController#geocodeLocation(String)
2026-04-15T19:26:02.043+01:00 DEBUG 13592 --- [gestionUser] [nio-8081-exec-4] o.s.web.client.RestTemplate              : HTTP GET https://nominatim.openstreetmap.org/search?q=Zagouan&format=jsonv2&addressdetails=1&countrycodes=tn&viewbox=7.0,37.6,11.8,30.0&bounded=1&limit=5
2026-04-15T19:26:02.045+01:00 DEBUG 13592 --- [gestionUser] [nio-8081-exec-4] o.s.web.client.RestTemplate              : Accept=[text/plain, application/json, application/yaml, application/*+json, */*]
2026-04-15T19:26:02.480+01:00 DEBUG 13592 --- [gestionUser] [nio-8081-exec-4] o.s.web.client.RestTemplate              : Response 200 OK
2026-04-15T19:26:02.482+01:00 DEBUG 13592 --- [gestionUser] [nio-8081-exec-4] o.s.web.client.RestTemplate              : Reading to [java.lang.String] as "application/json;charset=utf-8"
2026-04-15T19:26:02.483+01:00 DEBUG 13592 --- [gestionUser] [nio-8081-exec-4] o.s.web.client.RestTemplate              : HTTP GET https://nominatim.openstreetmap.org/search?q=Zagouan,%2520Tunisie&format=jsonv2&addressdetails=1&countrycodes=tn&viewbox=7.0,37.6,11.8,30.0&bounded=1&limit=5
2026-04-15T19:26:02.485+01:00 DEBUG 13592 --- [gestionUser] [nio-8081-exec-4] o.s.web.client.RestTemplate              : Accept=[text/plain, application/json, application/yaml, application/*+json, */*]
2026-04-15T19:26:02.673+01:00 DEBUG 13592 --- [gestionUser] [nio-8081-exec-4] o.s.web.client.RestTemplate              : Response 200 OK
2026-04-15T19:26:02.673+01:00 DEBUG 13592 --- [gestionUser] [nio-8081-exec-4] o.s.web.client.RestTemplate              : Reading to [java.lang.String] as "application/json;charset=utf-8"
2026-04-15T19:26:02.676+01:00 DEBUG 13592 --- [gestionUser] [nio-8081-exec-4] o.s.web.client.RestTemplate              : HTTP GET https://nominatim.openstreetmap.org/search?q=Zagouan,%2520Tunisia&format=jsonv2&addressdetails=1&countrycodes=tn&viewbox=7.0,37.6,11.8,30.0&bounded=1&limit=5
2026-04-15T19:26:02.676+01:00 DEBUG 13592 --- [gestionUser] [nio-8081-exec-4] o.s.web.client.RestTemplate              : Accept=[text/plain, application/json, application/yaml, application/*+json, */*]
2026-04-15T19:26:02.831+01:00 DEBUG 13592 --- [gestionUser] [nio-8081-exec-4] o.s.web.client.RestTemplate              : Response 200 OK
2026-04-15T19:26:02.833+01:00 DEBUG 13592 --- [gestionUser] [nio-8081-exec-4] o.s.web.client.RestTemplate              : Reading to [java.lang.String] as "application/json;charset=utf-8"
2026-04-15T19:26:02.835+01:00 DEBUG 13592 --- [gestionUser] [nio-8081-exec-4] o.s.web.client.RestTemplate              : HTTP GET https://nominatim.openstreetmap.org/search?q=Zagouan%2520Tunis&format=jsonv2&addressdetails=1&countrycodes=tn&viewbox=7.0,37.6,11.8,30.0&bounded=1&limit=5
2026-04-15T19:26:02.836+01:00 DEBUG 13592 --- [gestionUser] [nio-8081-exec-4] o.s.web.client.RestTemplate              : Accept=[text/plain, application/json, application/yaml, application/*+json, */*]
2026-04-15T19:26:03.039+01:00 DEBUG 13592 --- [gestionUser] [nio-8081-exec-4] o.s.web.client.RestTemplate              : Response 200 OK
2026-04-15T19:26:03.042+01:00 DEBUG 13592 --- [gestionUser] [nio-8081-exec-4] o.s.web.client.RestTemplate              : Reading to [java.lang.String] as "application/json;charset=utf-8"
2026-04-15T19:26:03.042+01:00 DEBUG 13592 --- [gestionUser] [nio-8081-exec-4] m.m.a.RequestResponseBodyMethodProcessor : Using 'application/json', given [application/json, text/plain, */*] and supported [application/json, application/*+json, application/yaml]
2026-04-15T19:26:03.042+01:00 DEBUG 13592 --- [gestionUser] [nio-8081-exec-4] m.m.a.RequestResponseBodyMethodProcessor : Writing [[]]
2026-04-15T19:26:03.042+01:00 DEBUG 13592 --- [gestionUser] [nio-8081-exec-4] o.s.web.servlet.DispatcherServlet        : Completed 200 OK
2026-04-15T19:26:06.068+01:00 DEBUG 13592 --- [gestionUser] [nio-8081-exec-7] o.s.security.web.FilterChainProxy        : Securing OPTIONS /api/stations/geocode?query=Zagghouan
2026-04-15T19:26:06.076+01:00 DEBUG 13592 --- [gestionUser] [nio-8081-exec-8] o.s.security.web.FilterChainProxy        : Securing GET /api/stations/geocode?query=Zagghouan
2026-04-15T19:26:06.076+01:00  INFO 13592 --- [gestionUser] [nio-8081-exec-8] t.e.s.baladna.user.security.JwtFilter    : Request to: /api/stations/geocode - Auth header: present
2026-04-15T19:26:06.078+01:00  INFO 13592 --- [gestionUser] [nio-8081-exec-8] t.e.s.baladna.user.security.JwtFilter    : Token extracted (length: 167)
2026-04-15T19:26:06.083+01:00  INFO 13592 --- [gestionUser] [nio-8081-exec-8] t.e.s.baladna.user.security.JwtFilter    : Email extracted from token: ahmedm12@gmail.com
2026-04-15T19:26:06.086+01:00 DEBUG 13592 --- [gestionUser] [nio-8081-exec-8] org.hibernate.SQL                        : select u1_0.id,u1_0.email,u1_0.first_name,u1_0.last_login,u1_0.last_name,u1_0.password,u1_0.preferred_language,u1_0.profile_photo,u1_0.role,u1_0.status from user u1_0 where u1_0.email=?
Hibernate: select u1_0.id,u1_0.email,u1_0.first_name,u1_0.last_login,u1_0.last_name,u1_0.password,u1_0.preferred_language,u1_0.profile_photo,u1_0.role,u1_0.status from user u1_0 where u1_0.email=?
2026-04-15T19:26:06.092+01:00  INFO 13592 --- [gestionUser] [nio-8081-exec-8] t.e.s.baladna.user.security.JwtFilter    : User found: ahmedm12@gmail.com with role: HOST
2026-04-15T19:26:06.092+01:00  INFO 13592 --- [gestionUser] [nio-8081-exec-8] t.e.s.baladna.user.security.JwtFilter    : Setting authentication with role: ROLE_HOST
2026-04-15T19:26:06.092+01:00  INFO 13592 --- [gestionUser] [nio-8081-exec-8] t.e.s.baladna.user.security.JwtFilter    : Authentication set successfully
2026-04-15T19:26:06.092+01:00 DEBUG 13592 --- [gestionUser] [nio-8081-exec-8] o.s.security.web.FilterChainProxy        : Secured GET /api/stations/geocode?query=Zagghouan
2026-04-15T19:26:06.092+01:00 DEBUG 13592 --- [gestionUser] [nio-8081-exec-8] o.s.web.servlet.DispatcherServlet        : GET "/api/stations/geocode?query=Zagghouan", parameters={masked}
2026-04-15T19:26:06.097+01:00 DEBUG 13592 --- [gestionUser] [nio-8081-exec-8] s.w.s.m.m.a.RequestMappingHandlerMapping : Mapped to tn.esprit.spring.baladna.transport.controller.StationController#geocodeLocation(String)
2026-04-15T19:26:06.098+01:00 DEBUG 13592 --- [gestionUser] [nio-8081-exec-8] o.s.web.client.RestTemplate              : HTTP GET https://nominatim.openstreetmap.org/search?q=Zagghouan&format=jsonv2&addressdetails=1&countrycodes=tn&viewbox=7.0,37.6,11.8,30.0&bounded=1&limit=5
2026-04-15T19:26:06.101+01:00 DEBUG 13592 --- [gestionUser] [nio-8081-exec-8] o.s.web.client.RestTemplate              : Accept=[text/plain, application/json, application/yaml, application/*+json, */*]
2026-04-15T19:26:06.262+01:00 DEBUG 13592 --- [gestionUser] [nio-8081-exec-8] o.s.web.client.RestTemplate              : Response 200 OK
2026-04-15T19:26:06.262+01:00 DEBUG 13592 --- [gestionUser] [nio-8081-exec-8] o.s.web.client.RestTemplate              : Reading to [java.lang.String] as "application/json;charset=utf-8"
2026-04-15T19:26:06.265+01:00 DEBUG 13592 --- [gestionUser] [nio-8081-exec-8] o.s.web.client.RestTemplate              : HTTP GET https://nominatim.openstreetmap.org/search?q=Zagghouan,%2520Tunisie&format=jsonv2&addressdetails=1&countrycodes=tn&viewbox=7.0,37.6,11.8,30.0&bounded=1&limit=5
2026-04-15T19:26:06.266+01:00 DEBUG 13592 --- [gestionUser] [nio-8081-exec-8] o.s.web.client.RestTemplate              : Accept=[text/plain, application/json, application/yaml, application/*+json, */*]
2026-04-15T19:26:06.878+01:00 DEBUG 13592 --- [gestionUser] [nio-8081-exec-8] o.s.web.client.RestTemplate              : Response 200 OK
2026-04-15T19:26:06.892+01:00 DEBUG 13592 --- [gestionUser] [nio-8081-exec-8] o.s.web.client.RestTemplate              : Reading to [java.lang.String] as "application/json;charset=utf-8"
2026-04-15T19:26:06.894+01:00 DEBUG 13592 --- [gestionUser] [nio-8081-exec-8] o.s.web.client.RestTemplate              : HTTP GET https://nominatim.openstreetmap.org/search?q=Zagghouan,%2520Tunisia&format=jsonv2&addressdetails=1&countrycodes=tn&viewbox=7.0,37.6,11.8,30.0&bounded=1&limit=5
2026-04-15T19:26:06.896+01:00 DEBUG 13592 --- [gestionUser] [nio-8081-exec-8] o.s.web.client.RestTemplate              : Accept=[text/plain, application/json, application/yaml, application/*+json, */*]
2026-04-15T19:26:07.037+01:00 DEBUG 13592 --- [gestionUser] [nio-8081-exec-8] o.s.web.client.RestTemplate              : Response 200 OK
2026-04-15T19:26:07.040+01:00 DEBUG 13592 --- [gestionUser] [nio-8081-exec-8] o.s.web.client.RestTemplate              : Reading to [java.lang.String] as "application/json;charset=utf-8"
2026-04-15T19:26:07.043+01:00 DEBUG 13592 --- [gestionUser] [nio-8081-exec-8] o.s.web.client.RestTemplate              : HTTP GET https://nominatim.openstreetmap.org/search?q=Zagghouan%2520Tunis&format=jsonv2&addressdetails=1&countrycodes=tn&viewbox=7.0,37.6,11.8,30.0&bounded=1&limit=5
2026-04-15T19:26:07.043+01:00 DEBUG 13592 --- [gestionUser] [nio-8081-exec-8] o.s.web.client.RestTemplate              : Accept=[text/plain, application/json, application/yaml, application/*+json, */*]
2026-04-15T19:26:07.240+01:00 DEBUG 13592 --- [gestionUser] [nio-8081-exec-8] o.s.web.client.RestTemplate              : Response 200 OK
2026-04-15T19:26:07.242+01:00 DEBUG 13592 --- [gestionUser] [nio-8081-exec-8] o.s.web.client.RestTemplate              : Reading to [java.lang.String] as "application/json;charset=utf-8"
2026-04-15T19:26:07.245+01:00 DEBUG 13592 --- [gestionUser] [nio-8081-exec-8] m.m.a.RequestResponseBodyMethodProcessor : Using 'application/json', given [application/json, text/plain, */*] and supported [application/json, application/*+json, application/yaml]
2026-04-15T19:26:07.245+01:00 DEBUG 13592 --- [gestionUser] [nio-8081-exec-8] m.m.a.RequestResponseBodyMethodProcessor : Writing [[]]
2026-04-15T19:26:07.249+01:00 DEBUG 13592 --- [gestionUser] [nio-8081-exec-8] o.s.web.servlet.DispatcherServlet        : Completed 200 OK
2026-04-15T19:26:20.637+01:00 DEBUG 13592 --- [gestionUser] [nio-8081-exec-5] o.s.security.web.FilterChainProxy        : Securing OPTIONS /api/stations/reverse-geocode?lat=36.397311&lng=10.16407
2026-04-15T19:26:20.644+01:00 DEBUG 13592 --- [gestionUser] [nio-8081-exec-9] o.s.security.web.FilterChainProxy        : Securing GET /api/stations/reverse-geocode?lat=36.397311&lng=10.16407
2026-04-15T19:26:20.644+01:00  INFO 13592 --- [gestionUser] [nio-8081-exec-9] t.e.s.baladna.user.security.JwtFilter    : Request to: /api/stations/reverse-geocode - Auth header: present
2026-04-15T19:26:20.647+01:00  INFO 13592 --- [gestionUser] [nio-8081-exec-9] t.e.s.baladna.user.security.JwtFilter    : Token extracted (length: 167)
2026-04-15T19:26:20.651+01:00  INFO 13592 --- [gestionUser] [nio-8081-exec-9] t.e.s.baladna.user.security.JwtFilter    : Email extracted from token: ahmedm12@gmail.com
2026-04-15T19:26:20.653+01:00 DEBUG 13592 --- [gestionUser] [nio-8081-exec-9] org.hibernate.SQL                        : select u1_0.id,u1_0.email,u1_0.first_name,u1_0.last_login,u1_0.last_name,u1_0.password,u1_0.preferred_language,u1_0.profile_photo,u1_0.role,u1_0.status from user u1_0 where u1_0.email=?
Hibernate: select u1_0.id,u1_0.email,u1_0.first_name,u1_0.last_login,u1_0.last_name,u1_0.password,u1_0.preferred_language,u1_0.profile_photo,u1_0.role,u1_0.status from user u1_0 where u1_0.email=?
2026-04-15T19:26:20.660+01:00  INFO 13592 --- [gestionUser] [nio-8081-exec-9] t.e.s.baladna.user.security.JwtFilter    : User found: ahmedm12@gmail.com with role: HOST
2026-04-15T19:26:20.660+01:00  INFO 13592 --- [gestionUser] [nio-8081-exec-9] t.e.s.baladna.user.security.JwtFilter    : Setting authentication with role: ROLE_HOST
2026-04-15T19:26:20.660+01:00  INFO 13592 --- [gestionUser] [nio-8081-exec-9] t.e.s.baladna.user.security.JwtFilter    : Authentication set successfully
2026-04-15T19:26:20.662+01:00 DEBUG 13592 --- [gestionUser] [nio-8081-exec-9] o.s.security.web.FilterChainProxy        : Secured GET /api/stations/reverse-geocode?lat=36.397311&lng=10.16407
2026-04-15T19:26:20.662+01:00 DEBUG 13592 --- [gestionUser] [nio-8081-exec-9] o.s.web.servlet.DispatcherServlet        : GET "/api/stations/reverse-geocode?lat=36.397311&lng=10.16407", parameters={masked}
2026-04-15T19:26:20.662+01:00 DEBUG 13592 --- [gestionUser] [nio-8081-exec-9] s.w.s.m.m.a.RequestMappingHandlerMapping : Mapped to tn.esprit.spring.baladna.transport.controller.StationController#reverseGeocodeLocation(Double, Double)
2026-04-15T19:26:20.664+01:00 DEBUG 13592 --- [gestionUser] [nio-8081-exec-9] o.s.web.client.RestTemplate              : HTTP GET https://nominatim.openstreetmap.org/reverse?lat=36.397311&lon=10.16407&format=jsonv2&addressdetails=1&zoom=16
2026-04-15T19:26:20.666+01:00 DEBUG 13592 --- [gestionUser] [nio-8081-exec-9] o.s.web.client.RestTemplate              : Accept=[text/plain, application/json, application/yaml, application/*+json, */*]
2026-04-15T19:26:21.056+01:00 DEBUG 13592 --- [gestionUser] [nio-8081-exec-9] o.s.web.client.RestTemplate              : Response 200 OK
2026-04-15T19:26:21.056+01:00 DEBUG 13592 --- [gestionUser] [nio-8081-exec-9] o.s.web.client.RestTemplate              : Reading to [java.lang.String] as "application/json;charset=utf-8"
2026-04-15T19:26:21.062+01:00 DEBUG 13592 --- [gestionUser] [nio-8081-exec-9] o.s.w.s.m.m.a.HttpEntityMethodProcessor  : Using 'application/json', given [application/json, text/plain, */*] and supported [application/json, application/*+json, application/yaml]
2026-04-15T19:26:21.064+01:00 DEBUG 13592 --- [gestionUser] [nio-8081-exec-9] o.s.w.s.m.m.a.HttpEntityMethodProcessor  : Writing [GeoLocationDTO(name=Zaghouan Sud, Délégation Zaghouan, Gouvernorat Zaghouan, 1100, Tunisie, city=Zag (truncated)...]
2026-04-15T19:26:21.066+01:00 DEBUG 13592 --- [gestionUser] [nio-8081-exec-9] o.s.web.servlet.DispatcherServlet        : Completed 200 OK
2026-04-15T19:26:29.285+01:00 DEBUG 13592 --- [gestionUser] [io-8081-exec-10] o.s.security.web.FilterChainProxy        : Securing OPTIONS /api/stations
2026-04-15T19:26:29.294+01:00 DEBUG 13592 --- [gestionUser] [nio-8081-exec-2] o.s.security.web.FilterChainProxy        : Securing POST /api/stations
2026-04-15T19:26:29.298+01:00  INFO 13592 --- [gestionUser] [nio-8081-exec-2] t.e.s.baladna.user.security.JwtFilter    : Request to: /api/stations - Auth header: present
2026-04-15T19:26:29.298+01:00  INFO 13592 --- [gestionUser] [nio-8081-exec-2] t.e.s.baladna.user.security.JwtFilter    : Token extracted (length: 167)
2026-04-15T19:26:29.306+01:00  INFO 13592 --- [gestionUser] [nio-8081-exec-2] t.e.s.baladna.user.security.JwtFilter    : Email extracted from token: ahmedm12@gmail.com
2026-04-15T19:26:29.307+01:00 DEBUG 13592 --- [gestionUser] [nio-8081-exec-2] org.hibernate.SQL                        : select u1_0.id,u1_0.email,u1_0.first_name,u1_0.last_login,u1_0.last_name,u1_0.password,u1_0.preferred_language,u1_0.profile_photo,u1_0.role,u1_0.status from user u1_0 where u1_0.email=?
Hibernate: select u1_0.id,u1_0.email,u1_0.first_name,u1_0.last_login,u1_0.last_name,u1_0.password,u1_0.preferred_language,u1_0.profile_photo,u1_0.role,u1_0.status from user u1_0 where u1_0.email=?
2026-04-15T19:26:29.310+01:00  INFO 13592 --- [gestionUser] [nio-8081-exec-2] t.e.s.baladna.user.security.JwtFilter    : User found: ahmedm12@gmail.com with role: HOST
2026-04-15T19:26:29.310+01:00  INFO 13592 --- [gestionUser] [nio-8081-exec-2] t.e.s.baladna.user.security.JwtFilter    : Setting authentication with role: ROLE_HOST
2026-04-15T19:26:29.310+01:00  INFO 13592 --- [gestionUser] [nio-8081-exec-2] t.e.s.baladna.user.security.JwtFilter    : Authentication set successfully
2026-04-15T19:26:29.310+01:00 DEBUG 13592 --- [gestionUser] [nio-8081-exec-2] o.s.security.web.FilterChainProxy        : Secured POST /api/stations
2026-04-15T19:26:29.314+01:00 DEBUG 13592 --- [gestionUser] [nio-8081-exec-2] o.s.web.servlet.DispatcherServlet        : POST "/api/stations", parameters={}
2026-04-15T19:26:29.314+01:00 DEBUG 13592 --- [gestionUser] [nio-8081-exec-2] s.w.s.m.m.a.RequestMappingHandlerMapping : Mapped to tn.esprit.spring.baladna.transport.controller.StationController#createStation(StationDTO)
2026-04-15T19:26:29.318+01:00 DEBUG 13592 --- [gestionUser] [nio-8081-exec-2] m.m.a.RequestResponseBodyMethodProcessor : Read "application/json;charset=UTF-8" to [StationDTO(id=null, name=?????, Zaghouan, Zaghouan Ville, Délégation Zaghouan, Gouvernorat Zaghouan, (truncated)...]
2026-04-15T19:26:29.321+01:00 DEBUG 13592 --- [gestionUser] [nio-8081-exec-2] org.hibernate.SQL                        : select s1_0.id from stations s1_0 where s1_0.name=? and s1_0.city=? limit ?
Hibernate: select s1_0.id from stations s1_0 where s1_0.name=? and s1_0.city=? limit ?
2026-04-15T19:26:29.326+01:00 DEBUG 13592 --- [gestionUser] [nio-8081-exec-2] org.hibernate.SQL                        : insert into stations (city,downtown,latitude,longitude,name,surcharge) values (?,?,?,?,?,?)
Hibernate: insert into stations (city,downtown,latitude,longitude,name,surcharge) values (?,?,?,?,?,?)
2026-04-15T19:26:29.335+01:00 DEBUG 13592 --- [gestionUser] [nio-8081-exec-2] o.s.w.s.m.m.a.HttpEntityMethodProcessor  : Using 'application/json', given [application/json, text/plain, */*] and supported [application/json, application/*+json, application/yaml]
2026-04-15T19:26:29.335+01:00 DEBUG 13592 --- [gestionUser] [nio-8081-exec-2] o.s.w.s.m.m.a.HttpEntityMethodProcessor  : Writing [StationDTO(id=53, name=?????, Zaghouan, Zaghouan Ville, Délégation Zaghouan, Gouvernorat Zaghouan, 1 (truncated)...]
2026-04-15T19:26:29.339+01:00 DEBUG 13592 --- [gestionUser] [nio-8081-exec-2] o.s.web.servlet.DispatcherServlet        : Completed 200 OK
2026-04-15T19:26:29.352+01:00 DEBUG 13592 --- [gestionUser] [nio-8081-exec-3] o.s.security.web.FilterChainProxy        : Securing GET /api/stations
2026-04-15T19:26:29.352+01:00  INFO 13592 --- [gestionUser] [nio-8081-exec-3] t.e.s.baladna.user.security.JwtFilter    : Request to: /api/stations - Auth header: present
2026-04-15T19:26:29.352+01:00  INFO 13592 --- [gestionUser] [nio-8081-exec-3] t.e.s.baladna.user.security.JwtFilter    : Token extracted (length: 167)
2026-04-15T19:26:29.358+01:00  INFO 13592 --- [gestionUser] [nio-8081-exec-3] t.e.s.baladna.user.security.JwtFilter    : Email extracted from token: ahmedm12@gmail.com
2026-04-15T19:26:29.361+01:00 DEBUG 13592 --- [gestionUser] [nio-8081-exec-3] org.hibernate.SQL                        : select u1_0.id,u1_0.email,u1_0.first_name,u1_0.last_login,u1_0.last_name,u1_0.password,u1_0.preferred_language,u1_0.profile_photo,u1_0.role,u1_0.status from user u1_0 where u1_0.email=?
Hibernate: select u1_0.id,u1_0.email,u1_0.first_name,u1_0.last_login,u1_0.last_name,u1_0.password,u1_0.preferred_language,u1_0.profile_photo,u1_0.role,u1_0.status from user u1_0 where u1_0.email=?
2026-04-15T19:26:29.366+01:00  INFO 13592 --- [gestionUser] [nio-8081-exec-3] t.e.s.baladna.user.security.JwtFilter    : User found: ahmedm12@gmail.com with role: HOST
2026-04-15T19:26:29.367+01:00  INFO 13592 --- [gestionUser] [nio-8081-exec-3] t.e.s.baladna.user.security.JwtFilter    : Setting authentication with role: ROLE_HOST
2026-04-15T19:26:29.370+01:00  INFO 13592 --- [gestionUser] [nio-8081-exec-3] t.e.s.baladna.user.security.JwtFilter    : Authentication set successfully
2026-04-15T19:26:29.372+01:00 DEBUG 13592 --- [gestionUser] [nio-8081-exec-3] o.s.security.web.FilterChainProxy        : Secured GET /api/stations
2026-04-15T19:26:29.373+01:00 DEBUG 13592 --- [gestionUser] [nio-8081-exec-3] o.s.web.servlet.DispatcherServlet        : GET "/api/stations", parameters={}
2026-04-15T19:26:29.373+01:00 DEBUG 13592 --- [gestionUser] [nio-8081-exec-3] s.w.s.m.m.a.RequestMappingHandlerMapping : Mapped to tn.esprit.spring.baladna.transport.controller.StationController#getAllStations()
2026-04-15T19:26:29.379+01:00 DEBUG 13592 --- [gestionUser] [nio-8081-exec-3] org.hibernate.SQL                        : select s1_0.id,s1_0.city,s1_0.downtown,s1_0.latitude,s1_0.longitude,s1_0.name,s1_0.surcharge from stations s1_0
Hibernate: select s1_0.id,s1_0.city,s1_0.downtown,s1_0.latitude,s1_0.longitude,s1_0.name,s1_0.surcharge from stations s1_0
2026-04-15T19:26:29.392+01:00 DEBUG 13592 --- [gestionUser] [nio-8081-exec-3] m.m.a.RequestResponseBodyMethodProcessor : Using 'application/json', given [application/json, text/plain, */*] and supported [application/json, application/*+json, application/yaml]
2026-04-15T19:26:29.394+01:00 DEBUG 13592 --- [gestionUser] [nio-8081-exec-3] m.m.a.RequestResponseBodyMethodProcessor : Writing [[StationDTO(id=5, name=Barcelone, city=kbeli, surcharge=3.0, downtown=true, latitude=0.0, longitude= (truncated)...]
2026-04-15T19:26:29.398+01:00 DEBUG 13592 --- [gestionUser] [nio-8081-exec-3] o.s.web.servlet.DispatcherServlet        : Completed 200 OK
2026-04-15T19:27:57.772+01:00 DEBUG 13592 --- [gestionUser] [nio-8081-exec-4] o.s.security.web.FilterChainProxy        : Securing OPTIONS /api/stations/geocode?query=18,%20rue%20de%20l%27Usine%20-%20ZI%20A%C3%A9roport%20Charguia%20II
2026-04-15T19:27:57.785+01:00 DEBUG 13592 --- [gestionUser] [nio-8081-exec-7] o.s.security.web.FilterChainProxy        : Securing GET /api/stations/geocode?query=18,%20rue%20de%20l%27Usine%20-%20ZI%20A%C3%A9roport%20Charguia%20II
2026-04-15T19:27:57.788+01:00  INFO 13592 --- [gestionUser] [nio-8081-exec-7] t.e.s.baladna.user.security.JwtFilter    : Request to: /api/stations/geocode - Auth header: present
2026-04-15T19:27:57.788+01:00  INFO 13592 --- [gestionUser] [nio-8081-exec-7] t.e.s.baladna.user.security.JwtFilter    : Token extracted (length: 167)
2026-04-15T19:27:57.793+01:00  INFO 13592 --- [gestionUser] [nio-8081-exec-7] t.e.s.baladna.user.security.JwtFilter    : Email extracted from token: ahmedm12@gmail.com
2026-04-15T19:27:57.797+01:00 DEBUG 13592 --- [gestionUser] [nio-8081-exec-7] org.hibernate.SQL                        : select u1_0.id,u1_0.email,u1_0.first_name,u1_0.last_login,u1_0.last_name,u1_0.password,u1_0.preferred_language,u1_0.profile_photo,u1_0.role,u1_0.status from user u1_0 where u1_0.email=?
Hibernate: select u1_0.id,u1_0.email,u1_0.first_name,u1_0.last_login,u1_0.last_name,u1_0.password,u1_0.preferred_language,u1_0.profile_photo,u1_0.role,u1_0.status from user u1_0 where u1_0.email=?
2026-04-15T19:27:57.802+01:00  INFO 13592 --- [gestionUser] [nio-8081-exec-7] t.e.s.baladna.user.security.JwtFilter    : User found: ahmedm12@gmail.com with role: HOST
2026-04-15T19:27:57.802+01:00  INFO 13592 --- [gestionUser] [nio-8081-exec-7] t.e.s.baladna.user.security.JwtFilter    : Setting authentication with role: ROLE_HOST
2026-04-15T19:27:57.804+01:00  INFO 13592 --- [gestionUser] [nio-8081-exec-7] t.e.s.baladna.user.security.JwtFilter    : Authentication set successfully
2026-04-15T19:27:57.806+01:00 DEBUG 13592 --- [gestionUser] [nio-8081-exec-7] o.s.security.web.FilterChainProxy        : Secured GET /api/stations/geocode?query=18,%20rue%20de%20l%27Usine%20-%20ZI%20A%C3%A9roport%20Charguia%20II
2026-04-15T19:27:57.807+01:00 DEBUG 13592 --- [gestionUser] [nio-8081-exec-7] o.s.web.servlet.DispatcherServlet        : GET "/api/stations/geocode?query=18,%20rue%20de%20l%27Usine%20-%20ZI%20A%C3%A9roport%20Charguia%20II", parameters={masked}
2026-04-15T19:27:57.808+01:00 DEBUG 13592 --- [gestionUser] [nio-8081-exec-7] s.w.s.m.m.a.RequestMappingHandlerMapping : Mapped to tn.esprit.spring.baladna.transport.controller.StationController#geocodeLocation(String)
2026-04-15T19:27:57.811+01:00 DEBUG 13592 --- [gestionUser] [nio-8081-exec-7] o.s.web.client.RestTemplate              : HTTP GET https://nominatim.openstreetmap.org/search?q=18,%2520rue%2520de%2520l'Usine%2520-%2520ZI%2520A%25C3%25A9roport%2520Charguia%2520II&format=jsonv2&addressdetails=1&countrycodes=tn&viewbox=7.0,37.6,11.8,30.0&bounded=1&limit=5
2026-04-15T19:27:57.814+01:00 DEBUG 13592 --- [gestionUser] [nio-8081-exec-7] o.s.web.client.RestTemplate              : Accept=[text/plain, application/json, application/yaml, application/*+json, */*]
2026-04-15T19:27:58.841+01:00 DEBUG 13592 --- [gestionUser] [nio-8081-exec-7] o.s.web.client.RestTemplate              : Response 200 OK
2026-04-15T19:27:58.842+01:00 DEBUG 13592 --- [gestionUser] [nio-8081-exec-7] o.s.web.client.RestTemplate              : Reading to [java.lang.String] as "application/json;charset=utf-8"
2026-04-15T19:27:58.842+01:00 DEBUG 13592 --- [gestionUser] [nio-8081-exec-7] o.s.web.client.RestTemplate              : HTTP GET https://nominatim.openstreetmap.org/search?q=18,%2520rue%2520de%2520l'Usine%2520-%2520ZI%2520A%25C3%25A9roport%2520Charguia%2520II,%2520Tunisie&format=jsonv2&addressdetails=1&countrycodes=tn&viewbox=7.0,37.6,11.8,30.0&bounded=1&limit=5
2026-04-15T19:27:58.842+01:00 DEBUG 13592 --- [gestionUser] [nio-8081-exec-7] o.s.web.client.RestTemplate              : Accept=[text/plain, application/json, application/yaml, application/*+json, */*]
2026-04-15T19:27:59.117+01:00 DEBUG 13592 --- [gestionUser] [nio-8081-exec-7] o.s.web.client.RestTemplate              : Response 200 OK
2026-04-15T19:27:59.122+01:00 DEBUG 13592 --- [gestionUser] [nio-8081-exec-7] o.s.web.client.RestTemplate              : Reading to [java.lang.String] as "application/json;charset=utf-8"
2026-04-15T19:27:59.123+01:00 DEBUG 13592 --- [gestionUser] [nio-8081-exec-7] o.s.web.client.RestTemplate              : HTTP GET https://nominatim.openstreetmap.org/search?q=18,%2520rue%2520de%2520l'Usine%2520-%2520ZI%2520A%25C3%25A9roport%2520Charguia%2520II,%2520Tunisia&format=jsonv2&addressdetails=1&countrycodes=tn&viewbox=7.0,37.6,11.8,30.0&bounded=1&limit=5
2026-04-15T19:27:59.126+01:00 DEBUG 13592 --- [gestionUser] [nio-8081-exec-7] o.s.web.client.RestTemplate              : Accept=[text/plain, application/json, application/yaml, application/*+json, */*]
2026-04-15T19:27:59.337+01:00 DEBUG 13592 --- [gestionUser] [nio-8081-exec-7] o.s.web.client.RestTemplate              : Response 200 OK
2026-04-15T19:27:59.342+01:00 DEBUG 13592 --- [gestionUser] [nio-8081-exec-7] o.s.web.client.RestTemplate              : Reading to [java.lang.String] as "application/json;charset=utf-8"
2026-04-15T19:27:59.345+01:00 DEBUG 13592 --- [gestionUser] [nio-8081-exec-7] o.s.web.client.RestTemplate              : HTTP GET https://nominatim.openstreetmap.org/search?q=18,%2520rue%2520de%2520l'Usine%2520-%2520ZI%2520A%25C3%25A9roport%2520Charguia%2520II%2520Tunis&format=jsonv2&addressdetails=1&countrycodes=tn&viewbox=7.0,37.6,11.8,30.0&bounded=1&limit=5
2026-04-15T19:27:59.347+01:00 DEBUG 13592 --- [gestionUser] [nio-8081-exec-7] o.s.web.client.RestTemplate              : Accept=[text/plain, application/json, application/yaml, application/*+json, */*]
2026-04-15T19:27:59.537+01:00 DEBUG 13592 --- [gestionUser] [nio-8081-exec-7] o.s.web.client.RestTemplate              : Response 200 OK
2026-04-15T19:27:59.541+01:00 DEBUG 13592 --- [gestionUser] [nio-8081-exec-7] o.s.web.client.RestTemplate              : Reading to [java.lang.String] as "application/json;charset=utf-8"
2026-04-15T19:27:59.542+01:00 DEBUG 13592 --- [gestionUser] [nio-8081-exec-7] m.m.a.RequestResponseBodyMethodProcessor : Using 'application/json', given [application/json, text/plain, */*] and supported [application/json, application/*+json, application/yaml]
2026-04-15T19:27:59.544+01:00 DEBUG 13592 --- [gestionUser] [nio-8081-exec-7] m.m.a.RequestResponseBodyMethodProcessor : Writing [[]]
2026-04-15T19:27:59.546+01:00 DEBUG 13592 --- [gestionUser] [nio-8081-exec-7] o.s.web.servlet.DispatcherServlet        : Completed 200 OK
2026-04-15T19:28:04.392+01:00 DEBUG 13592 --- [gestionUser] [nio-8081-exec-8] o.s.security.web.FilterChainProxy        : Securing OPTIONS /api/stations/geocode?query=18,%20rue%20de%20l%27Usine%20-%20ZI%20A%C3%A9roport%20Charguia%20II
2026-04-15T19:28:04.407+01:00 DEBUG 13592 --- [gestionUser] [nio-8081-exec-6] o.s.security.web.FilterChainProxy        : Securing GET /api/stations/geocode?query=18,%20rue%20de%20l%27Usine%20-%20ZI%20A%C3%A9roport%20Charguia%20II
2026-04-15T19:28:04.407+01:00  INFO 13592 --- [gestionUser] [nio-8081-exec-6] t.e.s.baladna.user.security.JwtFilter    : Request to: /api/stations/geocode - Auth header: present
2026-04-15T19:28:04.407+01:00  INFO 13592 --- [gestionUser] [nio-8081-exec-6] t.e.s.baladna.user.security.JwtFilter    : Token extracted (length: 167)
2026-04-15T19:28:04.416+01:00  INFO 13592 --- [gestionUser] [nio-8081-exec-6] t.e.s.baladna.user.security.JwtFilter    : Email extracted from token: ahmedm12@gmail.com
2026-04-15T19:28:04.417+01:00 DEBUG 13592 --- [gestionUser] [nio-8081-exec-6] org.hibernate.SQL                        : select u1_0.id,u1_0.email,u1_0.first_name,u1_0.last_login,u1_0.last_name,u1_0.password,u1_0.preferred_language,u1_0.profile_photo,u1_0.role,u1_0.status from user u1_0 where u1_0.email=?
Hibernate: select u1_0.id,u1_0.email,u1_0.first_name,u1_0.last_login,u1_0.last_name,u1_0.password,u1_0.preferred_language,u1_0.profile_photo,u1_0.role,u1_0.status from user u1_0 where u1_0.email=?
2026-04-15T19:28:04.423+01:00  INFO 13592 --- [gestionUser] [nio-8081-exec-6] t.e.s.baladna.user.security.JwtFilter    : User found: ahmedm12@gmail.com with role: HOST
2026-04-15T19:28:04.423+01:00  INFO 13592 --- [gestionUser] [nio-8081-exec-6] t.e.s.baladna.user.security.JwtFilter    : Setting authentication with role: ROLE_HOST
2026-04-15T19:28:04.423+01:00  INFO 13592 --- [gestionUser] [nio-8081-exec-6] t.e.s.baladna.user.security.JwtFilter    : Authentication set successfully
2026-04-15T19:28:04.425+01:00 DEBUG 13592 --- [gestionUser] [nio-8081-exec-6] o.s.security.web.FilterChainProxy        : Secured GET /api/stations/geocode?query=18,%20rue%20de%20l%27Usine%20-%20ZI%20A%C3%A9roport%20Charguia%20II
2026-04-15T19:28:04.426+01:00 DEBUG 13592 --- [gestionUser] [nio-8081-exec-6] o.s.web.servlet.DispatcherServlet        : GET "/api/stations/geocode?query=18,%20rue%20de%20l%27Usine%20-%20ZI%20A%C3%A9roport%20Charguia%20II", parameters={masked}
2026-04-15T19:28:04.427+01:00 DEBUG 13592 --- [gestionUser] [nio-8081-exec-6] s.w.s.m.m.a.RequestMappingHandlerMapping : Mapped to tn.esprit.spring.baladna.transport.controller.StationController#geocodeLocation(String)
2026-04-15T19:28:04.429+01:00 DEBUG 13592 --- [gestionUser] [nio-8081-exec-6] o.s.web.client.RestTemplate              : HTTP GET https://nominatim.openstreetmap.org/search?q=18,%2520rue%2520de%2520l'Usine%2520-%2520ZI%2520A%25C3%25A9roport%2520Charguia%2520II&format=jsonv2&addressdetails=1&countrycodes=tn&viewbox=7.0,37.6,11.8,30.0&bounded=1&limit=5
2026-04-15T19:28:04.429+01:00 DEBUG 13592 --- [gestionUser] [nio-8081-exec-6] o.s.web.client.RestTemplate              : Accept=[text/plain, application/json, application/yaml, application/*+json, */*]
2026-04-15T19:28:04.572+01:00 DEBUG 13592 --- [gestionUser] [nio-8081-exec-6] o.s.web.client.RestTemplate              : Response 200 OK
2026-04-15T19:28:04.577+01:00 DEBUG 13592 --- [gestionUser] [nio-8081-exec-6] o.s.web.client.RestTemplate              : Reading to [java.lang.String] as "application/json;charset=utf-8"
2026-04-15T19:28:04.578+01:00 DEBUG 13592 --- [gestionUser] [nio-8081-exec-6] o.s.web.client.RestTemplate              : HTTP GET https://nominatim.openstreetmap.org/search?q=18,%2520rue%2520de%2520l'Usine%2520-%2520ZI%2520A%25C3%25A9roport%2520Charguia%2520II,%2520Tunisie&format=jsonv2&addressdetails=1&countrycodes=tn&viewbox=7.0,37.6,11.8,30.0&bounded=1&limit=5
2026-04-15T19:28:04.578+01:00 DEBUG 13592 --- [gestionUser] [nio-8081-exec-6] o.s.web.client.RestTemplate              : Accept=[text/plain, application/json, application/yaml, application/*+json, */*]
2026-04-15T19:28:04.647+01:00 DEBUG 13592 --- [gestionUser] [nio-8081-exec-6] o.s.web.client.RestTemplate              : Response 200 OK
2026-04-15T19:28:04.656+01:00 DEBUG 13592 --- [gestionUser] [nio-8081-exec-6] o.s.web.client.RestTemplate              : Reading to [java.lang.String] as "application/json;charset=utf-8"
2026-04-15T19:28:04.658+01:00 DEBUG 13592 --- [gestionUser] [nio-8081-exec-6] o.s.web.client.RestTemplate              : HTTP GET https://nominatim.openstreetmap.org/search?q=18,%2520rue%2520de%2520l'Usine%2520-%2520ZI%2520A%25C3%25A9roport%2520Charguia%2520II,%2520Tunisia&format=jsonv2&addressdetails=1&countrycodes=tn&viewbox=7.0,37.6,11.8,30.0&bounded=1&limit=5
2026-04-15T19:28:04.658+01:00 DEBUG 13592 --- [gestionUser] [nio-8081-exec-6] o.s.web.client.RestTemplate              : Accept=[text/plain, application/json, application/yaml, application/*+json, */*]
2026-04-15T19:28:04.742+01:00 DEBUG 13592 --- [gestionUser] [nio-8081-exec-6] o.s.web.client.RestTemplate              : Response 200 OK
2026-04-15T19:28:04.749+01:00 DEBUG 13592 --- [gestionUser] [nio-8081-exec-6] o.s.web.client.RestTemplate              : Reading to [java.lang.String] as "application/json;charset=utf-8"
2026-04-15T19:28:04.751+01:00 DEBUG 13592 --- [gestionUser] [nio-8081-exec-6] o.s.web.client.RestTemplate              : HTTP GET https://nominatim.openstreetmap.org/search?q=18,%2520rue%2520de%2520l'Usine%2520-%2520ZI%2520A%25C3%25A9roport%2520Charguia%2520II%2520Tunis&format=jsonv2&addressdetails=1&countrycodes=tn&viewbox=7.0,37.6,11.8,30.0&bounded=1&limit=5
2026-04-15T19:28:04.751+01:00 DEBUG 13592 --- [gestionUser] [nio-8081-exec-6] o.s.web.client.RestTemplate              : Accept=[text/plain, application/json, application/yaml, application/*+json, */*]
2026-04-15T19:28:04.808+01:00 DEBUG 13592 --- [gestionUser] [nio-8081-exec-6] o.s.web.client.RestTemplate              : Response 200 OK
2026-04-15T19:28:04.811+01:00 DEBUG 13592 --- [gestionUser] [nio-8081-exec-6] o.s.web.client.RestTemplate              : Reading to [java.lang.String] as "application/json;charset=utf-8"
2026-04-15T19:28:04.811+01:00 DEBUG 13592 --- [gestionUser] [nio-8081-exec-6] m.m.a.RequestResponseBodyMethodProcessor : Using 'application/json', given [application/json, text/plain, */*] and supported [application/json, application/*+json, application/yaml]
2026-04-15T19:28:04.811+01:00 DEBUG 13592 --- [gestionUser] [nio-8081-exec-6] m.m.a.RequestResponseBodyMethodProcessor : Writing [[]]
2026-04-15T19:28:04.814+01:00 DEBUG 13592 --- [gestionUser] [nio-8081-exec-6] o.s.web.servlet.DispatcherServlet        : Completed 200 OK
2026-04-15T19:28:18.258+01:00 DEBUG 13592 --- [gestionUser] [nio-8081-exec-5] o.s.security.web.FilterChainProxy        : Securing OPTIONS /api/stations
2026-04-15T19:28:18.258+01:00 DEBUG 13592 --- [gestionUser] [nio-8081-exec-9] o.s.security.web.FilterChainProxy        : Securing OPTIONS /api/trajets
2026-04-15T19:28:18.266+01:00 DEBUG 13592 --- [gestionUser] [nio-8081-exec-2] o.s.security.web.FilterChainProxy        : Securing GET /api/trajets
2026-04-15T19:28:18.269+01:00 DEBUG 13592 --- [gestionUser] [io-8081-exec-10] o.s.security.web.FilterChainProxy        : Securing GET /api/stations
2026-04-15T19:28:18.269+01:00  INFO 13592 --- [gestionUser] [nio-8081-exec-2] t.e.s.baladna.user.security.JwtFilter    : Request to: /api/trajets - Auth header: present
2026-04-15T19:28:18.271+01:00  INFO 13592 --- [gestionUser] [io-8081-exec-10] t.e.s.baladna.user.security.JwtFilter    : Request to: /api/stations - Auth header: present
2026-04-15T19:28:18.271+01:00  INFO 13592 --- [gestionUser] [nio-8081-exec-2] t.e.s.baladna.user.security.JwtFilter    : Token extracted (length: 167)
2026-04-15T19:28:18.272+01:00  INFO 13592 --- [gestionUser] [io-8081-exec-10] t.e.s.baladna.user.security.JwtFilter    : Token extracted (length: 167)
2026-04-15T19:28:18.276+01:00  INFO 13592 --- [gestionUser] [io-8081-exec-10] t.e.s.baladna.user.security.JwtFilter    : Email extracted from token: ahmedm12@gmail.com
2026-04-15T19:28:18.277+01:00  INFO 13592 --- [gestionUser] [nio-8081-exec-2] t.e.s.baladna.user.security.JwtFilter    : Email extracted from token: ahmedm12@gmail.com
2026-04-15T19:28:18.277+01:00 DEBUG 13592 --- [gestionUser] [io-8081-exec-10] org.hibernate.SQL                        : select u1_0.id,u1_0.email,u1_0.first_name,u1_0.last_login,u1_0.last_name,u1_0.password,u1_0.preferred_language,u1_0.profile_photo,u1_0.role,u1_0.status from user u1_0 where u1_0.email=?
Hibernate: select u1_0.id,u1_0.email,u1_0.first_name,u1_0.last_login,u1_0.last_name,u1_0.password,u1_0.preferred_language,u1_0.profile_photo,u1_0.role,u1_0.status from user u1_0 where u1_0.email=?
2026-04-15T19:28:18.277+01:00 DEBUG 13592 --- [gestionUser] [nio-8081-exec-2] org.hibernate.SQL                        : select u1_0.id,u1_0.email,u1_0.first_name,u1_0.last_login,u1_0.last_name,u1_0.password,u1_0.preferred_language,u1_0.profile_photo,u1_0.role,u1_0.status from user u1_0 where u1_0.email=?
Hibernate: select u1_0.id,u1_0.email,u1_0.first_name,u1_0.last_login,u1_0.last_name,u1_0.password,u1_0.preferred_language,u1_0.profile_photo,u1_0.role,u1_0.status from user u1_0 where u1_0.email=?
2026-04-15T19:28:18.283+01:00  INFO 13592 --- [gestionUser] [io-8081-exec-10] t.e.s.baladna.user.security.JwtFilter    : User found: ahmedm12@gmail.com with role: HOST
2026-04-15T19:28:18.285+01:00  INFO 13592 --- [gestionUser] [nio-8081-exec-2] t.e.s.baladna.user.security.JwtFilter    : User found: ahmedm12@gmail.com with role: HOST
2026-04-15T19:28:18.285+01:00  INFO 13592 --- [gestionUser] [io-8081-exec-10] t.e.s.baladna.user.security.JwtFilter    : Setting authentication with role: ROLE_HOST
2026-04-15T19:28:18.285+01:00  INFO 13592 --- [gestionUser] [nio-8081-exec-2] t.e.s.baladna.user.security.JwtFilter    : Setting authentication with role: ROLE_HOST
2026-04-15T19:28:18.285+01:00  INFO 13592 --- [gestionUser] [io-8081-exec-10] t.e.s.baladna.user.security.JwtFilter    : Authentication set successfully
2026-04-15T19:28:18.285+01:00  INFO 13592 --- [gestionUser] [nio-8081-exec-2] t.e.s.baladna.user.security.JwtFilter    : Authentication set successfully
2026-04-15T19:28:18.285+01:00 DEBUG 13592 --- [gestionUser] [io-8081-exec-10] o.s.security.web.FilterChainProxy        : Secured GET /api/stations
2026-04-15T19:28:18.288+01:00 DEBUG 13592 --- [gestionUser] [nio-8081-exec-2] o.s.security.web.FilterChainProxy        : Secured GET /api/trajets
2026-04-15T19:28:18.288+01:00 DEBUG 13592 --- [gestionUser] [io-8081-exec-10] o.s.web.servlet.DispatcherServlet        : GET "/api/stations", parameters={}
2026-04-15T19:28:18.289+01:00 DEBUG 13592 --- [gestionUser] [nio-8081-exec-2] o.s.web.servlet.DispatcherServlet        : GET "/api/trajets", parameters={}
2026-04-15T19:28:18.289+01:00 DEBUG 13592 --- [gestionUser] [io-8081-exec-10] s.w.s.m.m.a.RequestMappingHandlerMapping : Mapped to tn.esprit.spring.baladna.transport.controller.StationController#getAllStations()
2026-04-15T19:28:18.291+01:00 DEBUG 13592 --- [gestionUser] [nio-8081-exec-2] s.w.s.m.m.a.RequestMappingHandlerMapping : Mapped to tn.esprit.spring.baladna.transport.controller.TrajetController#getAllTrajets()
2026-04-15T19:28:18.294+01:00 DEBUG 13592 --- [gestionUser] [io-8081-exec-10] org.hibernate.SQL                        : select s1_0.id,s1_0.city,s1_0.downtown,s1_0.latitude,s1_0.longitude,s1_0.name,s1_0.surcharge from stations s1_0
Hibernate: select s1_0.id,s1_0.city,s1_0.downtown,s1_0.latitude,s1_0.longitude,s1_0.name,s1_0.surcharge from stations s1_0
2026-04-15T19:28:18.294+01:00 DEBUG 13592 --- [gestionUser] [nio-8081-exec-2] org.hibernate.SQL                        : select t1_0.id,t1_0.arrival_station_id,t1_0.departure_station_id,t1_0.distance_km,t1_0.estimated_duration_minutes,t1_0.price_per_km,t1_0.route_geo_json from trajets t1_0
Hibernate: select t1_0.id,t1_0.arrival_station_id,t1_0.departure_station_id,t1_0.distance_km,t1_0.estimated_duration_minutes,t1_0.price_per_km,t1_0.route_geo_json from trajets t1_0
2026-04-15T19:28:18.300+01:00 DEBUG 13592 --- [gestionUser] [nio-8081-exec-2] org.hibernate.SQL                        : select s1_0.id,s1_0.city,s1_0.downtown,s1_0.latitude,s1_0.longitude,s1_0.name,s1_0.surcharge from stations s1_0 where s1_0.id=?
Hibernate: select s1_0.id,s1_0.city,s1_0.downtown,s1_0.latitude,s1_0.longitude,s1_0.name,s1_0.surcharge from stations s1_0 where s1_0.id=?
2026-04-15T19:28:18.304+01:00 DEBUG 13592 --- [gestionUser] [nio-8081-exec-2] org.hibernate.SQL                        : select s1_0.id,s1_0.city,s1_0.downtown,s1_0.latitude,s1_0.longitude,s1_0.name,s1_0.surcharge from stations s1_0 where s1_0.id=?
2026-04-15T19:28:18.304+01:00 DEBUG 13592 --- [gestionUser] [io-8081-exec-10] m.m.a.RequestResponseBodyMethodProcessor : Using 'application/json', given [application/json, text/plain, */*] and supported [application/json, application/*+json, application/yaml]
Hibernate: select s1_0.id,s1_0.city,s1_0.downtown,s1_0.latitude,s1_0.longitude,s1_0.name,s1_0.surcharge from stations s1_0 where s1_0.id=?
2026-04-15T19:28:18.306+01:00 DEBUG 13592 --- [gestionUser] [io-8081-exec-10] m.m.a.RequestResponseBodyMethodProcessor : Writing [[StationDTO(id=5, name=Barcelone, city=kbeli, surcharge=3.0, downtown=true, latitude=0.0, longitude= (truncated)...]
2026-04-15T19:28:18.306+01:00 DEBUG 13592 --- [gestionUser] [io-8081-exec-10] o.s.web.servlet.DispatcherServlet        : Completed 200 OK
2026-04-15T19:28:18.306+01:00 DEBUG 13592 --- [gestionUser] [nio-8081-exec-2] org.hibernate.SQL                        : select s1_0.id,s1_0.city,s1_0.downtown,s1_0.latitude,s1_0.longitude,s1_0.name,s1_0.surcharge from stations s1_0 where s1_0.id=?
Hibernate: select s1_0.id,s1_0.city,s1_0.downtown,s1_0.latitude,s1_0.longitude,s1_0.name,s1_0.surcharge from stations s1_0 where s1_0.id=?
2026-04-15T19:28:18.306+01:00 DEBUG 13592 --- [gestionUser] [nio-8081-exec-2] org.hibernate.SQL                        : select s1_0.id,s1_0.city,s1_0.downtown,s1_0.latitude,s1_0.longitude,s1_0.name,s1_0.surcharge from stations s1_0 where s1_0.id=?
Hibernate: select s1_0.id,s1_0.city,s1_0.downtown,s1_0.latitude,s1_0.longitude,s1_0.name,s1_0.surcharge from stations s1_0 where s1_0.id=?
2026-04-15T19:28:18.319+01:00 DEBUG 13592 --- [gestionUser] [nio-8081-exec-2] org.hibernate.SQL                        : select s1_0.id,s1_0.city,s1_0.downtown,s1_0.latitude,s1_0.longitude,s1_0.name,s1_0.surcharge from stations s1_0 where s1_0.id=?
Hibernate: select s1_0.id,s1_0.city,s1_0.downtown,s1_0.latitude,s1_0.longitude,s1_0.name,s1_0.surcharge from stations s1_0 where s1_0.id=?
2026-04-15T19:28:18.323+01:00 DEBUG 13592 --- [gestionUser] [nio-8081-exec-2] org.hibernate.SQL                        : select s1_0.id,s1_0.city,s1_0.downtown,s1_0.latitude,s1_0.longitude,s1_0.name,s1_0.surcharge from stations s1_0 where s1_0.id=?
Hibernate: select s1_0.id,s1_0.city,s1_0.downtown,s1_0.latitude,s1_0.longitude,s1_0.name,s1_0.surcharge from stations s1_0 where s1_0.id=?
2026-04-15T19:28:18.328+01:00 DEBUG 13592 --- [gestionUser] [nio-8081-exec-2] m.m.a.RequestResponseBodyMethodProcessor : Using 'application/json', given [application/json, text/plain, */*] and supported [application/json, application/*+json, application/yaml]
2026-04-15T19:28:18.328+01:00 DEBUG 13592 --- [gestionUser] [nio-8081-exec-2] m.m.a.RequestResponseBodyMethodProcessor : Writing [[TrajetDTO(id=2, departureStationId=5, departureStationName=Barcelone, arrivalStationId=6, arrivalSt (truncated)...]
2026-04-15T19:28:18.333+01:00 DEBUG 13592 --- [gestionUser] [nio-8081-exec-2] o.s.web.servlet.DispatcherServlet        : Completed 200 OK
2026-04-15T19:28:28.687+01:00 DEBUG 13592 --- [gestionUser] [nio-8081-exec-3] o.s.security.web.FilterChainProxy        : Securing OPTIONS /api/stations
2026-04-15T19:28:28.687+01:00 DEBUG 13592 --- [gestionUser] [nio-8081-exec-1] o.s.security.web.FilterChainProxy        : Securing OPTIONS /api/trajets
2026-04-15T19:28:28.691+01:00 DEBUG 13592 --- [gestionUser] [nio-8081-exec-4] o.s.security.web.FilterChainProxy        : Securing OPTIONS /api/transports
2026-04-15T19:28:28.702+01:00 DEBUG 13592 --- [gestionUser] [nio-8081-exec-7] o.s.security.web.FilterChainProxy        : Securing GET /api/trajets
2026-04-15T19:28:28.706+01:00  INFO 13592 --- [gestionUser] [nio-8081-exec-7] t.e.s.baladna.user.security.JwtFilter    : Request to: /api/trajets - Auth header: present
2026-04-15T19:28:28.706+01:00 DEBUG 13592 --- [gestionUser] [nio-8081-exec-6] o.s.security.web.FilterChainProxy        : Securing GET /api/transports
2026-04-15T19:28:28.706+01:00 DEBUG 13592 --- [gestionUser] [nio-8081-exec-8] o.s.security.web.FilterChainProxy        : Securing GET /api/stations
2026-04-15T19:28:28.708+01:00  INFO 13592 --- [gestionUser] [nio-8081-exec-7] t.e.s.baladna.user.security.JwtFilter    : Token extracted (length: 167)
2026-04-15T19:28:28.708+01:00  INFO 13592 --- [gestionUser] [nio-8081-exec-6] t.e.s.baladna.user.security.JwtFilter    : Request to: /api/transports - Auth header: present
2026-04-15T19:28:28.708+01:00  INFO 13592 --- [gestionUser] [nio-8081-exec-8] t.e.s.baladna.user.security.JwtFilter    : Request to: /api/stations - Auth header: present
2026-04-15T19:28:28.708+01:00  INFO 13592 --- [gestionUser] [nio-8081-exec-6] t.e.s.baladna.user.security.JwtFilter    : Token extracted (length: 167)
2026-04-15T19:28:28.708+01:00  INFO 13592 --- [gestionUser] [nio-8081-exec-8] t.e.s.baladna.user.security.JwtFilter    : Token extracted (length: 167)
2026-04-15T19:28:28.708+01:00  INFO 13592 --- [gestionUser] [nio-8081-exec-7] t.e.s.baladna.user.security.JwtFilter    : Email extracted from token: ahmedm12@gmail.com
2026-04-15T19:28:28.708+01:00  INFO 13592 --- [gestionUser] [nio-8081-exec-6] t.e.s.baladna.user.security.JwtFilter    : Email extracted from token: ahmedm12@gmail.com
2026-04-15T19:28:28.708+01:00 DEBUG 13592 --- [gestionUser] [nio-8081-exec-7] org.hibernate.SQL                        : select u1_0.id,u1_0.email,u1_0.first_name,u1_0.last_login,u1_0.last_name,u1_0.password,u1_0.preferred_language,u1_0.profile_photo,u1_0.role,u1_0.status from user u1_0 where u1_0.email=?
Hibernate: select u1_0.id,u1_0.email,u1_0.first_name,u1_0.last_login,u1_0.last_name,u1_0.password,u1_0.preferred_language,u1_0.profile_photo,u1_0.role,u1_0.status from user u1_0 where u1_0.email=?
2026-04-15T19:28:28.714+01:00  INFO 13592 --- [gestionUser] [nio-8081-exec-8] t.e.s.baladna.user.security.JwtFilter    : Email extracted from token: ahmedm12@gmail.com
2026-04-15T19:28:28.714+01:00 DEBUG 13592 --- [gestionUser] [nio-8081-exec-6] org.hibernate.SQL                        : select u1_0.id,u1_0.email,u1_0.first_name,u1_0.last_login,u1_0.last_name,u1_0.password,u1_0.preferred_language,u1_0.profile_photo,u1_0.role,u1_0.status from user u1_0 where u1_0.email=?
Hibernate: select u1_0.id,u1_0.email,u1_0.first_name,u1_0.last_login,u1_0.last_name,u1_0.password,u1_0.preferred_language,u1_0.profile_photo,u1_0.role,u1_0.status from user u1_0 where u1_0.email=?
2026-04-15T19:28:28.716+01:00 DEBUG 13592 --- [gestionUser] [nio-8081-exec-8] org.hibernate.SQL                        : select u1_0.id,u1_0.email,u1_0.first_name,u1_0.last_login,u1_0.last_name,u1_0.password,u1_0.preferred_language,u1_0.profile_photo,u1_0.role,u1_0.status from user u1_0 where u1_0.email=?
Hibernate: select u1_0.id,u1_0.email,u1_0.first_name,u1_0.last_login,u1_0.last_name,u1_0.password,u1_0.preferred_language,u1_0.profile_photo,u1_0.role,u1_0.status from user u1_0 where u1_0.email=?
2026-04-15T19:28:28.719+01:00  INFO 13592 --- [gestionUser] [nio-8081-exec-7] t.e.s.baladna.user.security.JwtFilter    : User found: ahmedm12@gmail.com with role: HOST
2026-04-15T19:28:28.720+01:00  INFO 13592 --- [gestionUser] [nio-8081-exec-6] t.e.s.baladna.user.security.JwtFilter    : User found: ahmedm12@gmail.com with role: HOST
2026-04-15T19:28:28.720+01:00  INFO 13592 --- [gestionUser] [nio-8081-exec-7] t.e.s.baladna.user.security.JwtFilter    : Setting authentication with role: ROLE_HOST
2026-04-15T19:28:28.720+01:00  INFO 13592 --- [gestionUser] [nio-8081-exec-6] t.e.s.baladna.user.security.JwtFilter    : Setting authentication with role: ROLE_HOST
2026-04-15T19:28:28.720+01:00  INFO 13592 --- [gestionUser] [nio-8081-exec-7] t.e.s.baladna.user.security.JwtFilter    : Authentication set successfully
2026-04-15T19:28:28.722+01:00  INFO 13592 --- [gestionUser] [nio-8081-exec-8] t.e.s.baladna.user.security.JwtFilter    : User found: ahmedm12@gmail.com with role: HOST
2026-04-15T19:28:28.722+01:00  INFO 13592 --- [gestionUser] [nio-8081-exec-6] t.e.s.baladna.user.security.JwtFilter    : Authentication set successfully
2026-04-15T19:28:28.723+01:00 DEBUG 13592 --- [gestionUser] [nio-8081-exec-7] o.s.security.web.FilterChainProxy        : Secured GET /api/trajets
2026-04-15T19:28:28.723+01:00  INFO 13592 --- [gestionUser] [nio-8081-exec-8] t.e.s.baladna.user.security.JwtFilter    : Setting authentication with role: ROLE_HOST
2026-04-15T19:28:28.723+01:00 DEBUG 13592 --- [gestionUser] [nio-8081-exec-6] o.s.security.web.FilterChainProxy        : Secured GET /api/transports
2026-04-15T19:28:28.723+01:00 DEBUG 13592 --- [gestionUser] [nio-8081-exec-7] o.s.web.servlet.DispatcherServlet        : GET "/api/trajets", parameters={}
2026-04-15T19:28:28.725+01:00  INFO 13592 --- [gestionUser] [nio-8081-exec-8] t.e.s.baladna.user.security.JwtFilter    : Authentication set successfully
2026-04-15T19:28:28.726+01:00 DEBUG 13592 --- [gestionUser] [nio-8081-exec-6] o.s.web.servlet.DispatcherServlet        : GET "/api/transports", parameters={}
2026-04-15T19:28:28.726+01:00 DEBUG 13592 --- [gestionUser] [nio-8081-exec-7] s.w.s.m.m.a.RequestMappingHandlerMapping : Mapped to tn.esprit.spring.baladna.transport.controller.TrajetController#getAllTrajets()
2026-04-15T19:28:28.726+01:00 DEBUG 13592 --- [gestionUser] [nio-8081-exec-8] o.s.security.web.FilterChainProxy        : Secured GET /api/stations
2026-04-15T19:28:28.726+01:00 DEBUG 13592 --- [gestionUser] [nio-8081-exec-6] s.w.s.m.m.a.RequestMappingHandlerMapping : Mapped to tn.esprit.spring.baladna.transport.controller.TransportController#getAllTransports()
2026-04-15T19:28:28.726+01:00 DEBUG 13592 --- [gestionUser] [nio-8081-exec-8] o.s.web.servlet.DispatcherServlet        : GET "/api/stations", parameters={}
2026-04-15T19:28:28.729+01:00 DEBUG 13592 --- [gestionUser] [nio-8081-exec-8] s.w.s.m.m.a.RequestMappingHandlerMapping : Mapped to tn.esprit.spring.baladna.transport.controller.StationController#getAllStations()
2026-04-15T19:28:28.731+01:00 DEBUG 13592 --- [gestionUser] [nio-8081-exec-7] org.hibernate.SQL                        : select t1_0.id,t1_0.arrival_station_id,t1_0.departure_station_id,t1_0.distance_km,t1_0.estimated_duration_minutes,t1_0.price_per_km,t1_0.route_geo_json from trajets t1_0
Hibernate: select t1_0.id,t1_0.arrival_station_id,t1_0.departure_station_id,t1_0.distance_km,t1_0.estimated_duration_minutes,t1_0.price_per_km,t1_0.route_geo_json from trajets t1_0
2026-04-15T19:28:28.732+01:00 DEBUG 13592 --- [gestionUser] [nio-8081-exec-6] org.hibernate.SQL                        : select t1_0.id,t1_0.available_seats,t1_0.base_price,t1_0.departure_date,t1_0.departure_point,t1_0.status,t1_0.total_capacity,t1_0.traffic_jam,t1_0.trajet_id,t1_0.weather,t1_0.weather_source from transports t1_0
Hibernate: select t1_0.id,t1_0.available_seats,t1_0.base_price,t1_0.departure_date,t1_0.departure_point,t1_0.status,t1_0.total_capacity,t1_0.traffic_jam,t1_0.trajet_id,t1_0.weather,t1_0.weather_source from transports t1_0
2026-04-15T19:28:28.732+01:00 DEBUG 13592 --- [gestionUser] [nio-8081-exec-8] org.hibernate.SQL                        : select s1_0.id,s1_0.city,s1_0.downtown,s1_0.latitude,s1_0.longitude,s1_0.name,s1_0.surcharge from stations s1_0
Hibernate: select s1_0.id,s1_0.city,s1_0.downtown,s1_0.latitude,s1_0.longitude,s1_0.name,s1_0.surcharge from stations s1_0
2026-04-15T19:28:28.738+01:00 DEBUG 13592 --- [gestionUser] [nio-8081-exec-7] org.hibernate.SQL                        : select s1_0.id,s1_0.city,s1_0.downtown,s1_0.latitude,s1_0.longitude,s1_0.name,s1_0.surcharge from stations s1_0 where s1_0.id=?
Hibernate: select s1_0.id,s1_0.city,s1_0.downtown,s1_0.latitude,s1_0.longitude,s1_0.name,s1_0.surcharge from stations s1_0 where s1_0.id=?
2026-04-15T19:28:28.738+01:00 DEBUG 13592 --- [gestionUser] [nio-8081-exec-6] org.hibernate.SQL                        : select t1_0.id,t1_0.arrival_station_id,as1_0.id,as1_0.city,as1_0.downtown,as1_0.latitude,as1_0.longitude,as1_0.name,as1_0.surcharge,t1_0.departure_station_id,ds1_0.id,ds1_0.city,ds1_0.downtown,ds1_0.latitude,ds1_0.longitude,ds1_0.name,ds1_0.surcharge,t1_0.distance_km,t1_0.estimated_duration_minutes,t1_0.price_per_km,t1_0.route_geo_json from trajets t1_0 join stations as1_0 on as1_0.id=t1_0.arrival_station_id join stations ds1_0 on ds1_0.id=t1_0.departure_station_id where t1_0.id=?
Hibernate: select t1_0.id,t1_0.arrival_station_id,as1_0.id,as1_0.city,as1_0.downtown,as1_0.latitude,as1_0.longitude,as1_0.name,as1_0.surcharge,t1_0.departure_station_id,ds1_0.id,ds1_0.city,ds1_0.downtown,ds1_0.latitude,ds1_0.longitude,ds1_0.name,ds1_0.surcharge,t1_0.distance_km,t1_0.estimated_duration_minutes,t1_0.price_per_km,t1_0.route_geo_json from trajets t1_0 join stations as1_0 on as1_0.id=t1_0.arrival_station_id join stations ds1_0 on ds1_0.id=t1_0.departure_station_id where t1_0.id=?
2026-04-15T19:28:28.742+01:00 DEBUG 13592 --- [gestionUser] [nio-8081-exec-7] org.hibernate.SQL                        : select s1_0.id,s1_0.city,s1_0.downtown,s1_0.latitude,s1_0.longitude,s1_0.name,s1_0.surcharge from stations s1_0 where s1_0.id=?
Hibernate: select s1_0.id,s1_0.city,s1_0.downtown,s1_0.latitude,s1_0.longitude,s1_0.name,s1_0.surcharge from stations s1_0 where s1_0.id=?
2026-04-15T19:28:28.742+01:00 DEBUG 13592 --- [gestionUser] [nio-8081-exec-8] m.m.a.RequestResponseBodyMethodProcessor : Using 'application/json', given [application/json, text/plain, */*] and supported [application/json, application/*+json, application/yaml]
2026-04-15T19:28:28.744+01:00 DEBUG 13592 --- [gestionUser] [nio-8081-exec-8] m.m.a.RequestResponseBodyMethodProcessor : Writing [[StationDTO(id=5, name=Barcelone, city=kbeli, surcharge=3.0, downtown=true, latitude=0.0, longitude= (truncated)...]
2026-04-15T19:28:28.744+01:00 DEBUG 13592 --- [gestionUser] [nio-8081-exec-7] org.hibernate.SQL                        : select s1_0.id,s1_0.city,s1_0.downtown,s1_0.latitude,s1_0.longitude,s1_0.name,s1_0.surcharge from stations s1_0 where s1_0.id=?
Hibernate: select s1_0.id,s1_0.city,s1_0.downtown,s1_0.latitude,s1_0.longitude,s1_0.name,s1_0.surcharge from stations s1_0 where s1_0.id=?
2026-04-15T19:28:28.744+01:00 DEBUG 13592 --- [gestionUser] [nio-8081-exec-6] m.m.a.RequestResponseBodyMethodProcessor : Using 'application/json', given [application/json, text/plain, */*] and supported [application/json, application/*+json, application/yaml]
2026-04-15T19:28:28.744+01:00 DEBUG 13592 --- [gestionUser] [nio-8081-exec-8] o.s.web.servlet.DispatcherServlet        : Completed 200 OK
2026-04-15T19:28:28.747+01:00 DEBUG 13592 --- [gestionUser] [nio-8081-exec-6] m.m.a.RequestResponseBodyMethodProcessor : Writing [[TransportDTO(id=3, departurePoint=Zied, departureDate=2026-04-22T21:53, realDepartureDate=2026-04-2 (truncated)...]
2026-04-15T19:28:28.748+01:00 DEBUG 13592 --- [gestionUser] [nio-8081-exec-7] org.hibernate.SQL                        : select s1_0.id,s1_0.city,s1_0.downtown,s1_0.latitude,s1_0.longitude,s1_0.name,s1_0.surcharge from stations s1_0 where s1_0.id=?
Hibernate: select s1_0.id,s1_0.city,s1_0.downtown,s1_0.latitude,s1_0.longitude,s1_0.name,s1_0.surcharge from stations s1_0 where s1_0.id=?
2026-04-15T19:28:28.751+01:00 DEBUG 13592 --- [gestionUser] [nio-8081-exec-6] o.s.web.servlet.DispatcherServlet        : Completed 200 OK
2026-04-15T19:28:28.753+01:00 DEBUG 13592 --- [gestionUser] [nio-8081-exec-7] org.hibernate.SQL                        : select s1_0.id,s1_0.city,s1_0.downtown,s1_0.latitude,s1_0.longitude,s1_0.name,s1_0.surcharge from stations s1_0 where s1_0.id=?
Hibernate: select s1_0.id,s1_0.city,s1_0.downtown,s1_0.latitude,s1_0.longitude,s1_0.name,s1_0.surcharge from stations s1_0 where s1_0.id=?
2026-04-15T19:28:28.756+01:00 DEBUG 13592 --- [gestionUser] [nio-8081-exec-7] org.hibernate.SQL                        : select s1_0.id,s1_0.city,s1_0.downtown,s1_0.latitude,s1_0.longitude,s1_0.name,s1_0.surcharge from stations s1_0 where s1_0.id=?
Hibernate: select s1_0.id,s1_0.city,s1_0.downtown,s1_0.latitude,s1_0.longitude,s1_0.name,s1_0.surcharge from stations s1_0 where s1_0.id=?
2026-04-15T19:28:28.763+01:00 DEBUG 13592 --- [gestionUser] [nio-8081-exec-7] m.m.a.RequestResponseBodyMethodProcessor : Using 'application/json', given [application/json, text/plain, */*] and supported [application/json, application/*+json, application/yaml]
2026-04-15T19:28:28.765+01:00 DEBUG 13592 --- [gestionUser] [nio-8081-exec-7] m.m.a.RequestResponseBodyMethodProcessor : Writing [[TrajetDTO(id=2, departureStationId=5, departureStationName=Barcelone, arrivalStationId=6, arrivalSt (truncated)...]
2026-04-15T19:28:28.766+01:00 DEBUG 13592 --- [gestionUser] [nio-8081-exec-7] o.s.web.servlet.DispatcherServlet        : Completed 200 OK
2026-04-15T19:28:30.912+01:00 DEBUG 13592 --- [gestionUser] [nio-8081-exec-5] o.s.security.web.FilterChainProxy        : Securing GET /api/stations
2026-04-15T19:28:30.913+01:00 DEBUG 13592 --- [gestionUser] [nio-8081-exec-9] o.s.security.web.FilterChainProxy        : Securing GET /api/trajets
2026-04-15T19:28:30.914+01:00  INFO 13592 --- [gestionUser] [nio-8081-exec-5] t.e.s.baladna.user.security.JwtFilter    : Request to: /api/stations - Auth header: present
2026-04-15T19:28:30.914+01:00  INFO 13592 --- [gestionUser] [nio-8081-exec-9] t.e.s.baladna.user.security.JwtFilter    : Request to: /api/trajets - Auth header: present
2026-04-15T19:28:30.914+01:00  INFO 13592 --- [gestionUser] [nio-8081-exec-5] t.e.s.baladna.user.security.JwtFilter    : Token extracted (length: 167)
2026-04-15T19:28:30.914+01:00  INFO 13592 --- [gestionUser] [nio-8081-exec-9] t.e.s.baladna.user.security.JwtFilter    : Token extracted (length: 167)
2026-04-15T19:28:30.917+01:00  INFO 13592 --- [gestionUser] [nio-8081-exec-5] t.e.s.baladna.user.security.JwtFilter    : Email extracted from token: ahmedm12@gmail.com
2026-04-15T19:28:30.917+01:00  INFO 13592 --- [gestionUser] [nio-8081-exec-9] t.e.s.baladna.user.security.JwtFilter    : Email extracted from token: ahmedm12@gmail.com
2026-04-15T19:28:30.923+01:00 DEBUG 13592 --- [gestionUser] [nio-8081-exec-5] org.hibernate.SQL                        : select u1_0.id,u1_0.email,u1_0.first_name,u1_0.last_login,u1_0.last_name,u1_0.password,u1_0.preferred_language,u1_0.profile_photo,u1_0.role,u1_0.status from user u1_0 where u1_0.email=?
2026-04-15T19:28:30.923+01:00 DEBUG 13592 --- [gestionUser] [nio-8081-exec-9] org.hibernate.SQL                        : select u1_0.id,u1_0.email,u1_0.first_name,u1_0.last_login,u1_0.last_name,u1_0.password,u1_0.preferred_language,u1_0.profile_photo,u1_0.role,u1_0.status from user u1_0 where u1_0.email=?
Hibernate: select u1_0.id,u1_0.email,u1_0.first_name,u1_0.last_login,u1_0.last_name,u1_0.password,u1_0.preferred_language,u1_0.profile_photo,u1_0.role,u1_0.status from user u1_0 where u1_0.email=?
Hibernate: select u1_0.id,u1_0.email,u1_0.first_name,u1_0.last_login,u1_0.last_name,u1_0.password,u1_0.preferred_language,u1_0.profile_photo,u1_0.role,u1_0.status from user u1_0 where u1_0.email=?
2026-04-15T19:28:30.926+01:00  INFO 13592 --- [gestionUser] [nio-8081-exec-5] t.e.s.baladna.user.security.JwtFilter    : User found: ahmedm12@gmail.com with role: HOST
2026-04-15T19:28:30.926+01:00  INFO 13592 --- [gestionUser] [nio-8081-exec-9] t.e.s.baladna.user.security.JwtFilter    : User found: ahmedm12@gmail.com with role: HOST
2026-04-15T19:28:30.928+01:00  INFO 13592 --- [gestionUser] [nio-8081-exec-5] t.e.s.baladna.user.security.JwtFilter    : Setting authentication with role: ROLE_HOST
2026-04-15T19:28:30.928+01:00  INFO 13592 --- [gestionUser] [nio-8081-exec-5] t.e.s.baladna.user.security.JwtFilter    : Authentication set successfully
2026-04-15T19:28:30.928+01:00  INFO 13592 --- [gestionUser] [nio-8081-exec-9] t.e.s.baladna.user.security.JwtFilter    : Setting authentication with role: ROLE_HOST
2026-04-15T19:28:30.928+01:00 DEBUG 13592 --- [gestionUser] [nio-8081-exec-5] o.s.security.web.FilterChainProxy        : Secured GET /api/stations
2026-04-15T19:28:30.928+01:00  INFO 13592 --- [gestionUser] [nio-8081-exec-9] t.e.s.baladna.user.security.JwtFilter    : Authentication set successfully
2026-04-15T19:28:30.928+01:00 DEBUG 13592 --- [gestionUser] [nio-8081-exec-5] o.s.web.servlet.DispatcherServlet        : GET "/api/stations", parameters={}
2026-04-15T19:28:30.928+01:00 DEBUG 13592 --- [gestionUser] [nio-8081-exec-9] o.s.security.web.FilterChainProxy        : Secured GET /api/trajets
2026-04-15T19:28:30.932+01:00 DEBUG 13592 --- [gestionUser] [nio-8081-exec-5] s.w.s.m.m.a.RequestMappingHandlerMapping : Mapped to tn.esprit.spring.baladna.transport.controller.StationController#getAllStations()
2026-04-15T19:28:30.932+01:00 DEBUG 13592 --- [gestionUser] [nio-8081-exec-9] o.s.web.servlet.DispatcherServlet        : GET "/api/trajets", parameters={}
2026-04-15T19:28:30.932+01:00 DEBUG 13592 --- [gestionUser] [nio-8081-exec-9] s.w.s.m.m.a.RequestMappingHandlerMapping : Mapped to tn.esprit.spring.baladna.transport.controller.TrajetController#getAllTrajets()
2026-04-15T19:28:30.939+01:00 DEBUG 13592 --- [gestionUser] [nio-8081-exec-5] org.hibernate.SQL                        : select s1_0.id,s1_0.city,s1_0.downtown,s1_0.latitude,s1_0.longitude,s1_0.name,s1_0.surcharge from stations s1_0
2026-04-15T19:28:30.939+01:00 DEBUG 13592 --- [gestionUser] [nio-8081-exec-9] org.hibernate.SQL                        : select t1_0.id,t1_0.arrival_station_id,t1_0.departure_station_id,t1_0.distance_km,t1_0.estimated_duration_minutes,t1_0.price_per_km,t1_0.route_geo_json from trajets t1_0
Hibernate: select t1_0.id,t1_0.arrival_station_id,t1_0.departure_station_id,t1_0.distance_km,t1_0.estimated_duration_minutes,t1_0.price_per_km,t1_0.route_geo_json from trajets t1_0
Hibernate: select s1_0.id,s1_0.city,s1_0.downtown,s1_0.latitude,s1_0.longitude,s1_0.name,s1_0.surcharge from stations s1_0
2026-04-15T19:28:30.942+01:00 DEBUG 13592 --- [gestionUser] [nio-8081-exec-9] org.hibernate.SQL                        : select s1_0.id,s1_0.city,s1_0.downtown,s1_0.latitude,s1_0.longitude,s1_0.name,s1_0.surcharge from stations s1_0 where s1_0.id=?
Hibernate: select s1_0.id,s1_0.city,s1_0.downtown,s1_0.latitude,s1_0.longitude,s1_0.name,s1_0.surcharge from stations s1_0 where s1_0.id=?
2026-04-15T19:28:30.946+01:00 DEBUG 13592 --- [gestionUser] [nio-8081-exec-9] org.hibernate.SQL                        : select s1_0.id,s1_0.city,s1_0.downtown,s1_0.latitude,s1_0.longitude,s1_0.name,s1_0.surcharge from stations s1_0 where s1_0.id=?
Hibernate: select s1_0.id,s1_0.city,s1_0.downtown,s1_0.latitude,s1_0.longitude,s1_0.name,s1_0.surcharge from stations s1_0 where s1_0.id=?
2026-04-15T19:28:30.947+01:00 DEBUG 13592 --- [gestionUser] [nio-8081-exec-5] m.m.a.RequestResponseBodyMethodProcessor : Using 'application/json', given [application/json, text/plain, */*] and supported [application/json, application/*+json, application/yaml]
2026-04-15T19:28:30.948+01:00 DEBUG 13592 --- [gestionUser] [nio-8081-exec-5] m.m.a.RequestResponseBodyMethodProcessor : Writing [[StationDTO(id=5, name=Barcelone, city=kbeli, surcharge=3.0, downtown=true, latitude=0.0, longitude= (truncated)...]
2026-04-15T19:28:30.951+01:00 DEBUG 13592 --- [gestionUser] [nio-8081-exec-9] org.hibernate.SQL                        : select s1_0.id,s1_0.city,s1_0.downtown,s1_0.latitude,s1_0.longitude,s1_0.name,s1_0.surcharge from stations s1_0 where s1_0.id=?
Hibernate: select s1_0.id,s1_0.city,s1_0.downtown,s1_0.latitude,s1_0.longitude,s1_0.name,s1_0.surcharge from stations s1_0 where s1_0.id=?
2026-04-15T19:28:30.955+01:00 DEBUG 13592 --- [gestionUser] [nio-8081-exec-9] org.hibernate.SQL                        : select s1_0.id,s1_0.city,s1_0.downtown,s1_0.latitude,s1_0.longitude,s1_0.name,s1_0.surcharge from stations s1_0 where s1_0.id=?
Hibernate: select s1_0.id,s1_0.city,s1_0.downtown,s1_0.latitude,s1_0.longitude,s1_0.name,s1_0.surcharge from stations s1_0 where s1_0.id=?
2026-04-15T19:28:30.956+01:00 DEBUG 13592 --- [gestionUser] [nio-8081-exec-5] o.s.web.servlet.DispatcherServlet        : Completed 200 OK
2026-04-15T19:28:30.960+01:00 DEBUG 13592 --- [gestionUser] [nio-8081-exec-9] org.hibernate.SQL                        : select s1_0.id,s1_0.city,s1_0.downtown,s1_0.latitude,s1_0.longitude,s1_0.name,s1_0.surcharge from stations s1_0 where s1_0.id=?
Hibernate: select s1_0.id,s1_0.city,s1_0.downtown,s1_0.latitude,s1_0.longitude,s1_0.name,s1_0.surcharge from stations s1_0 where s1_0.id=?
2026-04-15T19:28:30.964+01:00 DEBUG 13592 --- [gestionUser] [nio-8081-exec-9] org.hibernate.SQL                        : select s1_0.id,s1_0.city,s1_0.downtown,s1_0.latitude,s1_0.longitude,s1_0.name,s1_0.surcharge from stations s1_0 where s1_0.id=?
Hibernate: select s1_0.id,s1_0.city,s1_0.downtown,s1_0.latitude,s1_0.longitude,s1_0.name,s1_0.surcharge from stations s1_0 where s1_0.id=?
2026-04-15T19:28:30.976+01:00 DEBUG 13592 --- [gestionUser] [nio-8081-exec-9] m.m.a.RequestResponseBodyMethodProcessor : Using 'application/json', given [application/json, text/plain, */*] and supported [application/json, application/*+json, application/yaml]
2026-04-15T19:28:30.976+01:00 DEBUG 13592 --- [gestionUser] [nio-8081-exec-9] m.m.a.RequestResponseBodyMethodProcessor : Writing [[TrajetDTO(id=2, departureStationId=5, departureStationName=Barcelone, arrivalStationId=6, arrivalSt (truncated)...]
2026-04-15T19:28:30.980+01:00 DEBUG 13592 --- [gestionUser] [nio-8081-exec-9] o.s.web.servlet.DispatcherServlet        : Completed 200 OK
2026-04-15T19:28:36.288+01:00 DEBUG 13592 --- [gestionUser] [io-8081-exec-10] o.s.security.web.FilterChainProxy        : Securing OPTIONS /api/stations
2026-04-15T19:28:36.307+01:00 DEBUG 13592 --- [gestionUser] [nio-8081-exec-2] o.s.security.web.FilterChainProxy        : Securing GET /api/stations
2026-04-15T19:28:36.312+01:00  INFO 13592 --- [gestionUser] [nio-8081-exec-2] t.e.s.baladna.user.security.JwtFilter    : Request to: /api/stations - Auth header: present
2026-04-15T19:28:36.312+01:00  INFO 13592 --- [gestionUser] [nio-8081-exec-2] t.e.s.baladna.user.security.JwtFilter    : Token extracted (length: 167)
2026-04-15T19:28:36.317+01:00  INFO 13592 --- [gestionUser] [nio-8081-exec-2] t.e.s.baladna.user.security.JwtFilter    : Email extracted from token: ahmedm12@gmail.com
2026-04-15T19:28:36.324+01:00 DEBUG 13592 --- [gestionUser] [nio-8081-exec-2] org.hibernate.SQL                        : select u1_0.id,u1_0.email,u1_0.first_name,u1_0.last_login,u1_0.last_name,u1_0.password,u1_0.preferred_language,u1_0.profile_photo,u1_0.role,u1_0.status from user u1_0 where u1_0.email=?
Hibernate: select u1_0.id,u1_0.email,u1_0.first_name,u1_0.last_login,u1_0.last_name,u1_0.password,u1_0.preferred_language,u1_0.profile_photo,u1_0.role,u1_0.status from user u1_0 where u1_0.email=?
2026-04-15T19:28:36.329+01:00  INFO 13592 --- [gestionUser] [nio-8081-exec-2] t.e.s.baladna.user.security.JwtFilter    : User found: ahmedm12@gmail.com with role: HOST
2026-04-15T19:28:36.330+01:00  INFO 13592 --- [gestionUser] [nio-8081-exec-2] t.e.s.baladna.user.security.JwtFilter    : Setting authentication with role: ROLE_HOST
2026-04-15T19:28:36.331+01:00  INFO 13592 --- [gestionUser] [nio-8081-exec-2] t.e.s.baladna.user.security.JwtFilter    : Authentication set successfully
2026-04-15T19:28:36.332+01:00 DEBUG 13592 --- [gestionUser] [nio-8081-exec-2] o.s.security.web.FilterChainProxy        : Secured GET /api/stations
2026-04-15T19:28:36.334+01:00 DEBUG 13592 --- [gestionUser] [nio-8081-exec-2] o.s.web.servlet.DispatcherServlet        : GET "/api/stations", parameters={}
2026-04-15T19:28:36.335+01:00 DEBUG 13592 --- [gestionUser] [nio-8081-exec-2] s.w.s.m.m.a.RequestMappingHandlerMapping : Mapped to tn.esprit.spring.baladna.transport.controller.StationController#getAllStations()
2026-04-15T19:28:36.341+01:00 DEBUG 13592 --- [gestionUser] [nio-8081-exec-2] org.hibernate.SQL                        : select s1_0.id,s1_0.city,s1_0.downtown,s1_0.latitude,s1_0.longitude,s1_0.name,s1_0.surcharge from stations s1_0
Hibernate: select s1_0.id,s1_0.city,s1_0.downtown,s1_0.latitude,s1_0.longitude,s1_0.name,s1_0.surcharge from stations s1_0
2026-04-15T19:28:36.347+01:00 DEBUG 13592 --- [gestionUser] [nio-8081-exec-2] m.m.a.RequestResponseBodyMethodProcessor : Using 'application/json', given [application/json, text/plain, */*] and supported [application/json, application/*+json, application/yaml]
2026-04-15T19:28:36.347+01:00 DEBUG 13592 --- [gestionUser] [nio-8081-exec-2] m.m.a.RequestResponseBodyMethodProcessor : Writing [[StationDTO(id=5, name=Barcelone, city=kbeli, surcharge=3.0, downtown=true, latitude=0.0, longitude= (truncated)...]
2026-04-15T19:28:36.352+01:00 DEBUG 13592 --- [gestionUser] [nio-8081-exec-2] o.s.web.servlet.DispatcherServlet        : Completed 200 OK
2026-04-15T19:28:58.626+01:00 DEBUG 13592 --- [gestionUser] [nio-8081-exec-1] o.s.security.web.FilterChainProxy        : Securing OPTIONS /api/stations
2026-04-15T19:28:58.637+01:00 DEBUG 13592 --- [gestionUser] [nio-8081-exec-3] o.s.security.web.FilterChainProxy        : Securing OPTIONS /api/trajets
2026-04-15T19:28:58.653+01:00 DEBUG 13592 --- [gestionUser] [nio-8081-exec-4] o.s.security.web.FilterChainProxy        : Securing GET /api/stations
2026-04-15T19:28:58.655+01:00 DEBUG 13592 --- [gestionUser] [nio-8081-exec-8] o.s.security.web.FilterChainProxy        : Securing GET /api/trajets
2026-04-15T19:28:58.657+01:00  INFO 13592 --- [gestionUser] [nio-8081-exec-4] t.e.s.baladna.user.security.JwtFilter    : Request to: /api/stations - Auth header: present
2026-04-15T19:28:58.658+01:00  INFO 13592 --- [gestionUser] [nio-8081-exec-4] t.e.s.baladna.user.security.JwtFilter    : Token extracted (length: 167)
2026-04-15T19:28:58.659+01:00  INFO 13592 --- [gestionUser] [nio-8081-exec-8] t.e.s.baladna.user.security.JwtFilter    : Request to: /api/trajets - Auth header: present
2026-04-15T19:28:58.659+01:00  INFO 13592 --- [gestionUser] [nio-8081-exec-8] t.e.s.baladna.user.security.JwtFilter    : Token extracted (length: 167)
2026-04-15T19:28:58.659+01:00  INFO 13592 --- [gestionUser] [nio-8081-exec-4] t.e.s.baladna.user.security.JwtFilter    : Email extracted from token: ahmedm12@gmail.com
2026-04-15T19:28:58.659+01:00  INFO 13592 --- [gestionUser] [nio-8081-exec-8] t.e.s.baladna.user.security.JwtFilter    : Email extracted from token: ahmedm12@gmail.com
2026-04-15T19:28:58.664+01:00 DEBUG 13592 --- [gestionUser] [nio-8081-exec-4] org.hibernate.SQL                        : select u1_0.id,u1_0.email,u1_0.first_name,u1_0.last_login,u1_0.last_name,u1_0.password,u1_0.preferred_language,u1_0.profile_photo,u1_0.role,u1_0.status from user u1_0 where u1_0.email=?
Hibernate: select u1_0.id,u1_0.email,u1_0.first_name,u1_0.last_login,u1_0.last_name,u1_0.password,u1_0.preferred_language,u1_0.profile_photo,u1_0.role,u1_0.status from user u1_0 where u1_0.email=?
2026-04-15T19:28:58.665+01:00 DEBUG 13592 --- [gestionUser] [nio-8081-exec-8] org.hibernate.SQL                        : select u1_0.id,u1_0.email,u1_0.first_name,u1_0.last_login,u1_0.last_name,u1_0.password,u1_0.preferred_language,u1_0.profile_photo,u1_0.role,u1_0.status from user u1_0 where u1_0.email=?
Hibernate: select u1_0.id,u1_0.email,u1_0.first_name,u1_0.last_login,u1_0.last_name,u1_0.password,u1_0.preferred_language,u1_0.profile_photo,u1_0.role,u1_0.status from user u1_0 where u1_0.email=?
2026-04-15T19:28:58.674+01:00  INFO 13592 --- [gestionUser] [nio-8081-exec-8] t.e.s.baladna.user.security.JwtFilter    : User found: ahmedm12@gmail.com with role: HOST
2026-04-15T19:28:58.674+01:00  INFO 13592 --- [gestionUser] [nio-8081-exec-4] t.e.s.baladna.user.security.JwtFilter    : User found: ahmedm12@gmail.com with role: HOST
2026-04-15T19:28:58.674+01:00  INFO 13592 --- [gestionUser] [nio-8081-exec-8] t.e.s.baladna.user.security.JwtFilter    : Setting authentication with role: ROLE_HOST
2026-04-15T19:28:58.676+01:00  INFO 13592 --- [gestionUser] [nio-8081-exec-4] t.e.s.baladna.user.security.JwtFilter    : Setting authentication with role: ROLE_HOST
2026-04-15T19:28:58.676+01:00  INFO 13592 --- [gestionUser] [nio-8081-exec-8] t.e.s.baladna.user.security.JwtFilter    : Authentication set successfully
2026-04-15T19:28:58.676+01:00  INFO 13592 --- [gestionUser] [nio-8081-exec-4] t.e.s.baladna.user.security.JwtFilter    : Authentication set successfully
2026-04-15T19:28:58.676+01:00 DEBUG 13592 --- [gestionUser] [nio-8081-exec-8] o.s.security.web.FilterChainProxy        : Secured GET /api/trajets
2026-04-15T19:28:58.676+01:00 DEBUG 13592 --- [gestionUser] [nio-8081-exec-4] o.s.security.web.FilterChainProxy        : Secured GET /api/stations
2026-04-15T19:28:58.678+01:00 DEBUG 13592 --- [gestionUser] [nio-8081-exec-8] o.s.web.servlet.DispatcherServlet        : GET "/api/trajets", parameters={}
2026-04-15T19:28:58.678+01:00 DEBUG 13592 --- [gestionUser] [nio-8081-exec-4] o.s.web.servlet.DispatcherServlet        : GET "/api/stations", parameters={}
2026-04-15T19:28:58.678+01:00 DEBUG 13592 --- [gestionUser] [nio-8081-exec-8] s.w.s.m.m.a.RequestMappingHandlerMapping : Mapped to tn.esprit.spring.baladna.transport.controller.TrajetController#getAllTrajets()
2026-04-15T19:28:58.680+01:00 DEBUG 13592 --- [gestionUser] [nio-8081-exec-4] s.w.s.m.m.a.RequestMappingHandlerMapping : Mapped to tn.esprit.spring.baladna.transport.controller.StationController#getAllStations()
2026-04-15T19:28:58.680+01:00 DEBUG 13592 --- [gestionUser] [nio-8081-exec-4] org.hibernate.SQL                        : select s1_0.id,s1_0.city,s1_0.downtown,s1_0.latitude,s1_0.longitude,s1_0.name,s1_0.surcharge from stations s1_0
Hibernate: select s1_0.id,s1_0.city,s1_0.downtown,s1_0.latitude,s1_0.longitude,s1_0.name,s1_0.surcharge from stations s1_0
2026-04-15T19:28:58.684+01:00 DEBUG 13592 --- [gestionUser] [nio-8081-exec-8] org.hibernate.SQL                        : select t1_0.id,t1_0.arrival_station_id,t1_0.departure_station_id,t1_0.distance_km,t1_0.estimated_duration_minutes,t1_0.price_per_km,t1_0.route_geo_json from trajets t1_0
Hibernate: select t1_0.id,t1_0.arrival_station_id,t1_0.departure_station_id,t1_0.distance_km,t1_0.estimated_duration_minutes,t1_0.price_per_km,t1_0.route_geo_json from trajets t1_0
2026-04-15T19:28:58.692+01:00 DEBUG 13592 --- [gestionUser] [nio-8081-exec-8] org.hibernate.SQL                        : select s1_0.id,s1_0.city,s1_0.downtown,s1_0.latitude,s1_0.longitude,s1_0.name,s1_0.surcharge from stations s1_0 where s1_0.id=?
Hibernate: select s1_0.id,s1_0.city,s1_0.downtown,s1_0.latitude,s1_0.longitude,s1_0.name,s1_0.surcharge from stations s1_0 where s1_0.id=?
2026-04-15T19:28:58.694+01:00 DEBUG 13592 --- [gestionUser] [nio-8081-exec-4] m.m.a.RequestResponseBodyMethodProcessor : Using 'application/json', given [application/json, text/plain, */*] and supported [application/json, application/*+json, application/yaml]
2026-04-15T19:28:58.696+01:00 DEBUG 13592 --- [gestionUser] [nio-8081-exec-4] m.m.a.RequestResponseBodyMethodProcessor : Writing [[StationDTO(id=5, name=Barcelone, city=kbeli, surcharge=3.0, downtown=true, latitude=0.0, longitude= (truncated)...]
2026-04-15T19:28:58.696+01:00 DEBUG 13592 --- [gestionUser] [nio-8081-exec-8] org.hibernate.SQL                        : select s1_0.id,s1_0.city,s1_0.downtown,s1_0.latitude,s1_0.longitude,s1_0.name,s1_0.surcharge from stations s1_0 where s1_0.id=?
Hibernate: select s1_0.id,s1_0.city,s1_0.downtown,s1_0.latitude,s1_0.longitude,s1_0.name,s1_0.surcharge from stations s1_0 where s1_0.id=?
2026-04-15T19:28:58.699+01:00 DEBUG 13592 --- [gestionUser] [nio-8081-exec-4] o.s.web.servlet.DispatcherServlet        : Completed 200 OK
2026-04-15T19:28:58.704+01:00 DEBUG 13592 --- [gestionUser] [nio-8081-exec-8] org.hibernate.SQL                        : select s1_0.id,s1_0.city,s1_0.downtown,s1_0.latitude,s1_0.longitude,s1_0.name,s1_0.surcharge from stations s1_0 where s1_0.id=?
Hibernate: select s1_0.id,s1_0.city,s1_0.downtown,s1_0.latitude,s1_0.longitude,s1_0.name,s1_0.surcharge from stations s1_0 where s1_0.id=?
2026-04-15T19:28:58.706+01:00 DEBUG 13592 --- [gestionUser] [nio-8081-exec-8] org.hibernate.SQL                        : select s1_0.id,s1_0.city,s1_0.downtown,s1_0.latitude,s1_0.longitude,s1_0.name,s1_0.surcharge from stations s1_0 where s1_0.id=?
Hibernate: select s1_0.id,s1_0.city,s1_0.downtown,s1_0.latitude,s1_0.longitude,s1_0.name,s1_0.surcharge from stations s1_0 where s1_0.id=?
2026-04-15T19:28:58.712+01:00 DEBUG 13592 --- [gestionUser] [nio-8081-exec-8] org.hibernate.SQL                        : select s1_0.id,s1_0.city,s1_0.downtown,s1_0.latitude,s1_0.longitude,s1_0.name,s1_0.surcharge from stations s1_0 where s1_0.id=?
Hibernate: select s1_0.id,s1_0.city,s1_0.downtown,s1_0.latitude,s1_0.longitude,s1_0.name,s1_0.surcharge from stations s1_0 where s1_0.id=?
2026-04-15T19:28:58.716+01:00 DEBUG 13592 --- [gestionUser] [nio-8081-exec-8] org.hibernate.SQL                        : select s1_0.id,s1_0.city,s1_0.downtown,s1_0.latitude,s1_0.longitude,s1_0.name,s1_0.surcharge from stations s1_0 where s1_0.id=?
Hibernate: select s1_0.id,s1_0.city,s1_0.downtown,s1_0.latitude,s1_0.longitude,s1_0.name,s1_0.surcharge from stations s1_0 where s1_0.id=?
2026-04-15T19:28:58.723+01:00 DEBUG 13592 --- [gestionUser] [nio-8081-exec-8] m.m.a.RequestResponseBodyMethodProcessor : Using 'application/json', given [application/json, text/plain, */*] and supported [application/json, application/*+json, application/yaml]
2026-04-15T19:28:58.723+01:00 DEBUG 13592 --- [gestionUser] [nio-8081-exec-8] m.m.a.RequestResponseBodyMethodProcessor : Writing [[TrajetDTO(id=2, departureStationId=5, departureStationName=Barcelone, arrivalStationId=6, arrivalSt (truncated)...]
2026-04-15T19:28:58.727+01:00 DEBUG 13592 --- [gestionUser] [nio-8081-exec-8] o.s.web.servlet.DispatcherServlet        : Completed 200 OK
2026-04-15T19:34:59.073+01:00 DEBUG 13592 --- [gestionUser] [nio-8081-exec-9] o.s.security.web.FilterChainProxy        : Securing OPTIONS /api/stations
2026-04-15T19:34:59.114+01:00 DEBUG 13592 --- [gestionUser] [io-8081-exec-10] o.s.security.web.FilterChainProxy        : Securing GET /api/stations
2026-04-15T19:34:59.116+01:00  INFO 13592 --- [gestionUser] [io-8081-exec-10] t.e.s.baladna.user.security.JwtFilter    : Request to: /api/stations - Auth header: present
2026-04-15T19:34:59.117+01:00  INFO 13592 --- [gestionUser] [io-8081-exec-10] t.e.s.baladna.user.security.JwtFilter    : Token extracted (length: 167)
2026-04-15T19:34:59.123+01:00  INFO 13592 --- [gestionUser] [io-8081-exec-10] t.e.s.baladna.user.security.JwtFilter    : Email extracted from token: ahmedm12@gmail.com
2026-04-15T19:34:59.130+01:00 DEBUG 13592 --- [gestionUser] [io-8081-exec-10] org.hibernate.SQL                        : select u1_0.id,u1_0.email,u1_0.first_name,u1_0.last_login,u1_0.last_name,u1_0.password,u1_0.preferred_language,u1_0.profile_photo,u1_0.role,u1_0.status from user u1_0 where u1_0.email=?
Hibernate: select u1_0.id,u1_0.email,u1_0.first_name,u1_0.last_login,u1_0.last_name,u1_0.password,u1_0.preferred_language,u1_0.profile_photo,u1_0.role,u1_0.status from user u1_0 where u1_0.email=?
2026-04-15T19:34:59.136+01:00  INFO 13592 --- [gestionUser] [io-8081-exec-10] t.e.s.baladna.user.security.JwtFilter    : User found: ahmedm12@gmail.com with role: HOST
2026-04-15T19:34:59.138+01:00  INFO 13592 --- [gestionUser] [io-8081-exec-10] t.e.s.baladna.user.security.JwtFilter    : Setting authentication with role: ROLE_HOST
2026-04-15T19:34:59.139+01:00  INFO 13592 --- [gestionUser] [io-8081-exec-10] t.e.s.baladna.user.security.JwtFilter    : Authentication set successfully
2026-04-15T19:34:59.139+01:00 DEBUG 13592 --- [gestionUser] [io-8081-exec-10] o.s.security.web.FilterChainProxy        : Secured GET /api/stations
2026-04-15T19:34:59.141+01:00 DEBUG 13592 --- [gestionUser] [io-8081-exec-10] o.s.web.servlet.DispatcherServlet        : GET "/api/stations", parameters={}
2026-04-15T19:34:59.142+01:00 DEBUG 13592 --- [gestionUser] [io-8081-exec-10] s.w.s.m.m.a.RequestMappingHandlerMapping : Mapped to tn.esprit.spring.baladna.transport.controller.StationController#getAllStations()
2026-04-15T19:34:59.147+01:00 DEBUG 13592 --- [gestionUser] [io-8081-exec-10] org.hibernate.SQL                        : select s1_0.id,s1_0.city,s1_0.downtown,s1_0.latitude,s1_0.longitude,s1_0.name,s1_0.surcharge from stations s1_0
Hibernate: select s1_0.id,s1_0.city,s1_0.downtown,s1_0.latitude,s1_0.longitude,s1_0.name,s1_0.surcharge from stations s1_0
2026-04-15T19:34:59.153+01:00 DEBUG 13592 --- [gestionUser] [io-8081-exec-10] m.m.a.RequestResponseBodyMethodProcessor : Using 'application/json', given [application/json, text/plain, */*] and supported [application/json, application/*+json, application/yaml]
2026-04-15T19:34:59.156+01:00 DEBUG 13592 --- [gestionUser] [io-8081-exec-10] m.m.a.RequestResponseBodyMethodProcessor : Writing [[StationDTO(id=5, name=Barcelone, city=kbeli, surcharge=3.0, downtown=true, latitude=0.0, longitude= (truncated)...]
2026-04-15T19:34:59.156+01:00 DEBUG 13592 --- [gestionUser] [io-8081-exec-10] o.s.web.servlet.DispatcherServlet        : Completed 200 OK
2026-04-15T19:35:06.716+01:00 DEBUG 13592 --- [gestionUser] [nio-8081-exec-2] o.s.security.web.FilterChainProxy        : Securing OPTIONS /api/stations
2026-04-15T19:35:06.720+01:00 DEBUG 13592 --- [gestionUser] [nio-8081-exec-1] o.s.security.web.FilterChainProxy        : Securing OPTIONS /api/trajets
2026-04-15T19:35:06.728+01:00 DEBUG 13592 --- [gestionUser] [nio-8081-exec-4] o.s.security.web.FilterChainProxy        : Securing GET /api/trajets
2026-04-15T19:35:06.728+01:00 DEBUG 13592 --- [gestionUser] [nio-8081-exec-3] o.s.security.web.FilterChainProxy        : Securing GET /api/stations
2026-04-15T19:35:06.728+01:00  INFO 13592 --- [gestionUser] [nio-8081-exec-4] t.e.s.baladna.user.security.JwtFilter    : Request to: /api/trajets - Auth header: present
2026-04-15T19:35:06.728+01:00  INFO 13592 --- [gestionUser] [nio-8081-exec-4] t.e.s.baladna.user.security.JwtFilter    : Token extracted (length: 167)
2026-04-15T19:35:06.728+01:00  INFO 13592 --- [gestionUser] [nio-8081-exec-3] t.e.s.baladna.user.security.JwtFilter    : Request to: /api/stations - Auth header: present
2026-04-15T19:35:06.728+01:00  INFO 13592 --- [gestionUser] [nio-8081-exec-3] t.e.s.baladna.user.security.JwtFilter    : Token extracted (length: 167)
2026-04-15T19:35:06.734+01:00  INFO 13592 --- [gestionUser] [nio-8081-exec-4] t.e.s.baladna.user.security.JwtFilter    : Email extracted from token: ahmedm12@gmail.com
2026-04-15T19:35:06.734+01:00  INFO 13592 --- [gestionUser] [nio-8081-exec-3] t.e.s.baladna.user.security.JwtFilter    : Email extracted from token: ahmedm12@gmail.com
2026-04-15T19:35:06.734+01:00 DEBUG 13592 --- [gestionUser] [nio-8081-exec-4] org.hibernate.SQL                        : select u1_0.id,u1_0.email,u1_0.first_name,u1_0.last_login,u1_0.last_name,u1_0.password,u1_0.preferred_language,u1_0.profile_photo,u1_0.role,u1_0.status from user u1_0 where u1_0.email=?
2026-04-15T19:35:06.734+01:00 DEBUG 13592 --- [gestionUser] [nio-8081-exec-3] org.hibernate.SQL                        : select u1_0.id,u1_0.email,u1_0.first_name,u1_0.last_login,u1_0.last_name,u1_0.password,u1_0.preferred_language,u1_0.profile_photo,u1_0.role,u1_0.status from user u1_0 where u1_0.email=?
Hibernate: select u1_0.id,u1_0.email,u1_0.first_name,u1_0.last_login,u1_0.last_name,u1_0.password,u1_0.preferred_language,u1_0.profile_photo,u1_0.role,u1_0.status from user u1_0 where u1_0.email=?
Hibernate: select u1_0.id,u1_0.email,u1_0.first_name,u1_0.last_login,u1_0.last_name,u1_0.password,u1_0.preferred_language,u1_0.profile_photo,u1_0.role,u1_0.status from user u1_0 where u1_0.email=?
2026-04-15T19:35:06.741+01:00  INFO 13592 --- [gestionUser] [nio-8081-exec-4] t.e.s.baladna.user.security.JwtFilter    : User found: ahmedm12@gmail.com with role: HOST
2026-04-15T19:35:06.741+01:00  INFO 13592 --- [gestionUser] [nio-8081-exec-3] t.e.s.baladna.user.security.JwtFilter    : User found: ahmedm12@gmail.com with role: HOST
2026-04-15T19:35:06.742+01:00  INFO 13592 --- [gestionUser] [nio-8081-exec-4] t.e.s.baladna.user.security.JwtFilter    : Setting authentication with role: ROLE_HOST
2026-04-15T19:35:06.742+01:00  INFO 13592 --- [gestionUser] [nio-8081-exec-3] t.e.s.baladna.user.security.JwtFilter    : Setting authentication with role: ROLE_HOST
2026-04-15T19:35:06.743+01:00  INFO 13592 --- [gestionUser] [nio-8081-exec-4] t.e.s.baladna.user.security.JwtFilter    : Authentication set successfully
2026-04-15T19:35:06.743+01:00  INFO 13592 --- [gestionUser] [nio-8081-exec-3] t.e.s.baladna.user.security.JwtFilter    : Authentication set successfully
2026-04-15T19:35:06.743+01:00 DEBUG 13592 --- [gestionUser] [nio-8081-exec-4] o.s.security.web.FilterChainProxy        : Secured GET /api/trajets
2026-04-15T19:35:06.743+01:00 DEBUG 13592 --- [gestionUser] [nio-8081-exec-3] o.s.security.web.FilterChainProxy        : Secured GET /api/stations
2026-04-15T19:35:06.743+01:00 DEBUG 13592 --- [gestionUser] [nio-8081-exec-4] o.s.web.servlet.DispatcherServlet        : GET "/api/trajets", parameters={}
2026-04-15T19:35:06.743+01:00 DEBUG 13592 --- [gestionUser] [nio-8081-exec-3] o.s.web.servlet.DispatcherServlet        : GET "/api/stations", parameters={}
2026-04-15T19:35:06.743+01:00 DEBUG 13592 --- [gestionUser] [nio-8081-exec-4] s.w.s.m.m.a.RequestMappingHandlerMapping : Mapped to tn.esprit.spring.baladna.transport.controller.TrajetController#getAllTrajets()
2026-04-15T19:35:06.743+01:00 DEBUG 13592 --- [gestionUser] [nio-8081-exec-3] s.w.s.m.m.a.RequestMappingHandlerMapping : Mapped to tn.esprit.spring.baladna.transport.controller.StationController#getAllStations()
2026-04-15T19:35:06.752+01:00 DEBUG 13592 --- [gestionUser] [nio-8081-exec-3] org.hibernate.SQL                        : select s1_0.id,s1_0.city,s1_0.downtown,s1_0.latitude,s1_0.longitude,s1_0.name,s1_0.surcharge from stations s1_0
Hibernate: select s1_0.id,s1_0.city,s1_0.downtown,s1_0.latitude,s1_0.longitude,s1_0.name,s1_0.surcharge from stations s1_0
2026-04-15T19:35:06.753+01:00 DEBUG 13592 --- [gestionUser] [nio-8081-exec-4] org.hibernate.SQL                        : select t1_0.id,t1_0.arrival_station_id,t1_0.departure_station_id,t1_0.distance_km,t1_0.estimated_duration_minutes,t1_0.price_per_km,t1_0.route_geo_json from trajets t1_0
Hibernate: select t1_0.id,t1_0.arrival_station_id,t1_0.departure_station_id,t1_0.distance_km,t1_0.estimated_duration_minutes,t1_0.price_per_km,t1_0.route_geo_json from trajets t1_0
2026-04-15T19:35:06.756+01:00 DEBUG 13592 --- [gestionUser] [nio-8081-exec-4] org.hibernate.SQL                        : select s1_0.id,s1_0.city,s1_0.downtown,s1_0.latitude,s1_0.longitude,s1_0.name,s1_0.surcharge from stations s1_0 where s1_0.id=?
Hibernate: select s1_0.id,s1_0.city,s1_0.downtown,s1_0.latitude,s1_0.longitude,s1_0.name,s1_0.surcharge from stations s1_0 where s1_0.id=?
2026-04-15T19:35:06.758+01:00 DEBUG 13592 --- [gestionUser] [nio-8081-exec-3] m.m.a.RequestResponseBodyMethodProcessor : Using 'application/json', given [application/json, text/plain, */*] and supported [application/json, application/*+json, application/yaml]
2026-04-15T19:35:06.758+01:00 DEBUG 13592 --- [gestionUser] [nio-8081-exec-3] m.m.a.RequestResponseBodyMethodProcessor : Writing [[StationDTO(id=5, name=Barcelone, city=kbeli, surcharge=3.0, downtown=true, latitude=0.0, longitude= (truncated)...]
2026-04-15T19:35:06.764+01:00 DEBUG 13592 --- [gestionUser] [nio-8081-exec-4] org.hibernate.SQL                        : select s1_0.id,s1_0.city,s1_0.downtown,s1_0.latitude,s1_0.longitude,s1_0.name,s1_0.surcharge from stations s1_0 where s1_0.id=?
Hibernate: select s1_0.id,s1_0.city,s1_0.downtown,s1_0.latitude,s1_0.longitude,s1_0.name,s1_0.surcharge from stations s1_0 where s1_0.id=?
2026-04-15T19:35:06.764+01:00 DEBUG 13592 --- [gestionUser] [nio-8081-exec-3] o.s.web.servlet.DispatcherServlet        : Completed 200 OK
2026-04-15T19:35:06.767+01:00 DEBUG 13592 --- [gestionUser] [nio-8081-exec-4] org.hibernate.SQL                        : select s1_0.id,s1_0.city,s1_0.downtown,s1_0.latitude,s1_0.longitude,s1_0.name,s1_0.surcharge from stations s1_0 where s1_0.id=?
Hibernate: select s1_0.id,s1_0.city,s1_0.downtown,s1_0.latitude,s1_0.longitude,s1_0.name,s1_0.surcharge from stations s1_0 where s1_0.id=?
2026-04-15T19:35:06.772+01:00 DEBUG 13592 --- [gestionUser] [nio-8081-exec-4] org.hibernate.SQL                        : select s1_0.id,s1_0.city,s1_0.downtown,s1_0.latitude,s1_0.longitude,s1_0.name,s1_0.surcharge from stations s1_0 where s1_0.id=?
Hibernate: select s1_0.id,s1_0.city,s1_0.downtown,s1_0.latitude,s1_0.longitude,s1_0.name,s1_0.surcharge from stations s1_0 where s1_0.id=?
2026-04-15T19:35:06.780+01:00 DEBUG 13592 --- [gestionUser] [nio-8081-exec-4] org.hibernate.SQL                        : select s1_0.id,s1_0.city,s1_0.downtown,s1_0.latitude,s1_0.longitude,s1_0.name,s1_0.surcharge from stations s1_0 where s1_0.id=?
Hibernate: select s1_0.id,s1_0.city,s1_0.downtown,s1_0.latitude,s1_0.longitude,s1_0.name,s1_0.surcharge from stations s1_0 where s1_0.id=?
2026-04-15T19:35:06.780+01:00 DEBUG 13592 --- [gestionUser] [nio-8081-exec-4] org.hibernate.SQL                        : select s1_0.id,s1_0.city,s1_0.downtown,s1_0.latitude,s1_0.longitude,s1_0.name,s1_0.surcharge from stations s1_0 where s1_0.id=?
Hibernate: select s1_0.id,s1_0.city,s1_0.downtown,s1_0.latitude,s1_0.longitude,s1_0.name,s1_0.surcharge from stations s1_0 where s1_0.id=?
2026-04-15T19:35:06.780+01:00 DEBUG 13592 --- [gestionUser] [nio-8081-exec-4] m.m.a.RequestResponseBodyMethodProcessor : Using 'application/json', given [application/json, text/plain, */*] and supported [application/json, application/*+json, application/yaml]
2026-04-15T19:35:06.791+01:00 DEBUG 13592 --- [gestionUser] [nio-8081-exec-4] m.m.a.RequestResponseBodyMethodProcessor : Writing [[TrajetDTO(id=2, departureStationId=5, departureStationName=Barcelone, arrivalStationId=6, arrivalSt (truncated)...]
2026-04-15T19:35:06.795+01:00 DEBUG 13592 --- [gestionUser] [nio-8081-exec-4] o.s.web.servlet.DispatcherServlet        : Completed 200 OK
2026-04-15T19:35:11.916+01:00 DEBUG 13592 --- [gestionUser] [nio-8081-exec-8] o.s.security.web.FilterChainProxy        : Securing OPTIONS /api/trajets/42
2026-04-15T19:35:11.928+01:00 DEBUG 13592 --- [gestionUser] [nio-8081-exec-6] o.s.security.web.FilterChainProxy        : Securing DELETE /api/trajets/42
2026-04-15T19:35:11.928+01:00  INFO 13592 --- [gestionUser] [nio-8081-exec-6] t.e.s.baladna.user.security.JwtFilter    : Request to: /api/trajets/42 - Auth header: present
2026-04-15T19:35:11.928+01:00  INFO 13592 --- [gestionUser] [nio-8081-exec-6] t.e.s.baladna.user.security.JwtFilter    : Token extracted (length: 167)
2026-04-15T19:35:11.928+01:00  INFO 13592 --- [gestionUser] [nio-8081-exec-6] t.e.s.baladna.user.security.JwtFilter    : Email extracted from token: ahmedm12@gmail.com
2026-04-15T19:35:11.936+01:00 DEBUG 13592 --- [gestionUser] [nio-8081-exec-6] org.hibernate.SQL                        : select u1_0.id,u1_0.email,u1_0.first_name,u1_0.last_login,u1_0.last_name,u1_0.password,u1_0.preferred_language,u1_0.profile_photo,u1_0.role,u1_0.status from user u1_0 where u1_0.email=?
Hibernate: select u1_0.id,u1_0.email,u1_0.first_name,u1_0.last_login,u1_0.last_name,u1_0.password,u1_0.preferred_language,u1_0.profile_photo,u1_0.role,u1_0.status from user u1_0 where u1_0.email=?
2026-04-15T19:35:11.941+01:00  INFO 13592 --- [gestionUser] [nio-8081-exec-6] t.e.s.baladna.user.security.JwtFilter    : User found: ahmedm12@gmail.com with role: HOST
2026-04-15T19:35:11.942+01:00  INFO 13592 --- [gestionUser] [nio-8081-exec-6] t.e.s.baladna.user.security.JwtFilter    : Setting authentication with role: ROLE_HOST
2026-04-15T19:35:11.943+01:00  INFO 13592 --- [gestionUser] [nio-8081-exec-6] t.e.s.baladna.user.security.JwtFilter    : Authentication set successfully
2026-04-15T19:35:11.946+01:00 DEBUG 13592 --- [gestionUser] [nio-8081-exec-6] o.s.security.web.FilterChainProxy        : Secured DELETE /api/trajets/42
2026-04-15T19:35:11.947+01:00 DEBUG 13592 --- [gestionUser] [nio-8081-exec-6] o.s.web.servlet.DispatcherServlet        : DELETE "/api/trajets/42", parameters={}
2026-04-15T19:35:11.949+01:00 DEBUG 13592 --- [gestionUser] [nio-8081-exec-6] s.w.s.m.m.a.RequestMappingHandlerMapping : Mapped to tn.esprit.spring.baladna.transport.controller.TrajetController#deleteTrajet(Long)
2026-04-15T19:35:11.964+01:00 DEBUG 13592 --- [gestionUser] [nio-8081-exec-6] org.hibernate.SQL                        : select t1_0.id,t1_0.arrival_station_id,as1_0.id,as1_0.city,as1_0.downtown,as1_0.latitude,as1_0.longitude,as1_0.name,as1_0.surcharge,t1_0.departure_station_id,ds1_0.id,ds1_0.city,ds1_0.downtown,ds1_0.latitude,ds1_0.longitude,ds1_0.name,ds1_0.surcharge,t1_0.distance_km,t1_0.estimated_duration_minutes,t1_0.price_per_km,t1_0.route_geo_json from trajets t1_0 join stations as1_0 on as1_0.id=t1_0.arrival_station_id join stations ds1_0 on ds1_0.id=t1_0.departure_station_id where t1_0.id=?
Hibernate: select t1_0.id,t1_0.arrival_station_id,as1_0.id,as1_0.city,as1_0.downtown,as1_0.latitude,as1_0.longitude,as1_0.name,as1_0.surcharge,t1_0.departure_station_id,ds1_0.id,ds1_0.city,ds1_0.downtown,ds1_0.latitude,ds1_0.longitude,ds1_0.name,ds1_0.surcharge,t1_0.distance_km,t1_0.estimated_duration_minutes,t1_0.price_per_km,t1_0.route_geo_json from trajets t1_0 join stations as1_0 on as1_0.id=t1_0.arrival_station_id join stations ds1_0 on ds1_0.id=t1_0.departure_station_id where t1_0.id=?
2026-04-15T19:35:11.978+01:00 DEBUG 13592 --- [gestionUser] [nio-8081-exec-6] org.hibernate.SQL                        : select t1_0.trajet_id,t1_0.id,t1_0.available_seats,t1_0.base_price,t1_0.departure_date,t1_0.departure_point,t1_0.status,t1_0.total_capacity,t1_0.traffic_jam,t1_0.weather,t1_0.weather_source from transports t1_0 where t1_0.trajet_id=?
Hibernate: select t1_0.trajet_id,t1_0.id,t1_0.available_seats,t1_0.base_price,t1_0.departure_date,t1_0.departure_point,t1_0.status,t1_0.total_capacity,t1_0.traffic_jam,t1_0.weather,t1_0.weather_source from transports t1_0 where t1_0.trajet_id=?
2026-04-15T19:35:12.002+01:00 DEBUG 13592 --- [gestionUser] [nio-8081-exec-6] org.hibernate.SQL                        : delete from trajets where id=?
Hibernate: delete from trajets where id=?
2026-04-15T19:35:12.012+01:00 DEBUG 13592 --- [gestionUser] [nio-8081-exec-6] o.s.w.s.m.m.a.HttpEntityMethodProcessor  : Using 'application/json', given [application/json, text/plain, */*] and supported [application/json, application/*+json, application/yaml]
2026-04-15T19:35:12.014+01:00 DEBUG 13592 --- [gestionUser] [nio-8081-exec-6] o.s.w.s.m.m.a.HttpEntityMethodProcessor  : Nothing to write: null body
2026-04-15T19:35:12.014+01:00 DEBUG 13592 --- [gestionUser] [nio-8081-exec-6] o.s.web.servlet.DispatcherServlet        : Completed 204 NO_CONTENT
2026-04-15T19:35:12.028+01:00 DEBUG 13592 --- [gestionUser] [nio-8081-exec-7] o.s.security.web.FilterChainProxy        : Securing OPTIONS /api/trajets
2026-04-15T19:35:12.040+01:00 DEBUG 13592 --- [gestionUser] [nio-8081-exec-5] o.s.security.web.FilterChainProxy        : Securing GET /api/trajets
2026-04-15T19:35:12.042+01:00  INFO 13592 --- [gestionUser] [nio-8081-exec-5] t.e.s.baladna.user.security.JwtFilter    : Request to: /api/trajets - Auth header: present
2026-04-15T19:35:12.049+01:00  INFO 13592 --- [gestionUser] [nio-8081-exec-5] t.e.s.baladna.user.security.JwtFilter    : Token extracted (length: 167)
2026-04-15T19:35:12.069+01:00  INFO 13592 --- [gestionUser] [nio-8081-exec-5] t.e.s.baladna.user.security.JwtFilter    : Email extracted from token: ahmedm12@gmail.com
2026-04-15T19:35:12.075+01:00 DEBUG 13592 --- [gestionUser] [nio-8081-exec-5] org.hibernate.SQL                        : select u1_0.id,u1_0.email,u1_0.first_name,u1_0.last_login,u1_0.last_name,u1_0.password,u1_0.preferred_language,u1_0.profile_photo,u1_0.role,u1_0.status from user u1_0 where u1_0.email=?
Hibernate: select u1_0.id,u1_0.email,u1_0.first_name,u1_0.last_login,u1_0.last_name,u1_0.password,u1_0.preferred_language,u1_0.profile_photo,u1_0.role,u1_0.status from user u1_0 where u1_0.email=?
2026-04-15T19:35:12.091+01:00  INFO 13592 --- [gestionUser] [nio-8081-exec-5] t.e.s.baladna.user.security.JwtFilter    : User found: ahmedm12@gmail.com with role: HOST
2026-04-15T19:35:12.093+01:00  INFO 13592 --- [gestionUser] [nio-8081-exec-5] t.e.s.baladna.user.security.JwtFilter    : Setting authentication with role: ROLE_HOST
2026-04-15T19:35:12.096+01:00  INFO 13592 --- [gestionUser] [nio-8081-exec-5] t.e.s.baladna.user.security.JwtFilter    : Authentication set successfully
2026-04-15T19:35:12.096+01:00 DEBUG 13592 --- [gestionUser] [nio-8081-exec-5] o.s.security.web.FilterChainProxy        : Secured GET /api/trajets
2026-04-15T19:35:12.098+01:00 DEBUG 13592 --- [gestionUser] [nio-8081-exec-5] o.s.web.servlet.DispatcherServlet        : GET "/api/trajets", parameters={}
2026-04-15T19:35:12.099+01:00 DEBUG 13592 --- [gestionUser] [nio-8081-exec-5] s.w.s.m.m.a.RequestMappingHandlerMapping : Mapped to tn.esprit.spring.baladna.transport.controller.TrajetController#getAllTrajets()
2026-04-15T19:35:12.107+01:00 DEBUG 13592 --- [gestionUser] [nio-8081-exec-5] org.hibernate.SQL                        : select t1_0.id,t1_0.arrival_station_id,t1_0.departure_station_id,t1_0.distance_km,t1_0.estimated_duration_minutes,t1_0.price_per_km,t1_0.route_geo_json from trajets t1_0
Hibernate: select t1_0.id,t1_0.arrival_station_id,t1_0.departure_station_id,t1_0.distance_km,t1_0.estimated_duration_minutes,t1_0.price_per_km,t1_0.route_geo_json from trajets t1_0
2026-04-15T19:35:12.119+01:00 DEBUG 13592 --- [gestionUser] [nio-8081-exec-5] org.hibernate.SQL                        : select s1_0.id,s1_0.city,s1_0.downtown,s1_0.latitude,s1_0.longitude,s1_0.name,s1_0.surcharge from stations s1_0 where s1_0.id=?
Hibernate: select s1_0.id,s1_0.city,s1_0.downtown,s1_0.latitude,s1_0.longitude,s1_0.name,s1_0.surcharge from stations s1_0 where s1_0.id=?
2026-04-15T19:35:12.123+01:00 DEBUG 13592 --- [gestionUser] [nio-8081-exec-5] org.hibernate.SQL                        : select s1_0.id,s1_0.city,s1_0.downtown,s1_0.latitude,s1_0.longitude,s1_0.name,s1_0.surcharge from stations s1_0 where s1_0.id=?
Hibernate: select s1_0.id,s1_0.city,s1_0.downtown,s1_0.latitude,s1_0.longitude,s1_0.name,s1_0.surcharge from stations s1_0 where s1_0.id=?
2026-04-15T19:35:12.131+01:00 DEBUG 13592 --- [gestionUser] [nio-8081-exec-5] org.hibernate.SQL                        : select s1_0.id,s1_0.city,s1_0.downtown,s1_0.latitude,s1_0.longitude,s1_0.name,s1_0.surcharge from stations s1_0 where s1_0.id=?
Hibernate: select s1_0.id,s1_0.city,s1_0.downtown,s1_0.latitude,s1_0.longitude,s1_0.name,s1_0.surcharge from stations s1_0 where s1_0.id=?
2026-04-15T19:35:12.137+01:00 DEBUG 13592 --- [gestionUser] [nio-8081-exec-5] org.hibernate.SQL                        : select s1_0.id,s1_0.city,s1_0.downtown,s1_0.latitude,s1_0.longitude,s1_0.name,s1_0.surcharge from stations s1_0 where s1_0.id=?
Hibernate: select s1_0.id,s1_0.city,s1_0.downtown,s1_0.latitude,s1_0.longitude,s1_0.name,s1_0.surcharge from stations s1_0 where s1_0.id=?
2026-04-15T19:35:12.144+01:00 DEBUG 13592 --- [gestionUser] [nio-8081-exec-5] org.hibernate.SQL                        : select s1_0.id,s1_0.city,s1_0.downtown,s1_0.latitude,s1_0.longitude,s1_0.name,s1_0.surcharge from stations s1_0 where s1_0.id=?
Hibernate: select s1_0.id,s1_0.city,s1_0.downtown,s1_0.latitude,s1_0.longitude,s1_0.name,s1_0.surcharge from stations s1_0 where s1_0.id=?
2026-04-15T19:35:12.154+01:00 DEBUG 13592 --- [gestionUser] [nio-8081-exec-5] m.m.a.RequestResponseBodyMethodProcessor : Using 'application/json', given [application/json, text/plain, */*] and supported [application/json, application/*+json, application/yaml]
2026-04-15T19:35:12.154+01:00 DEBUG 13592 --- [gestionUser] [nio-8081-exec-5] m.m.a.RequestResponseBodyMethodProcessor : Writing [[TrajetDTO(id=2, departureStationId=5, departureStationName=Barcelone, arrivalStationId=6, arrivalSt (truncated)...]
2026-04-15T19:35:12.158+01:00 DEBUG 13592 --- [gestionUser] [nio-8081-exec-5] o.s.web.servlet.DispatcherServlet        : Completed 200 OK
2026-04-15T19:35:15.092+01:00 DEBUG 13592 --- [gestionUser] [nio-8081-exec-9] o.s.security.web.FilterChainProxy        : Securing OPTIONS /api/trajets/8
2026-04-15T19:35:15.102+01:00 DEBUG 13592 --- [gestionUser] [io-8081-exec-10] o.s.security.web.FilterChainProxy        : Securing DELETE /api/trajets/8
2026-04-15T19:35:15.106+01:00  INFO 13592 --- [gestionUser] [io-8081-exec-10] t.e.s.baladna.user.security.JwtFilter    : Request to: /api/trajets/8 - Auth header: present
2026-04-15T19:35:15.109+01:00  INFO 13592 --- [gestionUser] [io-8081-exec-10] t.e.s.baladna.user.security.JwtFilter    : Token extracted (length: 167)
2026-04-15T19:35:15.111+01:00  INFO 13592 --- [gestionUser] [io-8081-exec-10] t.e.s.baladna.user.security.JwtFilter    : Email extracted from token: ahmedm12@gmail.com
2026-04-15T19:35:15.114+01:00 DEBUG 13592 --- [gestionUser] [io-8081-exec-10] org.hibernate.SQL                        : select u1_0.id,u1_0.email,u1_0.first_name,u1_0.last_login,u1_0.last_name,u1_0.password,u1_0.preferred_language,u1_0.profile_photo,u1_0.role,u1_0.status from user u1_0 where u1_0.email=?
Hibernate: select u1_0.id,u1_0.email,u1_0.first_name,u1_0.last_login,u1_0.last_name,u1_0.password,u1_0.preferred_language,u1_0.profile_photo,u1_0.role,u1_0.status from user u1_0 where u1_0.email=?
2026-04-15T19:35:15.121+01:00  INFO 13592 --- [gestionUser] [io-8081-exec-10] t.e.s.baladna.user.security.JwtFilter    : User found: ahmedm12@gmail.com with role: HOST
2026-04-15T19:35:15.122+01:00  INFO 13592 --- [gestionUser] [io-8081-exec-10] t.e.s.baladna.user.security.JwtFilter    : Setting authentication with role: ROLE_HOST
2026-04-15T19:35:15.124+01:00  INFO 13592 --- [gestionUser] [io-8081-exec-10] t.e.s.baladna.user.security.JwtFilter    : Authentication set successfully
2026-04-15T19:35:15.125+01:00 DEBUG 13592 --- [gestionUser] [io-8081-exec-10] o.s.security.web.FilterChainProxy        : Secured DELETE /api/trajets/8
2026-04-15T19:35:15.128+01:00 DEBUG 13592 --- [gestionUser] [io-8081-exec-10] o.s.web.servlet.DispatcherServlet        : DELETE "/api/trajets/8", parameters={}
2026-04-15T19:35:15.131+01:00 DEBUG 13592 --- [gestionUser] [io-8081-exec-10] s.w.s.m.m.a.RequestMappingHandlerMapping : Mapped to tn.esprit.spring.baladna.transport.controller.TrajetController#deleteTrajet(Long)
2026-04-15T19:35:15.137+01:00 DEBUG 13592 --- [gestionUser] [io-8081-exec-10] org.hibernate.SQL                        : select t1_0.id,t1_0.arrival_station_id,as1_0.id,as1_0.city,as1_0.downtown,as1_0.latitude,as1_0.longitude,as1_0.name,as1_0.surcharge,t1_0.departure_station_id,ds1_0.id,ds1_0.city,ds1_0.downtown,ds1_0.latitude,ds1_0.longitude,ds1_0.name,ds1_0.surcharge,t1_0.distance_km,t1_0.estimated_duration_minutes,t1_0.price_per_km,t1_0.route_geo_json from trajets t1_0 join stations as1_0 on as1_0.id=t1_0.arrival_station_id join stations ds1_0 on ds1_0.id=t1_0.departure_station_id where t1_0.id=?
Hibernate: select t1_0.id,t1_0.arrival_station_id,as1_0.id,as1_0.city,as1_0.downtown,as1_0.latitude,as1_0.longitude,as1_0.name,as1_0.surcharge,t1_0.departure_station_id,ds1_0.id,ds1_0.city,ds1_0.downtown,ds1_0.latitude,ds1_0.longitude,ds1_0.name,ds1_0.surcharge,t1_0.distance_km,t1_0.estimated_duration_minutes,t1_0.price_per_km,t1_0.route_geo_json from trajets t1_0 join stations as1_0 on as1_0.id=t1_0.arrival_station_id join stations ds1_0 on ds1_0.id=t1_0.departure_station_id where t1_0.id=?
2026-04-15T19:35:15.141+01:00 DEBUG 13592 --- [gestionUser] [io-8081-exec-10] org.hibernate.SQL                        : select t1_0.trajet_id,t1_0.id,t1_0.available_seats,t1_0.base_price,t1_0.departure_date,t1_0.departure_point,t1_0.status,t1_0.total_capacity,t1_0.traffic_jam,t1_0.weather,t1_0.weather_source from transports t1_0 where t1_0.trajet_id=?
Hibernate: select t1_0.trajet_id,t1_0.id,t1_0.available_seats,t1_0.base_price,t1_0.departure_date,t1_0.departure_point,t1_0.status,t1_0.total_capacity,t1_0.traffic_jam,t1_0.weather,t1_0.weather_source from transports t1_0 where t1_0.trajet_id=?
2026-04-15T19:35:15.148+01:00 DEBUG 13592 --- [gestionUser] [io-8081-exec-10] org.hibernate.SQL                        : delete from trajets where id=?
Hibernate: delete from trajets where id=?
2026-04-15T19:35:15.162+01:00 DEBUG 13592 --- [gestionUser] [io-8081-exec-10] o.s.w.s.m.m.a.HttpEntityMethodProcessor  : Using 'application/json', given [application/json, text/plain, */*] and supported [application/json, application/*+json, application/yaml]
2026-04-15T19:35:15.163+01:00 DEBUG 13592 --- [gestionUser] [io-8081-exec-10] o.s.w.s.m.m.a.HttpEntityMethodProcessor  : Nothing to write: null body
2026-04-15T19:35:15.163+01:00 DEBUG 13592 --- [gestionUser] [io-8081-exec-10] o.s.web.servlet.DispatcherServlet        : Completed 204 NO_CONTENT
2026-04-15T19:35:15.181+01:00 DEBUG 13592 --- [gestionUser] [nio-8081-exec-2] o.s.security.web.FilterChainProxy        : Securing GET /api/trajets
2026-04-15T19:35:15.182+01:00  INFO 13592 --- [gestionUser] [nio-8081-exec-2] t.e.s.baladna.user.security.JwtFilter    : Request to: /api/trajets - Auth header: present
2026-04-15T19:35:15.183+01:00  INFO 13592 --- [gestionUser] [nio-8081-exec-2] t.e.s.baladna.user.security.JwtFilter    : Token extracted (length: 167)
2026-04-15T19:35:15.186+01:00  INFO 13592 --- [gestionUser] [nio-8081-exec-2] t.e.s.baladna.user.security.JwtFilter    : Email extracted from token: ahmedm12@gmail.com
2026-04-15T19:35:15.188+01:00 DEBUG 13592 --- [gestionUser] [nio-8081-exec-2] org.hibernate.SQL                        : select u1_0.id,u1_0.email,u1_0.first_name,u1_0.last_login,u1_0.last_name,u1_0.password,u1_0.preferred_language,u1_0.profile_photo,u1_0.role,u1_0.status from user u1_0 where u1_0.email=?
Hibernate: select u1_0.id,u1_0.email,u1_0.first_name,u1_0.last_login,u1_0.last_name,u1_0.password,u1_0.preferred_language,u1_0.profile_photo,u1_0.role,u1_0.status from user u1_0 where u1_0.email=?
2026-04-15T19:35:15.199+01:00  INFO 13592 --- [gestionUser] [nio-8081-exec-2] t.e.s.baladna.user.security.JwtFilter    : User found: ahmedm12@gmail.com with role: HOST
2026-04-15T19:35:15.200+01:00  INFO 13592 --- [gestionUser] [nio-8081-exec-2] t.e.s.baladna.user.security.JwtFilter    : Setting authentication with role: ROLE_HOST
2026-04-15T19:35:15.202+01:00  INFO 13592 --- [gestionUser] [nio-8081-exec-2] t.e.s.baladna.user.security.JwtFilter    : Authentication set successfully
2026-04-15T19:35:15.204+01:00 DEBUG 13592 --- [gestionUser] [nio-8081-exec-2] o.s.security.web.FilterChainProxy        : Secured GET /api/trajets
2026-04-15T19:35:15.206+01:00 DEBUG 13592 --- [gestionUser] [nio-8081-exec-2] o.s.web.servlet.DispatcherServlet        : GET "/api/trajets", parameters={}
2026-04-15T19:35:15.206+01:00 DEBUG 13592 --- [gestionUser] [nio-8081-exec-2] s.w.s.m.m.a.RequestMappingHandlerMapping : Mapped to tn.esprit.spring.baladna.transport.controller.TrajetController#getAllTrajets()
2026-04-15T19:35:15.216+01:00 DEBUG 13592 --- [gestionUser] [nio-8081-exec-2] org.hibernate.SQL                        : select t1_0.id,t1_0.arrival_station_id,t1_0.departure_station_id,t1_0.distance_km,t1_0.estimated_duration_minutes,t1_0.price_per_km,t1_0.route_geo_json from trajets t1_0
Hibernate: select t1_0.id,t1_0.arrival_station_id,t1_0.departure_station_id,t1_0.distance_km,t1_0.estimated_duration_minutes,t1_0.price_per_km,t1_0.route_geo_json from trajets t1_0
2026-04-15T19:35:15.220+01:00 DEBUG 13592 --- [gestionUser] [nio-8081-exec-2] org.hibernate.SQL                        : select s1_0.id,s1_0.city,s1_0.downtown,s1_0.latitude,s1_0.longitude,s1_0.name,s1_0.surcharge from stations s1_0 where s1_0.id=?
Hibernate: select s1_0.id,s1_0.city,s1_0.downtown,s1_0.latitude,s1_0.longitude,s1_0.name,s1_0.surcharge from stations s1_0 where s1_0.id=?
2026-04-15T19:35:15.227+01:00 DEBUG 13592 --- [gestionUser] [nio-8081-exec-2] org.hibernate.SQL                        : select s1_0.id,s1_0.city,s1_0.downtown,s1_0.latitude,s1_0.longitude,s1_0.name,s1_0.surcharge from stations s1_0 where s1_0.id=?
Hibernate: select s1_0.id,s1_0.city,s1_0.downtown,s1_0.latitude,s1_0.longitude,s1_0.name,s1_0.surcharge from stations s1_0 where s1_0.id=?
2026-04-15T19:35:15.234+01:00 DEBUG 13592 --- [gestionUser] [nio-8081-exec-2] org.hibernate.SQL                        : select s1_0.id,s1_0.city,s1_0.downtown,s1_0.latitude,s1_0.longitude,s1_0.name,s1_0.surcharge from stations s1_0 where s1_0.id=?
Hibernate: select s1_0.id,s1_0.city,s1_0.downtown,s1_0.latitude,s1_0.longitude,s1_0.name,s1_0.surcharge from stations s1_0 where s1_0.id=?
2026-04-15T19:35:15.239+01:00 DEBUG 13592 --- [gestionUser] [nio-8081-exec-2] org.hibernate.SQL                        : select s1_0.id,s1_0.city,s1_0.downtown,s1_0.latitude,s1_0.longitude,s1_0.name,s1_0.surcharge from stations s1_0 where s1_0.id=?
Hibernate: select s1_0.id,s1_0.city,s1_0.downtown,s1_0.latitude,s1_0.longitude,s1_0.name,s1_0.surcharge from stations s1_0 where s1_0.id=?
2026-04-15T19:35:15.246+01:00 DEBUG 13592 --- [gestionUser] [nio-8081-exec-2] org.hibernate.SQL                        : select s1_0.id,s1_0.city,s1_0.downtown,s1_0.latitude,s1_0.longitude,s1_0.name,s1_0.surcharge from stations s1_0 where s1_0.id=?
Hibernate: select s1_0.id,s1_0.city,s1_0.downtown,s1_0.latitude,s1_0.longitude,s1_0.name,s1_0.surcharge from stations s1_0 where s1_0.id=?
2026-04-15T19:35:15.253+01:00 DEBUG 13592 --- [gestionUser] [nio-8081-exec-2] m.m.a.RequestResponseBodyMethodProcessor : Using 'application/json', given [application/json, text/plain, */*] and supported [application/json, application/*+json, application/yaml]
2026-04-15T19:35:15.256+01:00 DEBUG 13592 --- [gestionUser] [nio-8081-exec-2] m.m.a.RequestResponseBodyMethodProcessor : Writing [[TrajetDTO(id=2, departureStationId=5, departureStationName=Barcelone, arrivalStationId=6, arrivalSt (truncated)...]
2026-04-15T19:35:15.262+01:00 DEBUG 13592 --- [gestionUser] [nio-8081-exec-2] o.s.web.servlet.DispatcherServlet        : Completed 200 OK
2026-04-15T19:35:18.179+01:00 DEBUG 13592 --- [gestionUser] [nio-8081-exec-1] o.s.security.web.FilterChainProxy        : Securing OPTIONS /api/trajets/6
2026-04-15T19:35:18.189+01:00 DEBUG 13592 --- [gestionUser] [nio-8081-exec-3] o.s.security.web.FilterChainProxy        : Securing DELETE /api/trajets/6
2026-04-15T19:35:18.189+01:00  INFO 13592 --- [gestionUser] [nio-8081-exec-3] t.e.s.baladna.user.security.JwtFilter    : Request to: /api/trajets/6 - Auth header: present
2026-04-15T19:35:18.191+01:00  INFO 13592 --- [gestionUser] [nio-8081-exec-3] t.e.s.baladna.user.security.JwtFilter    : Token extracted (length: 167)
2026-04-15T19:35:18.195+01:00  INFO 13592 --- [gestionUser] [nio-8081-exec-3] t.e.s.baladna.user.security.JwtFilter    : Email extracted from token: ahmedm12@gmail.com
2026-04-15T19:35:18.197+01:00 DEBUG 13592 --- [gestionUser] [nio-8081-exec-3] org.hibernate.SQL                        : select u1_0.id,u1_0.email,u1_0.first_name,u1_0.last_login,u1_0.last_name,u1_0.password,u1_0.preferred_language,u1_0.profile_photo,u1_0.role,u1_0.status from user u1_0 where u1_0.email=?
Hibernate: select u1_0.id,u1_0.email,u1_0.first_name,u1_0.last_login,u1_0.last_name,u1_0.password,u1_0.preferred_language,u1_0.profile_photo,u1_0.role,u1_0.status from user u1_0 where u1_0.email=?
2026-04-15T19:35:18.202+01:00  INFO 13592 --- [gestionUser] [nio-8081-exec-3] t.e.s.baladna.user.security.JwtFilter    : User found: ahmedm12@gmail.com with role: HOST
2026-04-15T19:35:18.204+01:00  INFO 13592 --- [gestionUser] [nio-8081-exec-3] t.e.s.baladna.user.security.JwtFilter    : Setting authentication with role: ROLE_HOST
2026-04-15T19:35:18.204+01:00  INFO 13592 --- [gestionUser] [nio-8081-exec-3] t.e.s.baladna.user.security.JwtFilter    : Authentication set successfully
2026-04-15T19:35:18.206+01:00 DEBUG 13592 --- [gestionUser] [nio-8081-exec-3] o.s.security.web.FilterChainProxy        : Secured DELETE /api/trajets/6
2026-04-15T19:35:18.206+01:00 DEBUG 13592 --- [gestionUser] [nio-8081-exec-3] o.s.web.servlet.DispatcherServlet        : DELETE "/api/trajets/6", parameters={}
2026-04-15T19:35:18.208+01:00 DEBUG 13592 --- [gestionUser] [nio-8081-exec-3] s.w.s.m.m.a.RequestMappingHandlerMapping : Mapped to tn.esprit.spring.baladna.transport.controller.TrajetController#deleteTrajet(Long)
2026-04-15T19:35:18.217+01:00 DEBUG 13592 --- [gestionUser] [nio-8081-exec-3] org.hibernate.SQL                        : select t1_0.id,t1_0.arrival_station_id,as1_0.id,as1_0.city,as1_0.downtown,as1_0.latitude,as1_0.longitude,as1_0.name,as1_0.surcharge,t1_0.departure_station_id,ds1_0.id,ds1_0.city,ds1_0.downtown,ds1_0.latitude,ds1_0.longitude,ds1_0.name,ds1_0.surcharge,t1_0.distance_km,t1_0.estimated_duration_minutes,t1_0.price_per_km,t1_0.route_geo_json from trajets t1_0 join stations as1_0 on as1_0.id=t1_0.arrival_station_id join stations ds1_0 on ds1_0.id=t1_0.departure_station_id where t1_0.id=?
Hibernate: select t1_0.id,t1_0.arrival_station_id,as1_0.id,as1_0.city,as1_0.downtown,as1_0.latitude,as1_0.longitude,as1_0.name,as1_0.surcharge,t1_0.departure_station_id,ds1_0.id,ds1_0.city,ds1_0.downtown,ds1_0.latitude,ds1_0.longitude,ds1_0.name,ds1_0.surcharge,t1_0.distance_km,t1_0.estimated_duration_minutes,t1_0.price_per_km,t1_0.route_geo_json from trajets t1_0 join stations as1_0 on as1_0.id=t1_0.arrival_station_id join stations ds1_0 on ds1_0.id=t1_0.departure_station_id where t1_0.id=?
2026-04-15T19:35:18.223+01:00 DEBUG 13592 --- [gestionUser] [nio-8081-exec-3] org.hibernate.SQL                        : select t1_0.trajet_id,t1_0.id,t1_0.available_seats,t1_0.base_price,t1_0.departure_date,t1_0.departure_point,t1_0.status,t1_0.total_capacity,t1_0.traffic_jam,t1_0.weather,t1_0.weather_source from transports t1_0 where t1_0.trajet_id=?
Hibernate: select t1_0.trajet_id,t1_0.id,t1_0.available_seats,t1_0.base_price,t1_0.departure_date,t1_0.departure_point,t1_0.status,t1_0.total_capacity,t1_0.traffic_jam,t1_0.weather,t1_0.weather_source from transports t1_0 where t1_0.trajet_id=?
2026-04-15T19:35:18.236+01:00 DEBUG 13592 --- [gestionUser] [nio-8081-exec-3] org.hibernate.SQL                        : delete from trajets where id=?
Hibernate: delete from trajets where id=?
2026-04-15T19:35:18.251+01:00 DEBUG 13592 --- [gestionUser] [nio-8081-exec-3] o.s.w.s.m.m.a.HttpEntityMethodProcessor  : Using 'application/json', given [application/json, text/plain, */*] and supported [application/json, application/*+json, application/yaml]
2026-04-15T19:35:18.251+01:00 DEBUG 13592 --- [gestionUser] [nio-8081-exec-3] o.s.w.s.m.m.a.HttpEntityMethodProcessor  : Nothing to write: null body
2026-04-15T19:35:18.251+01:00 DEBUG 13592 --- [gestionUser] [nio-8081-exec-3] o.s.web.servlet.DispatcherServlet        : Completed 204 NO_CONTENT
2026-04-15T19:35:18.274+01:00 DEBUG 13592 --- [gestionUser] [nio-8081-exec-4] o.s.security.web.FilterChainProxy        : Securing OPTIONS /api/trajets
2026-04-15T19:35:18.283+01:00 DEBUG 13592 --- [gestionUser] [nio-8081-exec-8] o.s.security.web.FilterChainProxy        : Securing GET /api/trajets
2026-04-15T19:35:18.286+01:00  INFO 13592 --- [gestionUser] [nio-8081-exec-8] t.e.s.baladna.user.security.JwtFilter    : Request to: /api/trajets - Auth header: present
2026-04-15T19:35:18.286+01:00  INFO 13592 --- [gestionUser] [nio-8081-exec-8] t.e.s.baladna.user.security.JwtFilter    : Token extracted (length: 167)
2026-04-15T19:35:18.289+01:00  INFO 13592 --- [gestionUser] [nio-8081-exec-8] t.e.s.baladna.user.security.JwtFilter    : Email extracted from token: ahmedm12@gmail.com
2026-04-15T19:35:18.295+01:00 DEBUG 13592 --- [gestionUser] [nio-8081-exec-8] org.hibernate.SQL                        : select u1_0.id,u1_0.email,u1_0.first_name,u1_0.last_login,u1_0.last_name,u1_0.password,u1_0.preferred_language,u1_0.profile_photo,u1_0.role,u1_0.status from user u1_0 where u1_0.email=?
Hibernate: select u1_0.id,u1_0.email,u1_0.first_name,u1_0.last_login,u1_0.last_name,u1_0.password,u1_0.preferred_language,u1_0.profile_photo,u1_0.role,u1_0.status from user u1_0 where u1_0.email=?
2026-04-15T19:35:18.303+01:00  INFO 13592 --- [gestionUser] [nio-8081-exec-8] t.e.s.baladna.user.security.JwtFilter    : User found: ahmedm12@gmail.com with role: HOST
2026-04-15T19:35:18.304+01:00  INFO 13592 --- [gestionUser] [nio-8081-exec-8] t.e.s.baladna.user.security.JwtFilter    : Setting authentication with role: ROLE_HOST
2026-04-15T19:35:18.304+01:00  INFO 13592 --- [gestionUser] [nio-8081-exec-8] t.e.s.baladna.user.security.JwtFilter    : Authentication set successfully
2026-04-15T19:35:18.304+01:00 DEBUG 13592 --- [gestionUser] [nio-8081-exec-8] o.s.security.web.FilterChainProxy        : Secured GET /api/trajets
2026-04-15T19:35:18.304+01:00 DEBUG 13592 --- [gestionUser] [nio-8081-exec-8] o.s.web.servlet.DispatcherServlet        : GET "/api/trajets", parameters={}
2026-04-15T19:35:18.307+01:00 DEBUG 13592 --- [gestionUser] [nio-8081-exec-8] s.w.s.m.m.a.RequestMappingHandlerMapping : Mapped to tn.esprit.spring.baladna.transport.controller.TrajetController#getAllTrajets()
2026-04-15T19:35:18.318+01:00 DEBUG 13592 --- [gestionUser] [nio-8081-exec-8] org.hibernate.SQL                        : select t1_0.id,t1_0.arrival_station_id,t1_0.departure_station_id,t1_0.distance_km,t1_0.estimated_duration_minutes,t1_0.price_per_km,t1_0.route_geo_json from trajets t1_0
Hibernate: select t1_0.id,t1_0.arrival_station_id,t1_0.departure_station_id,t1_0.distance_km,t1_0.estimated_duration_minutes,t1_0.price_per_km,t1_0.route_geo_json from trajets t1_0
2026-04-15T19:35:18.324+01:00 DEBUG 13592 --- [gestionUser] [nio-8081-exec-8] org.hibernate.SQL                        : select s1_0.id,s1_0.city,s1_0.downtown,s1_0.latitude,s1_0.longitude,s1_0.name,s1_0.surcharge from stations s1_0 where s1_0.id=?
Hibernate: select s1_0.id,s1_0.city,s1_0.downtown,s1_0.latitude,s1_0.longitude,s1_0.name,s1_0.surcharge from stations s1_0 where s1_0.id=?
2026-04-15T19:35:18.330+01:00 DEBUG 13592 --- [gestionUser] [nio-8081-exec-8] org.hibernate.SQL                        : select s1_0.id,s1_0.city,s1_0.downtown,s1_0.latitude,s1_0.longitude,s1_0.name,s1_0.surcharge from stations s1_0 where s1_0.id=?
Hibernate: select s1_0.id,s1_0.city,s1_0.downtown,s1_0.latitude,s1_0.longitude,s1_0.name,s1_0.surcharge from stations s1_0 where s1_0.id=?
2026-04-15T19:35:18.330+01:00 DEBUG 13592 --- [gestionUser] [nio-8081-exec-8] org.hibernate.SQL                        : select s1_0.id,s1_0.city,s1_0.downtown,s1_0.latitude,s1_0.longitude,s1_0.name,s1_0.surcharge from stations s1_0 where s1_0.id=?
Hibernate: select s1_0.id,s1_0.city,s1_0.downtown,s1_0.latitude,s1_0.longitude,s1_0.name,s1_0.surcharge from stations s1_0 where s1_0.id=?
2026-04-15T19:35:18.342+01:00 DEBUG 13592 --- [gestionUser] [nio-8081-exec-8] org.hibernate.SQL                        : select s1_0.id,s1_0.city,s1_0.downtown,s1_0.latitude,s1_0.longitude,s1_0.name,s1_0.surcharge from stations s1_0 where s1_0.id=?
Hibernate: select s1_0.id,s1_0.city,s1_0.downtown,s1_0.latitude,s1_0.longitude,s1_0.name,s1_0.surcharge from stations s1_0 where s1_0.id=?
2026-04-15T19:35:18.348+01:00 DEBUG 13592 --- [gestionUser] [nio-8081-exec-8] org.hibernate.SQL                        : select s1_0.id,s1_0.city,s1_0.downtown,s1_0.latitude,s1_0.longitude,s1_0.name,s1_0.surcharge from stations s1_0 where s1_0.id=?
Hibernate: select s1_0.id,s1_0.city,s1_0.downtown,s1_0.latitude,s1_0.longitude,s1_0.name,s1_0.surcharge from stations s1_0 where s1_0.id=?
2026-04-15T19:35:18.356+01:00 DEBUG 13592 --- [gestionUser] [nio-8081-exec-8] m.m.a.RequestResponseBodyMethodProcessor : Using 'application/json', given [application/json, text/plain, */*] and supported [application/json, application/*+json, application/yaml]
2026-04-15T19:35:18.356+01:00 DEBUG 13592 --- [gestionUser] [nio-8081-exec-8] m.m.a.RequestResponseBodyMethodProcessor : Writing [[TrajetDTO(id=2, departureStationId=5, departureStationName=Barcelone, arrivalStationId=6, arrivalSt (truncated)...]
2026-04-15T19:35:18.367+01:00 DEBUG 13592 --- [gestionUser] [nio-8081-exec-8] o.s.web.servlet.DispatcherServlet        : Completed 200 OK
2026-04-15T19:35:19.717+01:00 DEBUG 13592 --- [gestionUser] [nio-8081-exec-6] o.s.security.web.FilterChainProxy        : Securing GET /api/trajets
2026-04-15T19:35:19.721+01:00 DEBUG 13592 --- [gestionUser] [nio-8081-exec-7] o.s.security.web.FilterChainProxy        : Securing OPTIONS /api/stations
2026-04-15T19:35:19.721+01:00 DEBUG 13592 --- [gestionUser] [nio-8081-exec-5] o.s.security.web.FilterChainProxy        : Securing OPTIONS /api/transports
2026-04-15T19:35:19.721+01:00  INFO 13592 --- [gestionUser] [nio-8081-exec-6] t.e.s.baladna.user.security.JwtFilter    : Request to: /api/trajets - Auth header: present
2026-04-15T19:35:19.729+01:00  INFO 13592 --- [gestionUser] [nio-8081-exec-6] t.e.s.baladna.user.security.JwtFilter    : Token extracted (length: 167)
2026-04-15T19:35:19.731+01:00  INFO 13592 --- [gestionUser] [nio-8081-exec-6] t.e.s.baladna.user.security.JwtFilter    : Email extracted from token: ahmedm12@gmail.com
2026-04-15T19:35:19.735+01:00 DEBUG 13592 --- [gestionUser] [nio-8081-exec-6] org.hibernate.SQL                        : select u1_0.id,u1_0.email,u1_0.first_name,u1_0.last_login,u1_0.last_name,u1_0.password,u1_0.preferred_language,u1_0.profile_photo,u1_0.role,u1_0.status from user u1_0 where u1_0.email=?
Hibernate: select u1_0.id,u1_0.email,u1_0.first_name,u1_0.last_login,u1_0.last_name,u1_0.password,u1_0.preferred_language,u1_0.profile_photo,u1_0.role,u1_0.status from user u1_0 where u1_0.email=?
2026-04-15T19:35:19.743+01:00  INFO 13592 --- [gestionUser] [nio-8081-exec-6] t.e.s.baladna.user.security.JwtFilter    : User found: ahmedm12@gmail.com with role: HOST
2026-04-15T19:35:19.743+01:00  INFO 13592 --- [gestionUser] [nio-8081-exec-6] t.e.s.baladna.user.security.JwtFilter    : Setting authentication with role: ROLE_HOST
2026-04-15T19:35:19.745+01:00  INFO 13592 --- [gestionUser] [nio-8081-exec-6] t.e.s.baladna.user.security.JwtFilter    : Authentication set successfully
2026-04-15T19:35:19.746+01:00 DEBUG 13592 --- [gestionUser] [nio-8081-exec-6] o.s.security.web.FilterChainProxy        : Secured GET /api/trajets
2026-04-15T19:35:19.748+01:00 DEBUG 13592 --- [gestionUser] [nio-8081-exec-6] o.s.web.servlet.DispatcherServlet        : GET "/api/trajets", parameters={}
2026-04-15T19:35:19.748+01:00 DEBUG 13592 --- [gestionUser] [nio-8081-exec-9] o.s.security.web.FilterChainProxy        : Securing GET /api/transports
2026-04-15T19:35:19.748+01:00 DEBUG 13592 --- [gestionUser] [io-8081-exec-10] o.s.security.web.FilterChainProxy        : Securing GET /api/stations
2026-04-15T19:35:19.748+01:00 DEBUG 13592 --- [gestionUser] [nio-8081-exec-6] s.w.s.m.m.a.RequestMappingHandlerMapping : Mapped to tn.esprit.spring.baladna.transport.controller.TrajetController#getAllTrajets()
2026-04-15T19:35:19.750+01:00  INFO 13592 --- [gestionUser] [nio-8081-exec-9] t.e.s.baladna.user.security.JwtFilter    : Request to: /api/transports - Auth header: present
2026-04-15T19:35:19.750+01:00  INFO 13592 --- [gestionUser] [io-8081-exec-10] t.e.s.baladna.user.security.JwtFilter    : Request to: /api/stations - Auth header: present
2026-04-15T19:35:19.750+01:00  INFO 13592 --- [gestionUser] [nio-8081-exec-9] t.e.s.baladna.user.security.JwtFilter    : Token extracted (length: 167)
2026-04-15T19:35:19.751+01:00  INFO 13592 --- [gestionUser] [io-8081-exec-10] t.e.s.baladna.user.security.JwtFilter    : Token extracted (length: 167)
2026-04-15T19:35:19.751+01:00 DEBUG 13592 --- [gestionUser] [nio-8081-exec-6] org.hibernate.SQL                        : select t1_0.id,t1_0.arrival_station_id,t1_0.departure_station_id,t1_0.distance_km,t1_0.estimated_duration_minutes,t1_0.price_per_km,t1_0.route_geo_json from trajets t1_0
Hibernate: select t1_0.id,t1_0.arrival_station_id,t1_0.departure_station_id,t1_0.distance_km,t1_0.estimated_duration_minutes,t1_0.price_per_km,t1_0.route_geo_json from trajets t1_0
2026-04-15T19:35:19.751+01:00  INFO 13592 --- [gestionUser] [nio-8081-exec-9] t.e.s.baladna.user.security.JwtFilter    : Email extracted from token: ahmedm12@gmail.com
2026-04-15T19:35:19.751+01:00  INFO 13592 --- [gestionUser] [io-8081-exec-10] t.e.s.baladna.user.security.JwtFilter    : Email extracted from token: ahmedm12@gmail.com
2026-04-15T19:35:19.756+01:00 DEBUG 13592 --- [gestionUser] [nio-8081-exec-9] org.hibernate.SQL                        : select u1_0.id,u1_0.email,u1_0.first_name,u1_0.last_login,u1_0.last_name,u1_0.password,u1_0.preferred_language,u1_0.profile_photo,u1_0.role,u1_0.status from user u1_0 where u1_0.email=?
Hibernate: select u1_0.id,u1_0.email,u1_0.first_name,u1_0.last_login,u1_0.last_name,u1_0.password,u1_0.preferred_language,u1_0.profile_photo,u1_0.role,u1_0.status from user u1_0 where u1_0.email=?
2026-04-15T19:35:19.756+01:00 DEBUG 13592 --- [gestionUser] [nio-8081-exec-6] org.hibernate.SQL                        : select s1_0.id,s1_0.city,s1_0.downtown,s1_0.latitude,s1_0.longitude,s1_0.name,s1_0.surcharge from stations s1_0 where s1_0.id=?
Hibernate: select s1_0.id,s1_0.city,s1_0.downtown,s1_0.latitude,s1_0.longitude,s1_0.name,s1_0.surcharge from stations s1_0 where s1_0.id=?
2026-04-15T19:35:19.758+01:00 DEBUG 13592 --- [gestionUser] [io-8081-exec-10] org.hibernate.SQL                        : select u1_0.id,u1_0.email,u1_0.first_name,u1_0.last_login,u1_0.last_name,u1_0.password,u1_0.preferred_language,u1_0.profile_photo,u1_0.role,u1_0.status from user u1_0 where u1_0.email=?
Hibernate: select u1_0.id,u1_0.email,u1_0.first_name,u1_0.last_login,u1_0.last_name,u1_0.password,u1_0.preferred_language,u1_0.profile_photo,u1_0.role,u1_0.status from user u1_0 where u1_0.email=?
2026-04-15T19:35:19.766+01:00 DEBUG 13592 --- [gestionUser] [nio-8081-exec-6] org.hibernate.SQL                        : select s1_0.id,s1_0.city,s1_0.downtown,s1_0.latitude,s1_0.longitude,s1_0.name,s1_0.surcharge from stations s1_0 where s1_0.id=?
Hibernate: select s1_0.id,s1_0.city,s1_0.downtown,s1_0.latitude,s1_0.longitude,s1_0.name,s1_0.surcharge from stations s1_0 where s1_0.id=?
2026-04-15T19:35:19.768+01:00  INFO 13592 --- [gestionUser] [nio-8081-exec-9] t.e.s.baladna.user.security.JwtFilter    : User found: ahmedm12@gmail.com with role: HOST
2026-04-15T19:35:19.769+01:00  INFO 13592 --- [gestionUser] [nio-8081-exec-9] t.e.s.baladna.user.security.JwtFilter    : Setting authentication with role: ROLE_HOST
2026-04-15T19:35:19.770+01:00  INFO 13592 --- [gestionUser] [nio-8081-exec-9] t.e.s.baladna.user.security.JwtFilter    : Authentication set successfully
2026-04-15T19:35:19.770+01:00  INFO 13592 --- [gestionUser] [io-8081-exec-10] t.e.s.baladna.user.security.JwtFilter    : User found: ahmedm12@gmail.com with role: HOST
2026-04-15T19:35:19.770+01:00 DEBUG 13592 --- [gestionUser] [nio-8081-exec-9] o.s.security.web.FilterChainProxy        : Secured GET /api/transports
2026-04-15T19:35:19.770+01:00 DEBUG 13592 --- [gestionUser] [nio-8081-exec-6] org.hibernate.SQL                        : select s1_0.id,s1_0.city,s1_0.downtown,s1_0.latitude,s1_0.longitude,s1_0.name,s1_0.surcharge from stations s1_0 where s1_0.id=?
Hibernate: select s1_0.id,s1_0.city,s1_0.downtown,s1_0.latitude,s1_0.longitude,s1_0.name,s1_0.surcharge from stations s1_0 where s1_0.id=?
2026-04-15T19:35:19.770+01:00  INFO 13592 --- [gestionUser] [io-8081-exec-10] t.e.s.baladna.user.security.JwtFilter    : Setting authentication with role: ROLE_HOST
2026-04-15T19:35:19.772+01:00 DEBUG 13592 --- [gestionUser] [nio-8081-exec-9] o.s.web.servlet.DispatcherServlet        : GET "/api/transports", parameters={}
2026-04-15T19:35:19.774+01:00  INFO 13592 --- [gestionUser] [io-8081-exec-10] t.e.s.baladna.user.security.JwtFilter    : Authentication set successfully
2026-04-15T19:35:19.774+01:00 DEBUG 13592 --- [gestionUser] [nio-8081-exec-9] s.w.s.m.m.a.RequestMappingHandlerMapping : Mapped to tn.esprit.spring.baladna.transport.controller.TransportController#getAllTransports()
2026-04-15T19:35:19.774+01:00 DEBUG 13592 --- [gestionUser] [io-8081-exec-10] o.s.security.web.FilterChainProxy        : Secured GET /api/stations
2026-04-15T19:35:19.774+01:00 DEBUG 13592 --- [gestionUser] [nio-8081-exec-6] org.hibernate.SQL                        : select s1_0.id,s1_0.city,s1_0.downtown,s1_0.latitude,s1_0.longitude,s1_0.name,s1_0.surcharge from stations s1_0 where s1_0.id=?
2026-04-15T19:35:19.777+01:00 DEBUG 13592 --- [gestionUser] [io-8081-exec-10] o.s.web.servlet.DispatcherServlet        : GET "/api/stations", parameters={}
Hibernate: select s1_0.id,s1_0.city,s1_0.downtown,s1_0.latitude,s1_0.longitude,s1_0.name,s1_0.surcharge from stations s1_0 where s1_0.id=?
2026-04-15T19:35:19.778+01:00 DEBUG 13592 --- [gestionUser] [io-8081-exec-10] s.w.s.m.m.a.RequestMappingHandlerMapping : Mapped to tn.esprit.spring.baladna.transport.controller.StationController#getAllStations()
2026-04-15T19:35:19.778+01:00 DEBUG 13592 --- [gestionUser] [nio-8081-exec-9] org.hibernate.SQL                        : select t1_0.id,t1_0.available_seats,t1_0.base_price,t1_0.departure_date,t1_0.departure_point,t1_0.status,t1_0.total_capacity,t1_0.traffic_jam,t1_0.trajet_id,t1_0.weather,t1_0.weather_source from transports t1_0
Hibernate: select t1_0.id,t1_0.available_seats,t1_0.base_price,t1_0.departure_date,t1_0.departure_point,t1_0.status,t1_0.total_capacity,t1_0.traffic_jam,t1_0.trajet_id,t1_0.weather,t1_0.weather_source from transports t1_0
2026-04-15T19:35:19.781+01:00 DEBUG 13592 --- [gestionUser] [nio-8081-exec-6] org.hibernate.SQL                        : select s1_0.id,s1_0.city,s1_0.downtown,s1_0.latitude,s1_0.longitude,s1_0.name,s1_0.surcharge from stations s1_0 where s1_0.id=?
Hibernate: select s1_0.id,s1_0.city,s1_0.downtown,s1_0.latitude,s1_0.longitude,s1_0.name,s1_0.surcharge from stations s1_0 where s1_0.id=?
2026-04-15T19:35:19.784+01:00 DEBUG 13592 --- [gestionUser] [io-8081-exec-10] org.hibernate.SQL                        : select s1_0.id,s1_0.city,s1_0.downtown,s1_0.latitude,s1_0.longitude,s1_0.name,s1_0.surcharge from stations s1_0
Hibernate: select s1_0.id,s1_0.city,s1_0.downtown,s1_0.latitude,s1_0.longitude,s1_0.name,s1_0.surcharge from stations s1_0
2026-04-15T19:35:19.785+01:00 DEBUG 13592 --- [gestionUser] [nio-8081-exec-9] org.hibernate.SQL                        : select t1_0.id,t1_0.arrival_station_id,as1_0.id,as1_0.city,as1_0.downtown,as1_0.latitude,as1_0.longitude,as1_0.name,as1_0.surcharge,t1_0.departure_station_id,ds1_0.id,ds1_0.city,ds1_0.downtown,ds1_0.latitude,ds1_0.longitude,ds1_0.name,ds1_0.surcharge,t1_0.distance_km,t1_0.estimated_duration_minutes,t1_0.price_per_km,t1_0.route_geo_json from trajets t1_0 join stations as1_0 on as1_0.id=t1_0.arrival_station_id join stations ds1_0 on ds1_0.id=t1_0.departure_station_id where t1_0.id=?
Hibernate: select t1_0.id,t1_0.arrival_station_id,as1_0.id,as1_0.city,as1_0.downtown,as1_0.latitude,as1_0.longitude,as1_0.name,as1_0.surcharge,t1_0.departure_station_id,ds1_0.id,ds1_0.city,ds1_0.downtown,ds1_0.latitude,ds1_0.longitude,ds1_0.name,ds1_0.surcharge,t1_0.distance_km,t1_0.estimated_duration_minutes,t1_0.price_per_km,t1_0.route_geo_json from trajets t1_0 join stations as1_0 on as1_0.id=t1_0.arrival_station_id join stations ds1_0 on ds1_0.id=t1_0.departure_station_id where t1_0.id=?
2026-04-15T19:35:19.787+01:00 DEBUG 13592 --- [gestionUser] [nio-8081-exec-6] m.m.a.RequestResponseBodyMethodProcessor : Using 'application/json', given [application/json, text/plain, */*] and supported [application/json, application/*+json, application/yaml]
2026-04-15T19:35:19.787+01:00 DEBUG 13592 --- [gestionUser] [nio-8081-exec-6] m.m.a.RequestResponseBodyMethodProcessor : Writing [[TrajetDTO(id=2, departureStationId=5, departureStationName=Barcelone, arrivalStationId=6, arrivalSt (truncated)...]
2026-04-15T19:35:19.791+01:00 DEBUG 13592 --- [gestionUser] [nio-8081-exec-6] o.s.web.servlet.DispatcherServlet        : Completed 200 OK
2026-04-15T19:35:19.791+01:00 DEBUG 13592 --- [gestionUser] [io-8081-exec-10] m.m.a.RequestResponseBodyMethodProcessor : Using 'application/json', given [application/json, text/plain, */*] and supported [application/json, application/*+json, application/yaml]
2026-04-15T19:35:19.792+01:00 DEBUG 13592 --- [gestionUser] [nio-8081-exec-9] m.m.a.RequestResponseBodyMethodProcessor : Using 'application/json', given [application/json, text/plain, */*] and supported [application/json, application/*+json, application/yaml]
2026-04-15T19:35:19.795+01:00 DEBUG 13592 --- [gestionUser] [io-8081-exec-10] m.m.a.RequestResponseBodyMethodProcessor : Writing [[StationDTO(id=5, name=Barcelone, city=kbeli, surcharge=3.0, downtown=true, latitude=0.0, longitude= (truncated)...]
2026-04-15T19:35:19.798+01:00 DEBUG 13592 --- [gestionUser] [nio-8081-exec-9] m.m.a.RequestResponseBodyMethodProcessor : Writing [[TransportDTO(id=3, departurePoint=Zied, departureDate=2026-04-22T21:53, realDepartureDate=2026-04-2 (truncated)...]
2026-04-15T19:35:19.801+01:00 DEBUG 13592 --- [gestionUser] [nio-8081-exec-9] o.s.web.servlet.DispatcherServlet        : Completed 200 OK
2026-04-15T19:35:19.801+01:00 DEBUG 13592 --- [gestionUser] [io-8081-exec-10] o.s.web.servlet.DispatcherServlet        : Completed 200 OK
2026-04-15T19:35:24.448+01:00 DEBUG 13592 --- [gestionUser] [nio-8081-exec-2] o.s.security.web.FilterChainProxy        : Securing OPTIONS /api/profile/me
2026-04-15T19:35:24.468+01:00 DEBUG 13592 --- [gestionUser] [nio-8081-exec-1] o.s.security.web.FilterChainProxy        : Securing GET /api/profile/me
2026-04-15T19:35:24.468+01:00  INFO 13592 --- [gestionUser] [nio-8081-exec-1] t.e.s.baladna.user.security.JwtFilter    : Request to: /api/profile/me - Auth header: present
2026-04-15T19:35:24.472+01:00  INFO 13592 --- [gestionUser] [nio-8081-exec-1] t.e.s.baladna.user.security.JwtFilter    : Token extracted (length: 167)
2026-04-15T19:35:24.470+01:00 DEBUG 13592 --- [gestionUser] [nio-8081-exec-3] o.s.security.web.FilterChainProxy        : Securing GET /api/stations
2026-04-15T19:35:24.473+01:00 DEBUG 13592 --- [gestionUser] [nio-8081-exec-4] o.s.security.web.FilterChainProxy        : Securing OPTIONS /api/trajets
2026-04-15T19:35:24.474+01:00 DEBUG 13592 --- [gestionUser] [nio-8081-exec-8] o.s.security.web.FilterChainProxy        : Securing GET /api/transports
2026-04-15T19:35:24.475+01:00  INFO 13592 --- [gestionUser] [nio-8081-exec-3] t.e.s.baladna.user.security.JwtFilter    : Request to: /api/stations - Auth header: present
2026-04-15T19:35:24.478+01:00  INFO 13592 --- [gestionUser] [nio-8081-exec-1] t.e.s.baladna.user.security.JwtFilter    : Email extracted from token: ahmedm12@gmail.com
2026-04-15T19:35:24.478+01:00  INFO 13592 --- [gestionUser] [nio-8081-exec-8] t.e.s.baladna.user.security.JwtFilter    : Request to: /api/transports - Auth header: present
2026-04-15T19:35:24.478+01:00  INFO 13592 --- [gestionUser] [nio-8081-exec-3] t.e.s.baladna.user.security.JwtFilter    : Token extracted (length: 167)
2026-04-15T19:35:24.481+01:00  INFO 13592 --- [gestionUser] [nio-8081-exec-8] t.e.s.baladna.user.security.JwtFilter    : Token extracted (length: 167)
2026-04-15T19:35:24.482+01:00 DEBUG 13592 --- [gestionUser] [nio-8081-exec-1] org.hibernate.SQL                        : select u1_0.id,u1_0.email,u1_0.first_name,u1_0.last_login,u1_0.last_name,u1_0.password,u1_0.preferred_language,u1_0.profile_photo,u1_0.role,u1_0.status from user u1_0 where u1_0.email=?
Hibernate: select u1_0.id,u1_0.email,u1_0.first_name,u1_0.last_login,u1_0.last_name,u1_0.password,u1_0.preferred_language,u1_0.profile_photo,u1_0.role,u1_0.status from user u1_0 where u1_0.email=?
2026-04-15T19:35:24.483+01:00 DEBUG 13592 --- [gestionUser] [nio-8081-exec-7] o.s.security.web.FilterChainProxy        : Securing GET /api/trajets
2026-04-15T19:35:24.484+01:00  INFO 13592 --- [gestionUser] [nio-8081-exec-3] t.e.s.baladna.user.security.JwtFilter    : Email extracted from token: ahmedm12@gmail.com
2026-04-15T19:35:24.484+01:00  INFO 13592 --- [gestionUser] [nio-8081-exec-7] t.e.s.baladna.user.security.JwtFilter    : Request to: /api/trajets - Auth header: present
2026-04-15T19:35:24.484+01:00  INFO 13592 --- [gestionUser] [nio-8081-exec-8] t.e.s.baladna.user.security.JwtFilter    : Email extracted from token: ahmedm12@gmail.com
2026-04-15T19:35:24.486+01:00  INFO 13592 --- [gestionUser] [nio-8081-exec-7] t.e.s.baladna.user.security.JwtFilter    : Token extracted (length: 167)
2026-04-15T19:35:24.486+01:00 DEBUG 13592 --- [gestionUser] [nio-8081-exec-3] org.hibernate.SQL                        : select u1_0.id,u1_0.email,u1_0.first_name,u1_0.last_login,u1_0.last_name,u1_0.password,u1_0.preferred_language,u1_0.profile_photo,u1_0.role,u1_0.status from user u1_0 where u1_0.email=?
2026-04-15T19:35:24.488+01:00  INFO 13592 --- [gestionUser] [nio-8081-exec-1] t.e.s.baladna.user.security.JwtFilter    : User found: ahmedm12@gmail.com with role: HOST
Hibernate: select u1_0.id,u1_0.email,u1_0.first_name,u1_0.last_login,u1_0.last_name,u1_0.password,u1_0.preferred_language,u1_0.profile_photo,u1_0.role,u1_0.status from user u1_0 where u1_0.email=?
2026-04-15T19:35:24.488+01:00  INFO 13592 --- [gestionUser] [nio-8081-exec-1] t.e.s.baladna.user.security.JwtFilter    : Setting authentication with role: ROLE_HOST
2026-04-15T19:35:24.491+01:00  INFO 13592 --- [gestionUser] [nio-8081-exec-1] t.e.s.baladna.user.security.JwtFilter    : Authentication set successfully
2026-04-15T19:35:24.488+01:00 DEBUG 13592 --- [gestionUser] [nio-8081-exec-8] org.hibernate.SQL                        : select u1_0.id,u1_0.email,u1_0.first_name,u1_0.last_login,u1_0.last_name,u1_0.password,u1_0.preferred_language,u1_0.profile_photo,u1_0.role,u1_0.status from user u1_0 where u1_0.email=?
Hibernate: select u1_0.id,u1_0.email,u1_0.first_name,u1_0.last_login,u1_0.last_name,u1_0.password,u1_0.preferred_language,u1_0.profile_photo,u1_0.role,u1_0.status from user u1_0 where u1_0.email=?
2026-04-15T19:35:24.490+01:00  INFO 13592 --- [gestionUser] [nio-8081-exec-7] t.e.s.baladna.user.security.JwtFilter    : Email extracted from token: ahmedm12@gmail.com
2026-04-15T19:35:24.492+01:00 DEBUG 13592 --- [gestionUser] [nio-8081-exec-1] o.s.security.web.FilterChainProxy        : Secured GET /api/profile/me
2026-04-15T19:35:24.495+01:00  INFO 13592 --- [gestionUser] [nio-8081-exec-3] t.e.s.baladna.user.security.JwtFilter    : User found: ahmedm12@gmail.com with role: HOST
2026-04-15T19:35:24.496+01:00  INFO 13592 --- [gestionUser] [nio-8081-exec-3] t.e.s.baladna.user.security.JwtFilter    : Setting authentication with role: ROLE_HOST
2026-04-15T19:35:24.496+01:00 DEBUG 13592 --- [gestionUser] [nio-8081-exec-7] org.hibernate.SQL                        : select u1_0.id,u1_0.email,u1_0.first_name,u1_0.last_login,u1_0.last_name,u1_0.password,u1_0.preferred_language,u1_0.profile_photo,u1_0.role,u1_0.status from user u1_0 where u1_0.email=?
Hibernate: select u1_0.id,u1_0.email,u1_0.first_name,u1_0.last_login,u1_0.last_name,u1_0.password,u1_0.preferred_language,u1_0.profile_photo,u1_0.role,u1_0.status from user u1_0 where u1_0.email=?
2026-04-15T19:35:24.496+01:00 DEBUG 13592 --- [gestionUser] [nio-8081-exec-1] o.s.web.servlet.DispatcherServlet        : GET "/api/profile/me", parameters={}
2026-04-15T19:35:24.496+01:00  INFO 13592 --- [gestionUser] [nio-8081-exec-3] t.e.s.baladna.user.security.JwtFilter    : Authentication set successfully
2026-04-15T19:35:24.500+01:00 DEBUG 13592 --- [gestionUser] [nio-8081-exec-1] s.w.s.m.m.a.RequestMappingHandlerMapping : Mapped to tn.esprit.spring.baladna.user.controller.UserController#getMyProfile(String)
2026-04-15T19:35:24.499+01:00  INFO 13592 --- [gestionUser] [nio-8081-exec-8] t.e.s.baladna.user.security.JwtFilter    : User found: ahmedm12@gmail.com with role: HOST
2026-04-15T19:35:24.502+01:00  INFO 13592 --- [gestionUser] [nio-8081-exec-8] t.e.s.baladna.user.security.JwtFilter    : Setting authentication with role: ROLE_HOST
2026-04-15T19:35:24.501+01:00 DEBUG 13592 --- [gestionUser] [nio-8081-exec-3] o.s.security.web.FilterChainProxy        : Secured GET /api/stations
2026-04-15T19:35:24.501+01:00  INFO 13592 --- [gestionUser] [nio-8081-exec-7] t.e.s.baladna.user.security.JwtFilter    : User found: ahmedm12@gmail.com with role: HOST
2026-04-15T19:35:24.502+01:00  INFO 13592 --- [gestionUser] [nio-8081-exec-8] t.e.s.baladna.user.security.JwtFilter    : Authentication set successfully
2026-04-15T19:35:24.502+01:00 DEBUG 13592 --- [gestionUser] [nio-8081-exec-3] o.s.web.servlet.DispatcherServlet        : GET "/api/stations", parameters={}
2026-04-15T19:35:24.502+01:00 DEBUG 13592 --- [gestionUser] [nio-8081-exec-1] org.hibernate.SQL                        : select u1_0.id,u1_0.email,u1_0.first_name,u1_0.last_login,u1_0.last_name,u1_0.password,u1_0.preferred_language,u1_0.profile_photo,u1_0.role,u1_0.status from user u1_0 where u1_0.email=?
Hibernate: select u1_0.id,u1_0.email,u1_0.first_name,u1_0.last_login,u1_0.last_name,u1_0.password,u1_0.preferred_language,u1_0.profile_photo,u1_0.role,u1_0.status from user u1_0 where u1_0.email=?
2026-04-15T19:35:24.502+01:00  INFO 13592 --- [gestionUser] [nio-8081-exec-7] t.e.s.baladna.user.security.JwtFilter    : Setting authentication with role: ROLE_HOST
2026-04-15T19:35:24.502+01:00 DEBUG 13592 --- [gestionUser] [nio-8081-exec-8] o.s.security.web.FilterChainProxy        : Secured GET /api/transports
2026-04-15T19:35:24.502+01:00 DEBUG 13592 --- [gestionUser] [nio-8081-exec-3] s.w.s.m.m.a.RequestMappingHandlerMapping : Mapped to tn.esprit.spring.baladna.transport.controller.StationController#getAllStations()
2026-04-15T19:35:24.506+01:00  INFO 13592 --- [gestionUser] [nio-8081-exec-7] t.e.s.baladna.user.security.JwtFilter    : Authentication set successfully
2026-04-15T19:35:24.506+01:00 DEBUG 13592 --- [gestionUser] [nio-8081-exec-8] o.s.web.servlet.DispatcherServlet        : GET "/api/transports", parameters={}
2026-04-15T19:35:24.506+01:00 DEBUG 13592 --- [gestionUser] [nio-8081-exec-7] o.s.security.web.FilterChainProxy        : Secured GET /api/trajets
2026-04-15T19:35:24.506+01:00 DEBUG 13592 --- [gestionUser] [nio-8081-exec-1] o.s.w.s.m.m.a.HttpEntityMethodProcessor  : Using 'application/json', given [application/json, text/plain, */*] and supported [application/json, application/*+json, application/yaml]
2026-04-15T19:35:24.506+01:00 DEBUG 13592 --- [gestionUser] [nio-8081-exec-8] s.w.s.m.m.a.RequestMappingHandlerMapping : Mapped to tn.esprit.spring.baladna.transport.controller.TransportController#getAllTransports()
2026-04-15T19:35:24.506+01:00 DEBUG 13592 --- [gestionUser] [nio-8081-exec-7] o.s.web.servlet.DispatcherServlet        : GET "/api/trajets", parameters={}
2026-04-15T19:35:24.512+01:00 DEBUG 13592 --- [gestionUser] [nio-8081-exec-1] o.s.w.s.m.m.a.HttpEntityMethodProcessor  : Writing [tn.esprit.spring.baladna.user.entity.User@982ce99]
2026-04-15T19:35:24.517+01:00 DEBUG 13592 --- [gestionUser] [nio-8081-exec-7] s.w.s.m.m.a.RequestMappingHandlerMapping : Mapped to tn.esprit.spring.baladna.transport.controller.TrajetController#getAllTrajets()
2026-04-15T19:35:24.519+01:00 DEBUG 13592 --- [gestionUser] [nio-8081-exec-1] o.s.web.servlet.DispatcherServlet        : Completed 200 OK
2026-04-15T19:35:24.520+01:00 DEBUG 13592 --- [gestionUser] [nio-8081-exec-8] org.hibernate.SQL                        : select t1_0.id,t1_0.available_seats,t1_0.base_price,t1_0.departure_date,t1_0.departure_point,t1_0.status,t1_0.total_capacity,t1_0.traffic_jam,t1_0.trajet_id,t1_0.weather,t1_0.weather_source from transports t1_0
2026-04-15T19:35:24.520+01:00 DEBUG 13592 --- [gestionUser] [nio-8081-exec-3] org.hibernate.SQL                        : select s1_0.id,s1_0.city,s1_0.downtown,s1_0.latitude,s1_0.longitude,s1_0.name,s1_0.surcharge from stations s1_0
Hibernate: select s1_0.id,s1_0.city,s1_0.downtown,s1_0.latitude,s1_0.longitude,s1_0.name,s1_0.surcharge from stations s1_0
Hibernate: select t1_0.id,t1_0.available_seats,t1_0.base_price,t1_0.departure_date,t1_0.departure_point,t1_0.status,t1_0.total_capacity,t1_0.traffic_jam,t1_0.trajet_id,t1_0.weather,t1_0.weather_source from transports t1_0
2026-04-15T19:35:24.522+01:00 DEBUG 13592 --- [gestionUser] [nio-8081-exec-7] org.hibernate.SQL                        : select t1_0.id,t1_0.arrival_station_id,t1_0.departure_station_id,t1_0.distance_km,t1_0.estimated_duration_minutes,t1_0.price_per_km,t1_0.route_geo_json from trajets t1_0
Hibernate: select t1_0.id,t1_0.arrival_station_id,t1_0.departure_station_id,t1_0.distance_km,t1_0.estimated_duration_minutes,t1_0.price_per_km,t1_0.route_geo_json from trajets t1_0
2026-04-15T19:35:24.525+01:00 DEBUG 13592 --- [gestionUser] [nio-8081-exec-8] org.hibernate.SQL                        : select t1_0.id,t1_0.arrival_station_id,as1_0.id,as1_0.city,as1_0.downtown,as1_0.latitude,as1_0.longitude,as1_0.name,as1_0.surcharge,t1_0.departure_station_id,ds1_0.id,ds1_0.city,ds1_0.downtown,ds1_0.latitude,ds1_0.longitude,ds1_0.name,ds1_0.surcharge,t1_0.distance_km,t1_0.estimated_duration_minutes,t1_0.price_per_km,t1_0.route_geo_json from trajets t1_0 join stations as1_0 on as1_0.id=t1_0.arrival_station_id join stations ds1_0 on ds1_0.id=t1_0.departure_station_id where t1_0.id=?
2026-04-15T19:35:24.528+01:00 DEBUG 13592 --- [gestionUser] [nio-8081-exec-7] org.hibernate.SQL                        : select s1_0.id,s1_0.city,s1_0.downtown,s1_0.latitude,s1_0.longitude,s1_0.name,s1_0.surcharge from stations s1_0 where s1_0.id=?
Hibernate: select s1_0.id,s1_0.city,s1_0.downtown,s1_0.latitude,s1_0.longitude,s1_0.name,s1_0.surcharge from stations s1_0 where s1_0.id=?
Hibernate: select t1_0.id,t1_0.arrival_station_id,as1_0.id,as1_0.city,as1_0.downtown,as1_0.latitude,as1_0.longitude,as1_0.name,as1_0.surcharge,t1_0.departure_station_id,ds1_0.id,ds1_0.city,ds1_0.downtown,ds1_0.latitude,ds1_0.longitude,ds1_0.name,ds1_0.surcharge,t1_0.distance_km,t1_0.estimated_duration_minutes,t1_0.price_per_km,t1_0.route_geo_json from trajets t1_0 join stations as1_0 on as1_0.id=t1_0.arrival_station_id join stations ds1_0 on ds1_0.id=t1_0.departure_station_id where t1_0.id=?
2026-04-15T19:35:24.536+01:00 DEBUG 13592 --- [gestionUser] [nio-8081-exec-3] m.m.a.RequestResponseBodyMethodProcessor : Using 'application/json', given [application/json, text/plain, */*] and supported [application/json, application/*+json, application/yaml]
2026-04-15T19:35:24.538+01:00 DEBUG 13592 --- [gestionUser] [nio-8081-exec-7] org.hibernate.SQL                        : select s1_0.id,s1_0.city,s1_0.downtown,s1_0.latitude,s1_0.longitude,s1_0.name,s1_0.surcharge from stations s1_0 where s1_0.id=?
Hibernate: select s1_0.id,s1_0.city,s1_0.downtown,s1_0.latitude,s1_0.longitude,s1_0.name,s1_0.surcharge from stations s1_0 where s1_0.id=?
2026-04-15T19:35:24.540+01:00 DEBUG 13592 --- [gestionUser] [nio-8081-exec-3] m.m.a.RequestResponseBodyMethodProcessor : Writing [[StationDTO(id=5, name=Barcelone, city=kbeli, surcharge=3.0, downtown=true, latitude=0.0, longitude= (truncated)...]
2026-04-15T19:35:24.543+01:00 DEBUG 13592 --- [gestionUser] [nio-8081-exec-3] o.s.web.servlet.DispatcherServlet        : Completed 200 OK
2026-04-15T19:35:24.548+01:00 DEBUG 13592 --- [gestionUser] [nio-8081-exec-7] org.hibernate.SQL                        : select s1_0.id,s1_0.city,s1_0.downtown,s1_0.latitude,s1_0.longitude,s1_0.name,s1_0.surcharge from stations s1_0 where s1_0.id=?
Hibernate: select s1_0.id,s1_0.city,s1_0.downtown,s1_0.latitude,s1_0.longitude,s1_0.name,s1_0.surcharge from stations s1_0 where s1_0.id=?
2026-04-15T19:35:24.554+01:00 DEBUG 13592 --- [gestionUser] [nio-8081-exec-7] org.hibernate.SQL                        : select s1_0.id,s1_0.city,s1_0.downtown,s1_0.latitude,s1_0.longitude,s1_0.name,s1_0.surcharge from stations s1_0 where s1_0.id=?
2026-04-15T19:35:24.554+01:00 DEBUG 13592 --- [gestionUser] [nio-8081-exec-8] m.m.a.RequestResponseBodyMethodProcessor : Using 'application/json', given [application/json, text/plain, */*] and supported [application/json, application/*+json, application/yaml]
Hibernate: select s1_0.id,s1_0.city,s1_0.downtown,s1_0.latitude,s1_0.longitude,s1_0.name,s1_0.surcharge from stations s1_0 where s1_0.id=?
2026-04-15T19:35:24.557+01:00 DEBUG 13592 --- [gestionUser] [nio-8081-exec-8] m.m.a.RequestResponseBodyMethodProcessor : Writing [[TransportDTO(id=3, departurePoint=Zied, departureDate=2026-04-22T21:53, realDepartureDate=2026-04-2 (truncated)...]
2026-04-15T19:35:24.561+01:00 DEBUG 13592 --- [gestionUser] [nio-8081-exec-8] o.s.web.servlet.DispatcherServlet        : Completed 200 OK
2026-04-15T19:35:24.567+01:00 DEBUG 13592 --- [gestionUser] [nio-8081-exec-7] org.hibernate.SQL                        : select s1_0.id,s1_0.city,s1_0.downtown,s1_0.latitude,s1_0.longitude,s1_0.name,s1_0.surcharge from stations s1_0 where s1_0.id=?
Hibernate: select s1_0.id,s1_0.city,s1_0.downtown,s1_0.latitude,s1_0.longitude,s1_0.name,s1_0.surcharge from stations s1_0 where s1_0.id=?
2026-04-15T19:35:24.578+01:00 DEBUG 13592 --- [gestionUser] [nio-8081-exec-7] m.m.a.RequestResponseBodyMethodProcessor : Using 'application/json', given [application/json, text/plain, */*] and supported [application/json, application/*+json, application/yaml]
2026-04-15T19:35:24.579+01:00 DEBUG 13592 --- [gestionUser] [nio-8081-exec-7] m.m.a.RequestResponseBodyMethodProcessor : Writing [[TrajetDTO(id=2, departureStationId=5, departureStationName=Barcelone, arrivalStationId=6, arrivalSt (truncated)...]
2026-04-15T19:35:24.582+01:00 DEBUG 13592 --- [gestionUser] [nio-8081-exec-7] o.s.web.servlet.DispatcherServlet        : Completed 200 OK
2026-04-15T19:35:49.101+01:00 DEBUG 13592 --- [gestionUser] [nio-8081-exec-5] o.s.security.web.FilterChainProxy        : Securing OPTIONS /api/stations
2026-04-15T19:35:49.123+01:00 DEBUG 13592 --- [gestionUser] [nio-8081-exec-6] o.s.security.web.FilterChainProxy        : Securing GET /api/stations
2026-04-15T19:35:49.125+01:00  INFO 13592 --- [gestionUser] [nio-8081-exec-6] t.e.s.baladna.user.security.JwtFilter    : Request to: /api/stations - Auth header: present
2026-04-15T19:35:49.128+01:00  INFO 13592 --- [gestionUser] [nio-8081-exec-6] t.e.s.baladna.user.security.JwtFilter    : Token extracted (length: 167)
2026-04-15T19:35:49.132+01:00  INFO 13592 --- [gestionUser] [nio-8081-exec-6] t.e.s.baladna.user.security.JwtFilter    : Email extracted from token: ahmedm12@gmail.com
2026-04-15T19:35:49.132+01:00 DEBUG 13592 --- [gestionUser] [nio-8081-exec-6] org.hibernate.SQL                        : select u1_0.id,u1_0.email,u1_0.first_name,u1_0.last_login,u1_0.last_name,u1_0.password,u1_0.preferred_language,u1_0.profile_photo,u1_0.role,u1_0.status from user u1_0 where u1_0.email=?
Hibernate: select u1_0.id,u1_0.email,u1_0.first_name,u1_0.last_login,u1_0.last_name,u1_0.password,u1_0.preferred_language,u1_0.profile_photo,u1_0.role,u1_0.status from user u1_0 where u1_0.email=?
2026-04-15T19:35:49.138+01:00  INFO 13592 --- [gestionUser] [nio-8081-exec-6] t.e.s.baladna.user.security.JwtFilter    : User found: ahmedm12@gmail.com with role: HOST
2026-04-15T19:35:49.138+01:00  INFO 13592 --- [gestionUser] [nio-8081-exec-6] t.e.s.baladna.user.security.JwtFilter    : Setting authentication with role: ROLE_HOST
2026-04-15T19:35:49.139+01:00  INFO 13592 --- [gestionUser] [nio-8081-exec-6] t.e.s.baladna.user.security.JwtFilter    : Authentication set successfully
2026-04-15T19:35:49.139+01:00 DEBUG 13592 --- [gestionUser] [nio-8081-exec-6] o.s.security.web.FilterChainProxy        : Secured GET /api/stations
2026-04-15T19:35:49.139+01:00 DEBUG 13592 --- [gestionUser] [nio-8081-exec-6] o.s.web.servlet.DispatcherServlet        : GET "/api/stations", parameters={}
2026-04-15T19:35:49.141+01:00 DEBUG 13592 --- [gestionUser] [nio-8081-exec-6] s.w.s.m.m.a.RequestMappingHandlerMapping : Mapped to tn.esprit.spring.baladna.transport.controller.StationController#getAllStations()
2026-04-15T19:35:49.149+01:00 DEBUG 13592 --- [gestionUser] [nio-8081-exec-6] org.hibernate.SQL                        : select s1_0.id,s1_0.city,s1_0.downtown,s1_0.latitude,s1_0.longitude,s1_0.name,s1_0.surcharge from stations s1_0
Hibernate: select s1_0.id,s1_0.city,s1_0.downtown,s1_0.latitude,s1_0.longitude,s1_0.name,s1_0.surcharge from stations s1_0
2026-04-15T19:35:49.154+01:00 DEBUG 13592 --- [gestionUser] [nio-8081-exec-6] m.m.a.RequestResponseBodyMethodProcessor : Using 'application/json', given [application/json, text/plain, */*] and supported [application/json, application/*+json, application/yaml]
2026-04-15T19:35:49.155+01:00 DEBUG 13592 --- [gestionUser] [nio-8081-exec-6] m.m.a.RequestResponseBodyMethodProcessor : Writing [[StationDTO(id=5, name=Barcelone, city=kbeli, surcharge=3.0, downtown=true, latitude=0.0, longitude= (truncated)...]
2026-04-15T19:35:49.158+01:00 DEBUG 13592 --- [gestionUser] [nio-8081-exec-6] o.s.web.servlet.DispatcherServlet        : Completed 200 OK
2026-04-15T19:35:56.757+01:00 DEBUG 13592 --- [gestionUser] [nio-8081-exec-9] o.s.security.web.FilterChainProxy        : Securing OPTIONS /api/stations
2026-04-15T19:35:56.760+01:00 DEBUG 13592 --- [gestionUser] [io-8081-exec-10] o.s.security.web.FilterChainProxy        : Securing OPTIONS /api/trajets
2026-04-15T19:35:56.770+01:00 DEBUG 13592 --- [gestionUser] [nio-8081-exec-2] o.s.security.web.FilterChainProxy        : Securing GET /api/stations
2026-04-15T19:35:56.772+01:00  INFO 13592 --- [gestionUser] [nio-8081-exec-2] t.e.s.baladna.user.security.JwtFilter    : Request to: /api/stations - Auth header: present
2026-04-15T19:35:56.773+01:00  INFO 13592 --- [gestionUser] [nio-8081-exec-2] t.e.s.baladna.user.security.JwtFilter    : Token extracted (length: 167)
2026-04-15T19:35:56.779+01:00 DEBUG 13592 --- [gestionUser] [nio-8081-exec-4] o.s.security.web.FilterChainProxy        : Securing GET /api/trajets
2026-04-15T19:35:56.782+01:00  INFO 13592 --- [gestionUser] [nio-8081-exec-4] t.e.s.baladna.user.security.JwtFilter    : Request to: /api/trajets - Auth header: present
2026-04-15T19:35:56.782+01:00  INFO 13592 --- [gestionUser] [nio-8081-exec-2] t.e.s.baladna.user.security.JwtFilter    : Email extracted from token: ahmedm12@gmail.com
2026-04-15T19:35:56.782+01:00  INFO 13592 --- [gestionUser] [nio-8081-exec-4] t.e.s.baladna.user.security.JwtFilter    : Token extracted (length: 167)
2026-04-15T19:35:56.784+01:00 DEBUG 13592 --- [gestionUser] [nio-8081-exec-2] org.hibernate.SQL                        : select u1_0.id,u1_0.email,u1_0.first_name,u1_0.last_login,u1_0.last_name,u1_0.password,u1_0.preferred_language,u1_0.profile_photo,u1_0.role,u1_0.status from user u1_0 where u1_0.email=?
Hibernate: select u1_0.id,u1_0.email,u1_0.first_name,u1_0.last_login,u1_0.last_name,u1_0.password,u1_0.preferred_language,u1_0.profile_photo,u1_0.role,u1_0.status from user u1_0 where u1_0.email=?
2026-04-15T19:35:56.784+01:00  INFO 13592 --- [gestionUser] [nio-8081-exec-4] t.e.s.baladna.user.security.JwtFilter    : Email extracted from token: ahmedm12@gmail.com
2026-04-15T19:35:56.790+01:00 DEBUG 13592 --- [gestionUser] [nio-8081-exec-4] org.hibernate.SQL                        : select u1_0.id,u1_0.email,u1_0.first_name,u1_0.last_login,u1_0.last_name,u1_0.password,u1_0.preferred_language,u1_0.profile_photo,u1_0.role,u1_0.status from user u1_0 where u1_0.email=?
2026-04-15T19:35:56.791+01:00  INFO 13592 --- [gestionUser] [nio-8081-exec-2] t.e.s.baladna.user.security.JwtFilter    : User found: ahmedm12@gmail.com with role: HOST
2026-04-15T19:35:56.791+01:00  INFO 13592 --- [gestionUser] [nio-8081-exec-2] t.e.s.baladna.user.security.JwtFilter    : Setting authentication with role: ROLE_HOST
Hibernate: select u1_0.id,u1_0.email,u1_0.first_name,u1_0.last_login,u1_0.last_name,u1_0.password,u1_0.preferred_language,u1_0.profile_photo,u1_0.role,u1_0.status from user u1_0 where u1_0.email=?
2026-04-15T19:35:56.793+01:00  INFO 13592 --- [gestionUser] [nio-8081-exec-2] t.e.s.baladna.user.security.JwtFilter    : Authentication set successfully
2026-04-15T19:35:56.794+01:00 DEBUG 13592 --- [gestionUser] [nio-8081-exec-2] o.s.security.web.FilterChainProxy        : Secured GET /api/stations
2026-04-15T19:35:56.796+01:00 DEBUG 13592 --- [gestionUser] [nio-8081-exec-2] o.s.web.servlet.DispatcherServlet        : GET "/api/stations", parameters={}
2026-04-15T19:35:56.798+01:00 DEBUG 13592 --- [gestionUser] [nio-8081-exec-2] s.w.s.m.m.a.RequestMappingHandlerMapping : Mapped to tn.esprit.spring.baladna.transport.controller.StationController#getAllStations()
2026-04-15T19:35:56.798+01:00  INFO 13592 --- [gestionUser] [nio-8081-exec-4] t.e.s.baladna.user.security.JwtFilter    : User found: ahmedm12@gmail.com with role: HOST
2026-04-15T19:35:56.798+01:00  INFO 13592 --- [gestionUser] [nio-8081-exec-4] t.e.s.baladna.user.security.JwtFilter    : Setting authentication with role: ROLE_HOST
2026-04-15T19:35:56.798+01:00  INFO 13592 --- [gestionUser] [nio-8081-exec-4] t.e.s.baladna.user.security.JwtFilter    : Authentication set successfully
2026-04-15T19:35:56.798+01:00 DEBUG 13592 --- [gestionUser] [nio-8081-exec-4] o.s.security.web.FilterChainProxy        : Secured GET /api/trajets
2026-04-15T19:35:56.801+01:00 DEBUG 13592 --- [gestionUser] [nio-8081-exec-4] o.s.web.servlet.DispatcherServlet        : GET "/api/trajets", parameters={}
2026-04-15T19:35:56.801+01:00 DEBUG 13592 --- [gestionUser] [nio-8081-exec-4] s.w.s.m.m.a.RequestMappingHandlerMapping : Mapped to tn.esprit.spring.baladna.transport.controller.TrajetController#getAllTrajets()
2026-04-15T19:35:56.801+01:00 DEBUG 13592 --- [gestionUser] [nio-8081-exec-2] org.hibernate.SQL                        : select s1_0.id,s1_0.city,s1_0.downtown,s1_0.latitude,s1_0.longitude,s1_0.name,s1_0.surcharge from stations s1_0
Hibernate: select s1_0.id,s1_0.city,s1_0.downtown,s1_0.latitude,s1_0.longitude,s1_0.name,s1_0.surcharge from stations s1_0
2026-04-15T19:35:56.807+01:00 DEBUG 13592 --- [gestionUser] [nio-8081-exec-4] org.hibernate.SQL                        : select t1_0.id,t1_0.arrival_station_id,t1_0.departure_station_id,t1_0.distance_km,t1_0.estimated_duration_minutes,t1_0.price_per_km,t1_0.route_geo_json from trajets t1_0
Hibernate: select t1_0.id,t1_0.arrival_station_id,t1_0.departure_station_id,t1_0.distance_km,t1_0.estimated_duration_minutes,t1_0.price_per_km,t1_0.route_geo_json from trajets t1_0
2026-04-15T19:35:56.825+01:00 DEBUG 13592 --- [gestionUser] [nio-8081-exec-2] m.m.a.RequestResponseBodyMethodProcessor : Using 'application/json', given [application/json, text/plain, */*] and supported [application/json, application/*+json, application/yaml]
2026-04-15T19:35:56.827+01:00 DEBUG 13592 --- [gestionUser] [nio-8081-exec-4] org.hibernate.SQL                        : select s1_0.id,s1_0.city,s1_0.downtown,s1_0.latitude,s1_0.longitude,s1_0.name,s1_0.surcharge from stations s1_0 where s1_0.id=?
Hibernate: select s1_0.id,s1_0.city,s1_0.downtown,s1_0.latitude,s1_0.longitude,s1_0.name,s1_0.surcharge from stations s1_0 where s1_0.id=?
2026-04-15T19:35:56.828+01:00 DEBUG 13592 --- [gestionUser] [nio-8081-exec-2] m.m.a.RequestResponseBodyMethodProcessor : Writing [[StationDTO(id=5, name=Barcelone, city=kbeli, surcharge=3.0, downtown=true, latitude=0.0, longitude= (truncated)...]
2026-04-15T19:35:56.832+01:00 DEBUG 13592 --- [gestionUser] [nio-8081-exec-2] o.s.web.servlet.DispatcherServlet        : Completed 200 OK
2026-04-15T19:35:56.840+01:00 DEBUG 13592 --- [gestionUser] [nio-8081-exec-4] org.hibernate.SQL                        : select s1_0.id,s1_0.city,s1_0.downtown,s1_0.latitude,s1_0.longitude,s1_0.name,s1_0.surcharge from stations s1_0 where s1_0.id=?
Hibernate: select s1_0.id,s1_0.city,s1_0.downtown,s1_0.latitude,s1_0.longitude,s1_0.name,s1_0.surcharge from stations s1_0 where s1_0.id=?
2026-04-15T19:35:56.847+01:00 DEBUG 13592 --- [gestionUser] [nio-8081-exec-4] org.hibernate.SQL                        : select s1_0.id,s1_0.city,s1_0.downtown,s1_0.latitude,s1_0.longitude,s1_0.name,s1_0.surcharge from stations s1_0 where s1_0.id=?
Hibernate: select s1_0.id,s1_0.city,s1_0.downtown,s1_0.latitude,s1_0.longitude,s1_0.name,s1_0.surcharge from stations s1_0 where s1_0.id=?
2026-04-15T19:35:56.852+01:00 DEBUG 13592 --- [gestionUser] [nio-8081-exec-4] org.hibernate.SQL                        : select s1_0.id,s1_0.city,s1_0.downtown,s1_0.latitude,s1_0.longitude,s1_0.name,s1_0.surcharge from stations s1_0 where s1_0.id=?
Hibernate: select s1_0.id,s1_0.city,s1_0.downtown,s1_0.latitude,s1_0.longitude,s1_0.name,s1_0.surcharge from stations s1_0 where s1_0.id=?
2026-04-15T19:35:56.856+01:00 DEBUG 13592 --- [gestionUser] [nio-8081-exec-4] org.hibernate.SQL                        : select s1_0.id,s1_0.city,s1_0.downtown,s1_0.latitude,s1_0.longitude,s1_0.name,s1_0.surcharge from stations s1_0 where s1_0.id=?
Hibernate: select s1_0.id,s1_0.city,s1_0.downtown,s1_0.latitude,s1_0.longitude,s1_0.name,s1_0.surcharge from stations s1_0 where s1_0.id=?
2026-04-15T19:35:56.868+01:00 DEBUG 13592 --- [gestionUser] [nio-8081-exec-4] m.m.a.RequestResponseBodyMethodProcessor : Using 'application/json', given [application/json, text/plain, */*] and supported [application/json, application/*+json, application/yaml]
2026-04-15T19:35:56.870+01:00 DEBUG 13592 --- [gestionUser] [nio-8081-exec-4] m.m.a.RequestResponseBodyMethodProcessor : Writing [[TrajetDTO(id=2, departureStationId=5, departureStationName=Barcelone, arrivalStationId=6, arrivalSt (truncated)...]
2026-04-15T19:35:56.874+01:00 DEBUG 13592 --- [gestionUser] [nio-8081-exec-4] o.s.web.servlet.DispatcherServlet        : Completed 200 OK
2026-04-15T19:37:03.811+01:00 DEBUG 13592 --- [gestionUser] [nio-8081-exec-5] o.s.security.web.FilterChainProxy        : Securing OPTIONS /api/profile/me
2026-04-15T19:37:03.816+01:00 DEBUG 13592 --- [gestionUser] [nio-8081-exec-6] o.s.security.web.FilterChainProxy        : Securing GET /api/profile/me
2026-04-15T19:37:03.816+01:00  INFO 13592 --- [gestionUser] [nio-8081-exec-6] t.e.s.baladna.user.security.JwtFilter    : Request to: /api/profile/me - Auth header: present
2026-04-15T19:37:03.816+01:00  INFO 13592 --- [gestionUser] [nio-8081-exec-6] t.e.s.baladna.user.security.JwtFilter    : Token extracted (length: 167)
2026-04-15T19:37:03.828+01:00  INFO 13592 --- [gestionUser] [nio-8081-exec-6] t.e.s.baladna.user.security.JwtFilter    : Email extracted from token: ahmedm12@gmail.com
2026-04-15T19:37:03.829+01:00 DEBUG 13592 --- [gestionUser] [nio-8081-exec-6] org.hibernate.SQL                        : select u1_0.id,u1_0.email,u1_0.first_name,u1_0.last_login,u1_0.last_name,u1_0.password,u1_0.preferred_language,u1_0.profile_photo,u1_0.role,u1_0.status from user u1_0 where u1_0.email=?
Hibernate: select u1_0.id,u1_0.email,u1_0.first_name,u1_0.last_login,u1_0.last_name,u1_0.password,u1_0.preferred_language,u1_0.profile_photo,u1_0.role,u1_0.status from user u1_0 where u1_0.email=?
2026-04-15T19:37:03.836+01:00  INFO 13592 --- [gestionUser] [nio-8081-exec-6] t.e.s.baladna.user.security.JwtFilter    : User found: ahmedm12@gmail.com with role: HOST
2026-04-15T19:37:03.837+01:00  INFO 13592 --- [gestionUser] [nio-8081-exec-6] t.e.s.baladna.user.security.JwtFilter    : Setting authentication with role: ROLE_HOST
2026-04-15T19:37:03.845+01:00  INFO 13592 --- [gestionUser] [nio-8081-exec-6] t.e.s.baladna.user.security.JwtFilter    : Authentication set successfully
2026-04-15T19:37:03.849+01:00 DEBUG 13592 --- [gestionUser] [nio-8081-exec-6] o.s.security.web.FilterChainProxy        : Secured GET /api/profile/me
2026-04-15T19:37:03.851+01:00 DEBUG 13592 --- [gestionUser] [nio-8081-exec-6] o.s.web.servlet.DispatcherServlet        : GET "/api/profile/me", parameters={}
2026-04-15T19:37:03.853+01:00 DEBUG 13592 --- [gestionUser] [nio-8081-exec-6] s.w.s.m.m.a.RequestMappingHandlerMapping : Mapped to tn.esprit.spring.baladna.user.controller.UserController#getMyProfile(String)
2026-04-15T19:37:03.855+01:00 DEBUG 13592 --- [gestionUser] [nio-8081-exec-6] org.hibernate.SQL                        : select u1_0.id,u1_0.email,u1_0.first_name,u1_0.last_login,u1_0.last_name,u1_0.password,u1_0.preferred_language,u1_0.profile_photo,u1_0.role,u1_0.status from user u1_0 where u1_0.email=?
Hibernate: select u1_0.id,u1_0.email,u1_0.first_name,u1_0.last_login,u1_0.last_name,u1_0.password,u1_0.preferred_language,u1_0.profile_photo,u1_0.role,u1_0.status from user u1_0 where u1_0.email=?
2026-04-15T19:37:03.859+01:00 DEBUG 13592 --- [gestionUser] [nio-8081-exec-9] o.s.security.web.FilterChainProxy        : Securing OPTIONS /api/stations
2026-04-15T19:37:03.867+01:00 DEBUG 13592 --- [gestionUser] [nio-8081-exec-6] o.s.w.s.m.m.a.HttpEntityMethodProcessor  : Using 'application/json', given [application/json, text/plain, */*] and supported [application/json, application/*+json, application/yaml]
2026-04-15T19:37:03.867+01:00 DEBUG 13592 --- [gestionUser] [io-8081-exec-10] o.s.security.web.FilterChainProxy        : Securing OPTIONS /api/trajets
2026-04-15T19:37:03.867+01:00 DEBUG 13592 --- [gestionUser] [nio-8081-exec-6] o.s.w.s.m.m.a.HttpEntityMethodProcessor  : Writing [tn.esprit.spring.baladna.user.entity.User@76eb1b83]
2026-04-15T19:37:03.872+01:00 DEBUG 13592 --- [gestionUser] [nio-8081-exec-6] o.s.web.servlet.DispatcherServlet        : Completed 200 OK
2026-04-15T19:37:03.877+01:00 DEBUG 13592 --- [gestionUser] [nio-8081-exec-2] o.s.security.web.FilterChainProxy        : Securing GET /api/stations
2026-04-15T19:37:03.881+01:00  INFO 13592 --- [gestionUser] [nio-8081-exec-2] t.e.s.baladna.user.security.JwtFilter    : Request to: /api/stations - Auth header: present
2026-04-15T19:37:03.881+01:00  INFO 13592 --- [gestionUser] [nio-8081-exec-2] t.e.s.baladna.user.security.JwtFilter    : Token extracted (length: 167)
2026-04-15T19:37:03.884+01:00  INFO 13592 --- [gestionUser] [nio-8081-exec-2] t.e.s.baladna.user.security.JwtFilter    : Email extracted from token: ahmedm12@gmail.com
2026-04-15T19:37:03.886+01:00 DEBUG 13592 --- [gestionUser] [nio-8081-exec-4] o.s.security.web.FilterChainProxy        : Securing GET /api/trajets
2026-04-15T19:37:03.887+01:00 DEBUG 13592 --- [gestionUser] [nio-8081-exec-2] org.hibernate.SQL                        : select u1_0.id,u1_0.email,u1_0.first_name,u1_0.last_login,u1_0.last_name,u1_0.password,u1_0.preferred_language,u1_0.profile_photo,u1_0.role,u1_0.status from user u1_0 where u1_0.email=?
Hibernate: select u1_0.id,u1_0.email,u1_0.first_name,u1_0.last_login,u1_0.last_name,u1_0.password,u1_0.preferred_language,u1_0.profile_photo,u1_0.role,u1_0.status from user u1_0 where u1_0.email=?
2026-04-15T19:37:03.887+01:00  INFO 13592 --- [gestionUser] [nio-8081-exec-4] t.e.s.baladna.user.security.JwtFilter    : Request to: /api/trajets - Auth header: present
2026-04-15T19:37:03.890+01:00  INFO 13592 --- [gestionUser] [nio-8081-exec-4] t.e.s.baladna.user.security.JwtFilter    : Token extracted (length: 167)
2026-04-15T19:37:03.892+01:00  INFO 13592 --- [gestionUser] [nio-8081-exec-4] t.e.s.baladna.user.security.JwtFilter    : Email extracted from token: ahmedm12@gmail.com
2026-04-15T19:37:03.894+01:00  INFO 13592 --- [gestionUser] [nio-8081-exec-2] t.e.s.baladna.user.security.JwtFilter    : User found: ahmedm12@gmail.com with role: HOST
2026-04-15T19:37:03.894+01:00 DEBUG 13592 --- [gestionUser] [nio-8081-exec-4] org.hibernate.SQL                        : select u1_0.id,u1_0.email,u1_0.first_name,u1_0.last_login,u1_0.last_name,u1_0.password,u1_0.preferred_language,u1_0.profile_photo,u1_0.role,u1_0.status from user u1_0 where u1_0.email=?
Hibernate: select u1_0.id,u1_0.email,u1_0.first_name,u1_0.last_login,u1_0.last_name,u1_0.password,u1_0.preferred_language,u1_0.profile_photo,u1_0.role,u1_0.status from user u1_0 where u1_0.email=?
2026-04-15T19:37:03.894+01:00  INFO 13592 --- [gestionUser] [nio-8081-exec-2] t.e.s.baladna.user.security.JwtFilter    : Setting authentication with role: ROLE_HOST
2026-04-15T19:37:03.897+01:00  INFO 13592 --- [gestionUser] [nio-8081-exec-2] t.e.s.baladna.user.security.JwtFilter    : Authentication set successfully
2026-04-15T19:37:03.899+01:00 DEBUG 13592 --- [gestionUser] [nio-8081-exec-2] o.s.security.web.FilterChainProxy        : Secured GET /api/stations
2026-04-15T19:37:03.909+01:00 DEBUG 13592 --- [gestionUser] [nio-8081-exec-2] o.s.web.servlet.DispatcherServlet        : GET "/api/stations", parameters={}
2026-04-15T19:37:03.909+01:00  INFO 13592 --- [gestionUser] [nio-8081-exec-4] t.e.s.baladna.user.security.JwtFilter    : User found: ahmedm12@gmail.com with role: HOST
2026-04-15T19:37:03.910+01:00  INFO 13592 --- [gestionUser] [nio-8081-exec-4] t.e.s.baladna.user.security.JwtFilter    : Setting authentication with role: ROLE_HOST
2026-04-15T19:37:03.912+01:00  INFO 13592 --- [gestionUser] [nio-8081-exec-4] t.e.s.baladna.user.security.JwtFilter    : Authentication set successfully
2026-04-15T19:37:03.910+01:00 DEBUG 13592 --- [gestionUser] [nio-8081-exec-2] s.w.s.m.m.a.RequestMappingHandlerMapping : Mapped to tn.esprit.spring.baladna.transport.controller.StationController#getAllStations()
2026-04-15T19:37:03.913+01:00 DEBUG 13592 --- [gestionUser] [nio-8081-exec-4] o.s.security.web.FilterChainProxy        : Secured GET /api/trajets
2026-04-15T19:37:03.916+01:00 DEBUG 13592 --- [gestionUser] [nio-8081-exec-4] o.s.web.servlet.DispatcherServlet        : GET "/api/trajets", parameters={}
2026-04-15T19:37:03.918+01:00 DEBUG 13592 --- [gestionUser] [nio-8081-exec-4] s.w.s.m.m.a.RequestMappingHandlerMapping : Mapped to tn.esprit.spring.baladna.transport.controller.TrajetController#getAllTrajets()
2026-04-15T19:37:03.927+01:00 DEBUG 13592 --- [gestionUser] [nio-8081-exec-2] org.hibernate.SQL                        : select s1_0.id,s1_0.city,s1_0.downtown,s1_0.latitude,s1_0.longitude,s1_0.name,s1_0.surcharge from stations s1_0
Hibernate: select s1_0.id,s1_0.city,s1_0.downtown,s1_0.latitude,s1_0.longitude,s1_0.name,s1_0.surcharge from stations s1_0
2026-04-15T19:37:04.000+01:00 DEBUG 13592 --- [gestionUser] [nio-8081-exec-4] org.hibernate.SQL                        : select t1_0.id,t1_0.arrival_station_id,t1_0.departure_station_id,t1_0.distance_km,t1_0.estimated_duration_minutes,t1_0.price_per_km,t1_0.route_geo_json from trajets t1_0
Hibernate: select t1_0.id,t1_0.arrival_station_id,t1_0.departure_station_id,t1_0.distance_km,t1_0.estimated_duration_minutes,t1_0.price_per_km,t1_0.route_geo_json from trajets t1_0
2026-04-15T19:37:04.012+01:00 DEBUG 13592 --- [gestionUser] [nio-8081-exec-4] org.hibernate.SQL                        : select s1_0.id,s1_0.city,s1_0.downtown,s1_0.latitude,s1_0.longitude,s1_0.name,s1_0.surcharge from stations s1_0 where s1_0.id=?
Hibernate: select s1_0.id,s1_0.city,s1_0.downtown,s1_0.latitude,s1_0.longitude,s1_0.name,s1_0.surcharge from stations s1_0 where s1_0.id=?
2026-04-15T19:37:04.012+01:00 DEBUG 13592 --- [gestionUser] [nio-8081-exec-2] m.m.a.RequestResponseBodyMethodProcessor : Using 'application/json', given [application/json, text/plain, */*] and supported [application/json, application/*+json, application/yaml]
2026-04-15T19:37:04.015+01:00 DEBUG 13592 --- [gestionUser] [nio-8081-exec-2] m.m.a.RequestResponseBodyMethodProcessor : Writing [[StationDTO(id=5, name=Barcelone, city=kbeli, surcharge=3.0, downtown=true, latitude=0.0, longitude= (truncated)...]
2026-04-15T19:37:04.016+01:00 DEBUG 13592 --- [gestionUser] [nio-8081-exec-4] org.hibernate.SQL                        : select s1_0.id,s1_0.city,s1_0.downtown,s1_0.latitude,s1_0.longitude,s1_0.name,s1_0.surcharge from stations s1_0 where s1_0.id=?
Hibernate: select s1_0.id,s1_0.city,s1_0.downtown,s1_0.latitude,s1_0.longitude,s1_0.name,s1_0.surcharge from stations s1_0 where s1_0.id=?
2026-04-15T19:37:04.018+01:00 DEBUG 13592 --- [gestionUser] [nio-8081-exec-2] o.s.web.servlet.DispatcherServlet        : Completed 200 OK
2026-04-15T19:37:04.021+01:00 DEBUG 13592 --- [gestionUser] [nio-8081-exec-4] org.hibernate.SQL                        : select s1_0.id,s1_0.city,s1_0.downtown,s1_0.latitude,s1_0.longitude,s1_0.name,s1_0.surcharge from stations s1_0 where s1_0.id=?
Hibernate: select s1_0.id,s1_0.city,s1_0.downtown,s1_0.latitude,s1_0.longitude,s1_0.name,s1_0.surcharge from stations s1_0 where s1_0.id=?
2026-04-15T19:37:04.024+01:00 DEBUG 13592 --- [gestionUser] [nio-8081-exec-4] org.hibernate.SQL                        : select s1_0.id,s1_0.city,s1_0.downtown,s1_0.latitude,s1_0.longitude,s1_0.name,s1_0.surcharge from stations s1_0 where s1_0.id=?
Hibernate: select s1_0.id,s1_0.city,s1_0.downtown,s1_0.latitude,s1_0.longitude,s1_0.name,s1_0.surcharge from stations s1_0 where s1_0.id=?
2026-04-15T19:37:04.028+01:00 DEBUG 13592 --- [gestionUser] [nio-8081-exec-4] org.hibernate.SQL                        : select s1_0.id,s1_0.city,s1_0.downtown,s1_0.latitude,s1_0.longitude,s1_0.name,s1_0.surcharge from stations s1_0 where s1_0.id=?
Hibernate: select s1_0.id,s1_0.city,s1_0.downtown,s1_0.latitude,s1_0.longitude,s1_0.name,s1_0.surcharge from stations s1_0 where s1_0.id=?
2026-04-15T19:37:04.043+01:00 DEBUG 13592 --- [gestionUser] [nio-8081-exec-4] m.m.a.RequestResponseBodyMethodProcessor : Using 'application/json', given [application/json, text/plain, */*] and supported [application/json, application/*+json, application/yaml]
2026-04-15T19:37:04.045+01:00 DEBUG 13592 --- [gestionUser] [nio-8081-exec-4] m.m.a.RequestResponseBodyMethodProcessor : Writing [[TrajetDTO(id=2, departureStationId=5, departureStationName=Barcelone, arrivalStationId=6, arrivalSt (truncated)...]
2026-04-15T19:37:04.046+01:00 DEBUG 13592 --- [gestionUser] [nio-8081-exec-4] o.s.web.servlet.DispatcherServlet        : Completed 200 OK
2026-04-15T19:37:17.622+01:00 DEBUG 13592 --- [gestionUser] [nio-8081-exec-1] o.s.security.web.FilterChainProxy        : Securing OPTIONS /api/profile/me
2026-04-15T19:37:17.628+01:00 DEBUG 13592 --- [gestionUser] [nio-8081-exec-3] o.s.security.web.FilterChainProxy        : Securing GET /api/profile/me
2026-04-15T19:37:17.632+01:00  INFO 13592 --- [gestionUser] [nio-8081-exec-3] t.e.s.baladna.user.security.JwtFilter    : Request to: /api/profile/me - Auth header: present
2026-04-15T19:37:17.633+01:00  INFO 13592 --- [gestionUser] [nio-8081-exec-3] t.e.s.baladna.user.security.JwtFilter    : Token extracted (length: 167)
2026-04-15T19:37:17.635+01:00  INFO 13592 --- [gestionUser] [nio-8081-exec-3] t.e.s.baladna.user.security.JwtFilter    : Email extracted from token: ahmedm12@gmail.com
2026-04-15T19:37:17.638+01:00 DEBUG 13592 --- [gestionUser] [nio-8081-exec-3] org.hibernate.SQL                        : select u1_0.id,u1_0.email,u1_0.first_name,u1_0.last_login,u1_0.last_name,u1_0.password,u1_0.preferred_language,u1_0.profile_photo,u1_0.role,u1_0.status from user u1_0 where u1_0.email=?
Hibernate: select u1_0.id,u1_0.email,u1_0.first_name,u1_0.last_login,u1_0.last_name,u1_0.password,u1_0.preferred_language,u1_0.profile_photo,u1_0.role,u1_0.status from user u1_0 where u1_0.email=?
2026-04-15T19:37:17.645+01:00  INFO 13592 --- [gestionUser] [nio-8081-exec-3] t.e.s.baladna.user.security.JwtFilter    : User found: ahmedm12@gmail.com with role: HOST
2026-04-15T19:37:17.647+01:00  INFO 13592 --- [gestionUser] [nio-8081-exec-3] t.e.s.baladna.user.security.JwtFilter    : Setting authentication with role: ROLE_HOST
2026-04-15T19:37:17.647+01:00  INFO 13592 --- [gestionUser] [nio-8081-exec-3] t.e.s.baladna.user.security.JwtFilter    : Authentication set successfully
2026-04-15T19:37:17.648+01:00 DEBUG 13592 --- [gestionUser] [nio-8081-exec-3] o.s.security.web.FilterChainProxy        : Secured GET /api/profile/me
2026-04-15T19:37:17.648+01:00 DEBUG 13592 --- [gestionUser] [nio-8081-exec-3] o.s.web.servlet.DispatcherServlet        : GET "/api/profile/me", parameters={}
2026-04-15T19:37:17.648+01:00 DEBUG 13592 --- [gestionUser] [nio-8081-exec-3] s.w.s.m.m.a.RequestMappingHandlerMapping : Mapped to tn.esprit.spring.baladna.user.controller.UserController#getMyProfile(String)
2026-04-15T19:37:17.651+01:00 DEBUG 13592 --- [gestionUser] [nio-8081-exec-3] org.hibernate.SQL                        : select u1_0.id,u1_0.email,u1_0.first_name,u1_0.last_login,u1_0.last_name,u1_0.password,u1_0.preferred_language,u1_0.profile_photo,u1_0.role,u1_0.status from user u1_0 where u1_0.email=?
Hibernate: select u1_0.id,u1_0.email,u1_0.first_name,u1_0.last_login,u1_0.last_name,u1_0.password,u1_0.preferred_language,u1_0.profile_photo,u1_0.role,u1_0.status from user u1_0 where u1_0.email=?
2026-04-15T19:37:17.656+01:00 DEBUG 13592 --- [gestionUser] [nio-8081-exec-3] o.s.w.s.m.m.a.HttpEntityMethodProcessor  : Using 'application/json', given [application/json, text/plain, */*] and supported [application/json, application/*+json, application/yaml]
2026-04-15T19:37:17.657+01:00 DEBUG 13592 --- [gestionUser] [nio-8081-exec-8] o.s.security.web.FilterChainProxy        : Securing OPTIONS /api/stations
2026-04-15T19:37:17.660+01:00 DEBUG 13592 --- [gestionUser] [nio-8081-exec-7] o.s.security.web.FilterChainProxy        : Securing OPTIONS /api/trajets
2026-04-15T19:37:17.660+01:00 DEBUG 13592 --- [gestionUser] [nio-8081-exec-3] o.s.w.s.m.m.a.HttpEntityMethodProcessor  : Writing [tn.esprit.spring.baladna.user.entity.User@4c6be17e]
2026-04-15T19:37:17.664+01:00 DEBUG 13592 --- [gestionUser] [nio-8081-exec-3] o.s.web.servlet.DispatcherServlet        : Completed 200 OK
2026-04-15T19:37:17.668+01:00 DEBUG 13592 --- [gestionUser] [nio-8081-exec-5] o.s.security.web.FilterChainProxy        : Securing GET /api/stations
2026-04-15T19:37:17.670+01:00 DEBUG 13592 --- [gestionUser] [nio-8081-exec-9] o.s.security.web.FilterChainProxy        : Securing GET /api/trajets
2026-04-15T19:37:17.670+01:00  INFO 13592 --- [gestionUser] [nio-8081-exec-5] t.e.s.baladna.user.security.JwtFilter    : Request to: /api/stations - Auth header: present
2026-04-15T19:37:17.672+01:00  INFO 13592 --- [gestionUser] [nio-8081-exec-9] t.e.s.baladna.user.security.JwtFilter    : Request to: /api/trajets - Auth header: present
2026-04-15T19:37:17.672+01:00  INFO 13592 --- [gestionUser] [nio-8081-exec-5] t.e.s.baladna.user.security.JwtFilter    : Token extracted (length: 167)
2026-04-15T19:37:17.673+01:00  INFO 13592 --- [gestionUser] [nio-8081-exec-9] t.e.s.baladna.user.security.JwtFilter    : Token extracted (length: 167)
2026-04-15T19:37:17.676+01:00  INFO 13592 --- [gestionUser] [nio-8081-exec-5] t.e.s.baladna.user.security.JwtFilter    : Email extracted from token: ahmedm12@gmail.com
2026-04-15T19:37:17.676+01:00  INFO 13592 --- [gestionUser] [nio-8081-exec-9] t.e.s.baladna.user.security.JwtFilter    : Email extracted from token: ahmedm12@gmail.com
2026-04-15T19:37:17.678+01:00 DEBUG 13592 --- [gestionUser] [nio-8081-exec-5] org.hibernate.SQL                        : select u1_0.id,u1_0.email,u1_0.first_name,u1_0.last_login,u1_0.last_name,u1_0.password,u1_0.preferred_language,u1_0.profile_photo,u1_0.role,u1_0.status from user u1_0 where u1_0.email=?
Hibernate: select u1_0.id,u1_0.email,u1_0.first_name,u1_0.last_login,u1_0.last_name,u1_0.password,u1_0.preferred_language,u1_0.profile_photo,u1_0.role,u1_0.status from user u1_0 where u1_0.email=?
2026-04-15T19:37:17.678+01:00 DEBUG 13592 --- [gestionUser] [nio-8081-exec-9] org.hibernate.SQL                        : select u1_0.id,u1_0.email,u1_0.first_name,u1_0.last_login,u1_0.last_name,u1_0.password,u1_0.preferred_language,u1_0.profile_photo,u1_0.role,u1_0.status from user u1_0 where u1_0.email=?
Hibernate: select u1_0.id,u1_0.email,u1_0.first_name,u1_0.last_login,u1_0.last_name,u1_0.password,u1_0.preferred_language,u1_0.profile_photo,u1_0.role,u1_0.status from user u1_0 where u1_0.email=?
2026-04-15T19:37:17.683+01:00  INFO 13592 --- [gestionUser] [nio-8081-exec-5] t.e.s.baladna.user.security.JwtFilter    : User found: ahmedm12@gmail.com with role: HOST
2026-04-15T19:37:17.683+01:00  INFO 13592 --- [gestionUser] [nio-8081-exec-9] t.e.s.baladna.user.security.JwtFilter    : User found: ahmedm12@gmail.com with role: HOST
2026-04-15T19:37:17.683+01:00  INFO 13592 --- [gestionUser] [nio-8081-exec-5] t.e.s.baladna.user.security.JwtFilter    : Setting authentication with role: ROLE_HOST
2026-04-15T19:37:17.683+01:00  INFO 13592 --- [gestionUser] [nio-8081-exec-9] t.e.s.baladna.user.security.JwtFilter    : Setting authentication with role: ROLE_HOST
2026-04-15T19:37:17.683+01:00  INFO 13592 --- [gestionUser] [nio-8081-exec-5] t.e.s.baladna.user.security.JwtFilter    : Authentication set successfully
2026-04-15T19:37:17.683+01:00  INFO 13592 --- [gestionUser] [nio-8081-exec-9] t.e.s.baladna.user.security.JwtFilter    : Authentication set successfully
2026-04-15T19:37:17.686+01:00 DEBUG 13592 --- [gestionUser] [nio-8081-exec-5] o.s.security.web.FilterChainProxy        : Secured GET /api/stations
2026-04-15T19:37:17.686+01:00 DEBUG 13592 --- [gestionUser] [nio-8081-exec-9] o.s.security.web.FilterChainProxy        : Secured GET /api/trajets
2026-04-15T19:37:17.686+01:00 DEBUG 13592 --- [gestionUser] [nio-8081-exec-5] o.s.web.servlet.DispatcherServlet        : GET "/api/stations", parameters={}
2026-04-15T19:37:17.688+01:00 DEBUG 13592 --- [gestionUser] [nio-8081-exec-9] o.s.web.servlet.DispatcherServlet        : GET "/api/trajets", parameters={}
2026-04-15T19:37:17.688+01:00 DEBUG 13592 --- [gestionUser] [nio-8081-exec-5] s.w.s.m.m.a.RequestMappingHandlerMapping : Mapped to tn.esprit.spring.baladna.transport.controller.StationController#getAllStations()
2026-04-15T19:37:17.688+01:00 DEBUG 13592 --- [gestionUser] [nio-8081-exec-9] s.w.s.m.m.a.RequestMappingHandlerMapping : Mapped to tn.esprit.spring.baladna.transport.controller.TrajetController#getAllTrajets()
2026-04-15T19:37:17.692+01:00 DEBUG 13592 --- [gestionUser] [nio-8081-exec-9] org.hibernate.SQL                        : select t1_0.id,t1_0.arrival_station_id,t1_0.departure_station_id,t1_0.distance_km,t1_0.estimated_duration_minutes,t1_0.price_per_km,t1_0.route_geo_json from trajets t1_0
2026-04-15T19:37:17.692+01:00 DEBUG 13592 --- [gestionUser] [nio-8081-exec-5] org.hibernate.SQL                        : select s1_0.id,s1_0.city,s1_0.downtown,s1_0.latitude,s1_0.longitude,s1_0.name,s1_0.surcharge from stations s1_0
Hibernate: select s1_0.id,s1_0.city,s1_0.downtown,s1_0.latitude,s1_0.longitude,s1_0.name,s1_0.surcharge from stations s1_0
Hibernate: select t1_0.id,t1_0.arrival_station_id,t1_0.departure_station_id,t1_0.distance_km,t1_0.estimated_duration_minutes,t1_0.price_per_km,t1_0.route_geo_json from trajets t1_0
2026-04-15T19:37:17.698+01:00 DEBUG 13592 --- [gestionUser] [nio-8081-exec-9] org.hibernate.SQL                        : select s1_0.id,s1_0.city,s1_0.downtown,s1_0.latitude,s1_0.longitude,s1_0.name,s1_0.surcharge from stations s1_0 where s1_0.id=?
Hibernate: select s1_0.id,s1_0.city,s1_0.downtown,s1_0.latitude,s1_0.longitude,s1_0.name,s1_0.surcharge from stations s1_0 where s1_0.id=?
2026-04-15T19:37:17.699+01:00 DEBUG 13592 --- [gestionUser] [nio-8081-exec-5] m.m.a.RequestResponseBodyMethodProcessor : Using 'application/json', given [application/json, text/plain, */*] and supported [application/json, application/*+json, application/yaml]
2026-04-15T19:37:17.699+01:00 DEBUG 13592 --- [gestionUser] [nio-8081-exec-5] m.m.a.RequestResponseBodyMethodProcessor : Writing [[StationDTO(id=5, name=Barcelone, city=kbeli, surcharge=3.0, downtown=true, latitude=0.0, longitude= (truncated)...]
2026-04-15T19:37:17.701+01:00 DEBUG 13592 --- [gestionUser] [nio-8081-exec-9] org.hibernate.SQL                        : select s1_0.id,s1_0.city,s1_0.downtown,s1_0.latitude,s1_0.longitude,s1_0.name,s1_0.surcharge from stations s1_0 where s1_0.id=?
Hibernate: select s1_0.id,s1_0.city,s1_0.downtown,s1_0.latitude,s1_0.longitude,s1_0.name,s1_0.surcharge from stations s1_0 where s1_0.id=?
2026-04-15T19:37:17.701+01:00 DEBUG 13592 --- [gestionUser] [nio-8081-exec-5] o.s.web.servlet.DispatcherServlet        : Completed 200 OK
2026-04-15T19:37:17.703+01:00 DEBUG 13592 --- [gestionUser] [nio-8081-exec-9] org.hibernate.SQL                        : select s1_0.id,s1_0.city,s1_0.downtown,s1_0.latitude,s1_0.longitude,s1_0.name,s1_0.surcharge from stations s1_0 where s1_0.id=?
Hibernate: select s1_0.id,s1_0.city,s1_0.downtown,s1_0.latitude,s1_0.longitude,s1_0.name,s1_0.surcharge from stations s1_0 where s1_0.id=?
2026-04-15T19:37:17.710+01:00 DEBUG 13592 --- [gestionUser] [nio-8081-exec-9] org.hibernate.SQL                        : select s1_0.id,s1_0.city,s1_0.downtown,s1_0.latitude,s1_0.longitude,s1_0.name,s1_0.surcharge from stations s1_0 where s1_0.id=?
Hibernate: select s1_0.id,s1_0.city,s1_0.downtown,s1_0.latitude,s1_0.longitude,s1_0.name,s1_0.surcharge from stations s1_0 where s1_0.id=?
2026-04-15T19:37:17.714+01:00 DEBUG 13592 --- [gestionUser] [nio-8081-exec-9] org.hibernate.SQL                        : select s1_0.id,s1_0.city,s1_0.downtown,s1_0.latitude,s1_0.longitude,s1_0.name,s1_0.surcharge from stations s1_0 where s1_0.id=?
Hibernate: select s1_0.id,s1_0.city,s1_0.downtown,s1_0.latitude,s1_0.longitude,s1_0.name,s1_0.surcharge from stations s1_0 where s1_0.id=?
2026-04-15T19:37:17.720+01:00 DEBUG 13592 --- [gestionUser] [nio-8081-exec-9] m.m.a.RequestResponseBodyMethodProcessor : Using 'application/json', given [application/json, text/plain, */*] and supported [application/json, application/*+json, application/yaml]
2026-04-15T19:37:17.720+01:00 DEBUG 13592 --- [gestionUser] [nio-8081-exec-9] m.m.a.RequestResponseBodyMethodProcessor : Writing [[TrajetDTO(id=2, departureStationId=5, departureStationName=Barcelone, arrivalStationId=6, arrivalSt (truncated)...]
2026-04-15T19:37:17.724+01:00 DEBUG 13592 --- [gestionUser] [nio-8081-exec-9] o.s.web.servlet.DispatcherServlet        : Completed 200 OK
2026-04-15T19:37:27.632+01:00 DEBUG 13592 --- [gestionUser] [io-8081-exec-10] o.s.security.web.FilterChainProxy        : Securing OPTIONS /api/profile/me
2026-04-15T19:37:27.646+01:00 DEBUG 13592 --- [gestionUser] [nio-8081-exec-6] o.s.security.web.FilterChainProxy        : Securing GET /api/profile/me
2026-04-15T19:37:27.648+01:00  INFO 13592 --- [gestionUser] [nio-8081-exec-6] t.e.s.baladna.user.security.JwtFilter    : Request to: /api/profile/me - Auth header: present
2026-04-15T19:37:27.648+01:00  INFO 13592 --- [gestionUser] [nio-8081-exec-6] t.e.s.baladna.user.security.JwtFilter    : Token extracted (length: 167)
2026-04-15T19:37:27.652+01:00  INFO 13592 --- [gestionUser] [nio-8081-exec-6] t.e.s.baladna.user.security.JwtFilter    : Email extracted from token: ahmedm12@gmail.com
2026-04-15T19:37:27.654+01:00 DEBUG 13592 --- [gestionUser] [nio-8081-exec-6] org.hibernate.SQL                        : select u1_0.id,u1_0.email,u1_0.first_name,u1_0.last_login,u1_0.last_name,u1_0.password,u1_0.preferred_language,u1_0.profile_photo,u1_0.role,u1_0.status from user u1_0 where u1_0.email=?
Hibernate: select u1_0.id,u1_0.email,u1_0.first_name,u1_0.last_login,u1_0.last_name,u1_0.password,u1_0.preferred_language,u1_0.profile_photo,u1_0.role,u1_0.status from user u1_0 where u1_0.email=?
2026-04-15T19:37:27.663+01:00  INFO 13592 --- [gestionUser] [nio-8081-exec-6] t.e.s.baladna.user.security.JwtFilter    : User found: ahmedm12@gmail.com with role: HOST
2026-04-15T19:37:27.664+01:00  INFO 13592 --- [gestionUser] [nio-8081-exec-6] t.e.s.baladna.user.security.JwtFilter    : Setting authentication with role: ROLE_HOST
2026-04-15T19:37:27.666+01:00  INFO 13592 --- [gestionUser] [nio-8081-exec-6] t.e.s.baladna.user.security.JwtFilter    : Authentication set successfully
2026-04-15T19:37:27.666+01:00 DEBUG 13592 --- [gestionUser] [nio-8081-exec-6] o.s.security.web.FilterChainProxy        : Secured GET /api/profile/me
2026-04-15T19:37:27.666+01:00 DEBUG 13592 --- [gestionUser] [nio-8081-exec-6] o.s.web.servlet.DispatcherServlet        : GET "/api/profile/me", parameters={}
2026-04-15T19:37:27.670+01:00 DEBUG 13592 --- [gestionUser] [nio-8081-exec-6] s.w.s.m.m.a.RequestMappingHandlerMapping : Mapped to tn.esprit.spring.baladna.user.controller.UserController#getMyProfile(String)
2026-04-15T19:37:27.678+01:00 DEBUG 13592 --- [gestionUser] [nio-8081-exec-4] o.s.security.web.FilterChainProxy        : Securing OPTIONS /api/trajets
2026-04-15T19:37:27.679+01:00 DEBUG 13592 --- [gestionUser] [nio-8081-exec-2] o.s.security.web.FilterChainProxy        : Securing OPTIONS /api/stations
2026-04-15T19:37:27.679+01:00 DEBUG 13592 --- [gestionUser] [nio-8081-exec-6] org.hibernate.SQL                        : select u1_0.id,u1_0.email,u1_0.first_name,u1_0.last_login,u1_0.last_name,u1_0.password,u1_0.preferred_language,u1_0.profile_photo,u1_0.role,u1_0.status from user u1_0 where u1_0.email=?
Hibernate: select u1_0.id,u1_0.email,u1_0.first_name,u1_0.last_login,u1_0.last_name,u1_0.password,u1_0.preferred_language,u1_0.profile_photo,u1_0.role,u1_0.status from user u1_0 where u1_0.email=?
2026-04-15T19:37:27.684+01:00 DEBUG 13592 --- [gestionUser] [nio-8081-exec-6] o.s.w.s.m.m.a.HttpEntityMethodProcessor  : Using 'application/json', given [application/json, text/plain, */*] and supported [application/json, application/*+json, application/yaml]
2026-04-15T19:37:27.684+01:00 DEBUG 13592 --- [gestionUser] [nio-8081-exec-6] o.s.w.s.m.m.a.HttpEntityMethodProcessor  : Writing [tn.esprit.spring.baladna.user.entity.User@6b88767d]
2026-04-15T19:37:27.687+01:00 DEBUG 13592 --- [gestionUser] [nio-8081-exec-1] o.s.security.web.FilterChainProxy        : Securing GET /api/trajets
2026-04-15T19:37:27.689+01:00 DEBUG 13592 --- [gestionUser] [nio-8081-exec-8] o.s.security.web.FilterChainProxy        : Securing GET /api/stations
2026-04-15T19:37:27.689+01:00  INFO 13592 --- [gestionUser] [nio-8081-exec-1] t.e.s.baladna.user.security.JwtFilter    : Request to: /api/trajets - Auth header: present
2026-04-15T19:37:27.694+01:00  INFO 13592 --- [gestionUser] [nio-8081-exec-1] t.e.s.baladna.user.security.JwtFilter    : Token extracted (length: 167)
2026-04-15T19:37:27.690+01:00 DEBUG 13592 --- [gestionUser] [nio-8081-exec-6] o.s.web.servlet.DispatcherServlet        : Completed 200 OK
2026-04-15T19:37:27.695+01:00  INFO 13592 --- [gestionUser] [nio-8081-exec-8] t.e.s.baladna.user.security.JwtFilter    : Request to: /api/stations - Auth header: present
2026-04-15T19:37:27.699+01:00  INFO 13592 --- [gestionUser] [nio-8081-exec-8] t.e.s.baladna.user.security.JwtFilter    : Token extracted (length: 167)
2026-04-15T19:37:27.700+01:00  INFO 13592 --- [gestionUser] [nio-8081-exec-1] t.e.s.baladna.user.security.JwtFilter    : Email extracted from token: ahmedm12@gmail.com
2026-04-15T19:37:27.701+01:00  INFO 13592 --- [gestionUser] [nio-8081-exec-8] t.e.s.baladna.user.security.JwtFilter    : Email extracted from token: ahmedm12@gmail.com
2026-04-15T19:37:27.702+01:00 DEBUG 13592 --- [gestionUser] [nio-8081-exec-1] org.hibernate.SQL                        : select u1_0.id,u1_0.email,u1_0.first_name,u1_0.last_login,u1_0.last_name,u1_0.password,u1_0.preferred_language,u1_0.profile_photo,u1_0.role,u1_0.status from user u1_0 where u1_0.email=?
Hibernate: select u1_0.id,u1_0.email,u1_0.first_name,u1_0.last_login,u1_0.last_name,u1_0.password,u1_0.preferred_language,u1_0.profile_photo,u1_0.role,u1_0.status from user u1_0 where u1_0.email=?
2026-04-15T19:37:27.702+01:00 DEBUG 13592 --- [gestionUser] [nio-8081-exec-8] org.hibernate.SQL                        : select u1_0.id,u1_0.email,u1_0.first_name,u1_0.last_login,u1_0.last_name,u1_0.password,u1_0.preferred_language,u1_0.profile_photo,u1_0.role,u1_0.status from user u1_0 where u1_0.email=?
Hibernate: select u1_0.id,u1_0.email,u1_0.first_name,u1_0.last_login,u1_0.last_name,u1_0.password,u1_0.preferred_language,u1_0.profile_photo,u1_0.role,u1_0.status from user u1_0 where u1_0.email=?
2026-04-15T19:37:27.708+01:00  INFO 13592 --- [gestionUser] [nio-8081-exec-1] t.e.s.baladna.user.security.JwtFilter    : User found: ahmedm12@gmail.com with role: HOST
2026-04-15T19:37:27.709+01:00  INFO 13592 --- [gestionUser] [nio-8081-exec-1] t.e.s.baladna.user.security.JwtFilter    : Setting authentication with role: ROLE_HOST
2026-04-15T19:37:27.709+01:00  INFO 13592 --- [gestionUser] [nio-8081-exec-8] t.e.s.baladna.user.security.JwtFilter    : User found: ahmedm12@gmail.com with role: HOST
2026-04-15T19:37:27.709+01:00  INFO 13592 --- [gestionUser] [nio-8081-exec-1] t.e.s.baladna.user.security.JwtFilter    : Authentication set successfully
2026-04-15T19:37:27.709+01:00  INFO 13592 --- [gestionUser] [nio-8081-exec-8] t.e.s.baladna.user.security.JwtFilter    : Setting authentication with role: ROLE_HOST
2026-04-15T19:37:27.712+01:00  INFO 13592 --- [gestionUser] [nio-8081-exec-8] t.e.s.baladna.user.security.JwtFilter    : Authentication set successfully
2026-04-15T19:37:27.711+01:00 DEBUG 13592 --- [gestionUser] [nio-8081-exec-1] o.s.security.web.FilterChainProxy        : Secured GET /api/trajets
2026-04-15T19:37:27.712+01:00 DEBUG 13592 --- [gestionUser] [nio-8081-exec-8] o.s.security.web.FilterChainProxy        : Secured GET /api/stations
2026-04-15T19:37:27.712+01:00 DEBUG 13592 --- [gestionUser] [nio-8081-exec-1] o.s.web.servlet.DispatcherServlet        : GET "/api/trajets", parameters={}
2026-04-15T19:37:27.712+01:00 DEBUG 13592 --- [gestionUser] [nio-8081-exec-8] o.s.web.servlet.DispatcherServlet        : GET "/api/stations", parameters={}
2026-04-15T19:37:27.714+01:00 DEBUG 13592 --- [gestionUser] [nio-8081-exec-1] s.w.s.m.m.a.RequestMappingHandlerMapping : Mapped to tn.esprit.spring.baladna.transport.controller.TrajetController#getAllTrajets()
2026-04-15T19:37:27.714+01:00 DEBUG 13592 --- [gestionUser] [nio-8081-exec-8] s.w.s.m.m.a.RequestMappingHandlerMapping : Mapped to tn.esprit.spring.baladna.transport.controller.StationController#getAllStations()
2026-04-15T19:37:27.716+01:00 DEBUG 13592 --- [gestionUser] [nio-8081-exec-8] org.hibernate.SQL                        : select s1_0.id,s1_0.city,s1_0.downtown,s1_0.latitude,s1_0.longitude,s1_0.name,s1_0.surcharge from stations s1_0
2026-04-15T19:37:27.716+01:00 DEBUG 13592 --- [gestionUser] [nio-8081-exec-1] org.hibernate.SQL                        : select t1_0.id,t1_0.arrival_station_id,t1_0.departure_station_id,t1_0.distance_km,t1_0.estimated_duration_minutes,t1_0.price_per_km,t1_0.route_geo_json from trajets t1_0
Hibernate: select t1_0.id,t1_0.arrival_station_id,t1_0.departure_station_id,t1_0.distance_km,t1_0.estimated_duration_minutes,t1_0.price_per_km,t1_0.route_geo_json from trajets t1_0
Hibernate: select s1_0.id,s1_0.city,s1_0.downtown,s1_0.latitude,s1_0.longitude,s1_0.name,s1_0.surcharge from stations s1_0
2026-04-15T19:37:27.721+01:00 DEBUG 13592 --- [gestionUser] [nio-8081-exec-1] org.hibernate.SQL                        : select s1_0.id,s1_0.city,s1_0.downtown,s1_0.latitude,s1_0.longitude,s1_0.name,s1_0.surcharge from stations s1_0 where s1_0.id=?
Hibernate: select s1_0.id,s1_0.city,s1_0.downtown,s1_0.latitude,s1_0.longitude,s1_0.name,s1_0.surcharge from stations s1_0 where s1_0.id=?
2026-04-15T19:37:27.725+01:00 DEBUG 13592 --- [gestionUser] [nio-8081-exec-8] m.m.a.RequestResponseBodyMethodProcessor : Using 'application/json', given [application/json, text/plain, */*] and supported [application/json, application/*+json, application/yaml]
2026-04-15T19:37:27.726+01:00 DEBUG 13592 --- [gestionUser] [nio-8081-exec-1] org.hibernate.SQL                        : select s1_0.id,s1_0.city,s1_0.downtown,s1_0.latitude,s1_0.longitude,s1_0.name,s1_0.surcharge from stations s1_0 where s1_0.id=?
2026-04-15T19:37:27.726+01:00 DEBUG 13592 --- [gestionUser] [nio-8081-exec-8] m.m.a.RequestResponseBodyMethodProcessor : Writing [[StationDTO(id=5, name=Barcelone, city=kbeli, surcharge=3.0, downtown=true, latitude=0.0, longitude= (truncated)...]
Hibernate: select s1_0.id,s1_0.city,s1_0.downtown,s1_0.latitude,s1_0.longitude,s1_0.name,s1_0.surcharge from stations s1_0 where s1_0.id=?
2026-04-15T19:37:27.729+01:00 DEBUG 13592 --- [gestionUser] [nio-8081-exec-8] o.s.web.servlet.DispatcherServlet        : Completed 200 OK
2026-04-15T19:37:27.730+01:00 DEBUG 13592 --- [gestionUser] [nio-8081-exec-1] org.hibernate.SQL                        : select s1_0.id,s1_0.city,s1_0.downtown,s1_0.latitude,s1_0.longitude,s1_0.name,s1_0.surcharge from stations s1_0 where s1_0.id=?
Hibernate: select s1_0.id,s1_0.city,s1_0.downtown,s1_0.latitude,s1_0.longitude,s1_0.name,s1_0.surcharge from stations s1_0 where s1_0.id=?
2026-04-15T19:37:27.733+01:00 DEBUG 13592 --- [gestionUser] [nio-8081-exec-1] org.hibernate.SQL                        : select s1_0.id,s1_0.city,s1_0.downtown,s1_0.latitude,s1_0.longitude,s1_0.name,s1_0.surcharge from stations s1_0 where s1_0.id=?
Hibernate: select s1_0.id,s1_0.city,s1_0.downtown,s1_0.latitude,s1_0.longitude,s1_0.name,s1_0.surcharge from stations s1_0 where s1_0.id=?
2026-04-15T19:37:27.738+01:00 DEBUG 13592 --- [gestionUser] [nio-8081-exec-1] org.hibernate.SQL                        : select s1_0.id,s1_0.city,s1_0.downtown,s1_0.latitude,s1_0.longitude,s1_0.name,s1_0.surcharge from stations s1_0 where s1_0.id=?
Hibernate: select s1_0.id,s1_0.city,s1_0.downtown,s1_0.latitude,s1_0.longitude,s1_0.name,s1_0.surcharge from stations s1_0 where s1_0.id=?
2026-04-15T19:37:27.748+01:00 DEBUG 13592 --- [gestionUser] [nio-8081-exec-1] m.m.a.RequestResponseBodyMethodProcessor : Using 'application/json', given [application/json, text/plain, */*] and supported [application/json, application/*+json, application/yaml]
2026-04-15T19:37:27.748+01:00 DEBUG 13592 --- [gestionUser] [nio-8081-exec-1] m.m.a.RequestResponseBodyMethodProcessor : Writing [[TrajetDTO(id=2, departureStationId=5, departureStationName=Barcelone, arrivalStationId=6, arrivalSt (truncated)...]
2026-04-15T19:37:27.750+01:00 DEBUG 13592 --- [gestionUser] [nio-8081-exec-1] o.s.web.servlet.DispatcherServlet        : Completed 200 OK
2026-04-15T19:37:37.347+01:00 DEBUG 13592 --- [gestionUser] [nio-8081-exec-7] o.s.security.web.FilterChainProxy        : Securing OPTIONS /api/profile/me
2026-04-15T19:37:37.360+01:00 DEBUG 13592 --- [gestionUser] [nio-8081-exec-3] o.s.security.web.FilterChainProxy        : Securing GET /api/profile/me
2026-04-15T19:37:37.364+01:00  INFO 13592 --- [gestionUser] [nio-8081-exec-3] t.e.s.baladna.user.security.JwtFilter    : Request to: /api/profile/me - Auth header: present
2026-04-15T19:37:37.365+01:00  INFO 13592 --- [gestionUser] [nio-8081-exec-3] t.e.s.baladna.user.security.JwtFilter    : Token extracted (length: 167)
2026-04-15T19:37:37.379+01:00  INFO 13592 --- [gestionUser] [nio-8081-exec-3] t.e.s.baladna.user.security.JwtFilter    : Email extracted from token: ahmedm12@gmail.com
2026-04-15T19:37:37.395+01:00 DEBUG 13592 --- [gestionUser] [nio-8081-exec-5] o.s.security.web.FilterChainProxy        : Securing OPTIONS /api/stations
2026-04-15T19:37:37.396+01:00 DEBUG 13592 --- [gestionUser] [nio-8081-exec-9] o.s.security.web.FilterChainProxy        : Securing OPTIONS /api/trajets
2026-04-15T19:37:37.399+01:00 DEBUG 13592 --- [gestionUser] [nio-8081-exec-3] org.hibernate.SQL                        : select u1_0.id,u1_0.email,u1_0.first_name,u1_0.last_login,u1_0.last_name,u1_0.password,u1_0.preferred_language,u1_0.profile_photo,u1_0.role,u1_0.status from user u1_0 where u1_0.email=?
Hibernate: select u1_0.id,u1_0.email,u1_0.first_name,u1_0.last_login,u1_0.last_name,u1_0.password,u1_0.preferred_language,u1_0.profile_photo,u1_0.role,u1_0.status from user u1_0 where u1_0.email=?
2026-04-15T19:37:37.416+01:00 DEBUG 13592 --- [gestionUser] [nio-8081-exec-4] o.s.security.web.FilterChainProxy        : Securing GET /api/trajets
2026-04-15T19:37:37.416+01:00 DEBUG 13592 --- [gestionUser] [io-8081-exec-10] o.s.security.web.FilterChainProxy        : Securing GET /api/stations
2026-04-15T19:37:37.419+01:00  INFO 13592 --- [gestionUser] [nio-8081-exec-3] t.e.s.baladna.user.security.JwtFilter    : User found: ahmedm12@gmail.com with role: HOST
2026-04-15T19:37:37.419+01:00  INFO 13592 --- [gestionUser] [nio-8081-exec-4] t.e.s.baladna.user.security.JwtFilter    : Request to: /api/trajets - Auth header: present
2026-04-15T19:37:37.422+01:00  INFO 13592 --- [gestionUser] [io-8081-exec-10] t.e.s.baladna.user.security.JwtFilter    : Request to: /api/stations - Auth header: present
2026-04-15T19:37:37.423+01:00  INFO 13592 --- [gestionUser] [io-8081-exec-10] t.e.s.baladna.user.security.JwtFilter    : Token extracted (length: 167)
2026-04-15T19:37:37.422+01:00  INFO 13592 --- [gestionUser] [nio-8081-exec-3] t.e.s.baladna.user.security.JwtFilter    : Setting authentication with role: ROLE_HOST
2026-04-15T19:37:37.426+01:00  INFO 13592 --- [gestionUser] [nio-8081-exec-3] t.e.s.baladna.user.security.JwtFilter    : Authentication set successfully
2026-04-15T19:37:37.423+01:00  INFO 13592 --- [gestionUser] [nio-8081-exec-4] t.e.s.baladna.user.security.JwtFilter    : Token extracted (length: 167)
2026-04-15T19:37:37.426+01:00 DEBUG 13592 --- [gestionUser] [nio-8081-exec-3] o.s.security.web.FilterChainProxy        : Secured GET /api/profile/me
2026-04-15T19:37:37.427+01:00  INFO 13592 --- [gestionUser] [io-8081-exec-10] t.e.s.baladna.user.security.JwtFilter    : Email extracted from token: ahmedm12@gmail.com
2026-04-15T19:37:37.428+01:00 DEBUG 13592 --- [gestionUser] [nio-8081-exec-3] o.s.web.servlet.DispatcherServlet        : GET "/api/profile/me", parameters={}
2026-04-15T19:37:37.428+01:00  INFO 13592 --- [gestionUser] [nio-8081-exec-4] t.e.s.baladna.user.security.JwtFilter    : Email extracted from token: ahmedm12@gmail.com
2026-04-15T19:37:37.430+01:00 DEBUG 13592 --- [gestionUser] [nio-8081-exec-3] s.w.s.m.m.a.RequestMappingHandlerMapping : Mapped to tn.esprit.spring.baladna.user.controller.UserController#getMyProfile(String)
2026-04-15T19:37:37.430+01:00 DEBUG 13592 --- [gestionUser] [io-8081-exec-10] org.hibernate.SQL                        : select u1_0.id,u1_0.email,u1_0.first_name,u1_0.last_login,u1_0.last_name,u1_0.password,u1_0.preferred_language,u1_0.profile_photo,u1_0.role,u1_0.status from user u1_0 where u1_0.email=?
Hibernate: select u1_0.id,u1_0.email,u1_0.first_name,u1_0.last_login,u1_0.last_name,u1_0.password,u1_0.preferred_language,u1_0.profile_photo,u1_0.role,u1_0.status from user u1_0 where u1_0.email=?
2026-04-15T19:37:37.432+01:00 DEBUG 13592 --- [gestionUser] [nio-8081-exec-4] org.hibernate.SQL                        : select u1_0.id,u1_0.email,u1_0.first_name,u1_0.last_login,u1_0.last_name,u1_0.password,u1_0.preferred_language,u1_0.profile_photo,u1_0.role,u1_0.status from user u1_0 where u1_0.email=?
Hibernate: select u1_0.id,u1_0.email,u1_0.first_name,u1_0.last_login,u1_0.last_name,u1_0.password,u1_0.preferred_language,u1_0.profile_photo,u1_0.role,u1_0.status from user u1_0 where u1_0.email=?
2026-04-15T19:37:37.432+01:00 DEBUG 13592 --- [gestionUser] [nio-8081-exec-3] org.hibernate.SQL                        : select u1_0.id,u1_0.email,u1_0.first_name,u1_0.last_login,u1_0.last_name,u1_0.password,u1_0.preferred_language,u1_0.profile_photo,u1_0.role,u1_0.status from user u1_0 where u1_0.email=?
Hibernate: select u1_0.id,u1_0.email,u1_0.first_name,u1_0.last_login,u1_0.last_name,u1_0.password,u1_0.preferred_language,u1_0.profile_photo,u1_0.role,u1_0.status from user u1_0 where u1_0.email=?
2026-04-15T19:37:37.436+01:00  INFO 13592 --- [gestionUser] [io-8081-exec-10] t.e.s.baladna.user.security.JwtFilter    : User found: ahmedm12@gmail.com with role: HOST
2026-04-15T19:37:37.442+01:00  INFO 13592 --- [gestionUser] [io-8081-exec-10] t.e.s.baladna.user.security.JwtFilter    : Setting authentication with role: ROLE_HOST
2026-04-15T19:37:37.439+01:00  INFO 13592 --- [gestionUser] [nio-8081-exec-4] t.e.s.baladna.user.security.JwtFilter    : User found: ahmedm12@gmail.com with role: HOST
2026-04-15T19:37:37.442+01:00 DEBUG 13592 --- [gestionUser] [nio-8081-exec-3] o.s.w.s.m.m.a.HttpEntityMethodProcessor  : Using 'application/json', given [application/json, text/plain, */*] and supported [application/json, application/*+json, application/yaml]
2026-04-15T19:37:37.445+01:00  INFO 13592 --- [gestionUser] [io-8081-exec-10] t.e.s.baladna.user.security.JwtFilter    : Authentication set successfully
2026-04-15T19:37:37.448+01:00 DEBUG 13592 --- [gestionUser] [nio-8081-exec-3] o.s.w.s.m.m.a.HttpEntityMethodProcessor  : Writing [tn.esprit.spring.baladna.user.entity.User@3c5cd353]
2026-04-15T19:37:37.445+01:00  INFO 13592 --- [gestionUser] [nio-8081-exec-4] t.e.s.baladna.user.security.JwtFilter    : Setting authentication with role: ROLE_HOST
2026-04-15T19:37:37.449+01:00 DEBUG 13592 --- [gestionUser] [io-8081-exec-10] o.s.security.web.FilterChainProxy        : Secured GET /api/stations
2026-04-15T19:37:37.450+01:00  INFO 13592 --- [gestionUser] [nio-8081-exec-4] t.e.s.baladna.user.security.JwtFilter    : Authentication set successfully
2026-04-15T19:37:37.451+01:00 DEBUG 13592 --- [gestionUser] [nio-8081-exec-4] o.s.security.web.FilterChainProxy        : Secured GET /api/trajets
2026-04-15T19:37:37.451+01:00 DEBUG 13592 --- [gestionUser] [nio-8081-exec-3] o.s.web.servlet.DispatcherServlet        : Completed 200 OK
2026-04-15T19:37:37.451+01:00 DEBUG 13592 --- [gestionUser] [io-8081-exec-10] o.s.web.servlet.DispatcherServlet        : GET "/api/stations", parameters={}
2026-04-15T19:37:37.453+01:00 DEBUG 13592 --- [gestionUser] [nio-8081-exec-4] o.s.web.servlet.DispatcherServlet        : GET "/api/trajets", parameters={}
2026-04-15T19:37:37.453+01:00 DEBUG 13592 --- [gestionUser] [io-8081-exec-10] s.w.s.m.m.a.RequestMappingHandlerMapping : Mapped to tn.esprit.spring.baladna.transport.controller.StationController#getAllStations()
2026-04-15T19:37:37.455+01:00 DEBUG 13592 --- [gestionUser] [nio-8081-exec-4] s.w.s.m.m.a.RequestMappingHandlerMapping : Mapped to tn.esprit.spring.baladna.transport.controller.TrajetController#getAllTrajets()
2026-04-15T19:37:37.461+01:00 DEBUG 13592 --- [gestionUser] [io-8081-exec-10] org.hibernate.SQL                        : select s1_0.id,s1_0.city,s1_0.downtown,s1_0.latitude,s1_0.longitude,s1_0.name,s1_0.surcharge from stations s1_0
Hibernate: select s1_0.id,s1_0.city,s1_0.downtown,s1_0.latitude,s1_0.longitude,s1_0.name,s1_0.surcharge from stations s1_0
2026-04-15T19:37:37.461+01:00 DEBUG 13592 --- [gestionUser] [nio-8081-exec-4] org.hibernate.SQL                        : select t1_0.id,t1_0.arrival_station_id,t1_0.departure_station_id,t1_0.distance_km,t1_0.estimated_duration_minutes,t1_0.price_per_km,t1_0.route_geo_json from trajets t1_0
Hibernate: select t1_0.id,t1_0.arrival_station_id,t1_0.departure_station_id,t1_0.distance_km,t1_0.estimated_duration_minutes,t1_0.price_per_km,t1_0.route_geo_json from trajets t1_0
2026-04-15T19:37:37.466+01:00 DEBUG 13592 --- [gestionUser] [nio-8081-exec-4] org.hibernate.SQL                        : select s1_0.id,s1_0.city,s1_0.downtown,s1_0.latitude,s1_0.longitude,s1_0.name,s1_0.surcharge from stations s1_0 where s1_0.id=?
Hibernate: select s1_0.id,s1_0.city,s1_0.downtown,s1_0.latitude,s1_0.longitude,s1_0.name,s1_0.surcharge from stations s1_0 where s1_0.id=?
2026-04-15T19:37:37.484+01:00 DEBUG 13592 --- [gestionUser] [io-8081-exec-10] m.m.a.RequestResponseBodyMethodProcessor : Using 'application/json', given [application/json, text/plain, */*] and supported [application/json, application/*+json, application/yaml]
2026-04-15T19:37:37.486+01:00 DEBUG 13592 --- [gestionUser] [nio-8081-exec-4] org.hibernate.SQL                        : select s1_0.id,s1_0.city,s1_0.downtown,s1_0.latitude,s1_0.longitude,s1_0.name,s1_0.surcharge from stations s1_0 where s1_0.id=?
Hibernate: select s1_0.id,s1_0.city,s1_0.downtown,s1_0.latitude,s1_0.longitude,s1_0.name,s1_0.surcharge from stations s1_0 where s1_0.id=?
2026-04-15T19:37:37.486+01:00 DEBUG 13592 --- [gestionUser] [io-8081-exec-10] m.m.a.RequestResponseBodyMethodProcessor : Writing [[StationDTO(id=5, name=Barcelone, city=kbeli, surcharge=3.0, downtown=true, latitude=0.0, longitude= (truncated)...]
2026-04-15T19:37:37.494+01:00 DEBUG 13592 --- [gestionUser] [nio-8081-exec-4] org.hibernate.SQL                        : select s1_0.id,s1_0.city,s1_0.downtown,s1_0.latitude,s1_0.longitude,s1_0.name,s1_0.surcharge from stations s1_0 where s1_0.id=?
Hibernate: select s1_0.id,s1_0.city,s1_0.downtown,s1_0.latitude,s1_0.longitude,s1_0.name,s1_0.surcharge from stations s1_0 where s1_0.id=?
2026-04-15T19:37:37.498+01:00 DEBUG 13592 --- [gestionUser] [nio-8081-exec-4] org.hibernate.SQL                        : select s1_0.id,s1_0.city,s1_0.downtown,s1_0.latitude,s1_0.longitude,s1_0.name,s1_0.surcharge from stations s1_0 where s1_0.id=?
Hibernate: select s1_0.id,s1_0.city,s1_0.downtown,s1_0.latitude,s1_0.longitude,s1_0.name,s1_0.surcharge from stations s1_0 where s1_0.id=?
2026-04-15T19:37:37.502+01:00 DEBUG 13592 --- [gestionUser] [io-8081-exec-10] o.s.web.servlet.DispatcherServlet        : Completed 200 OK
2026-04-15T19:37:37.513+01:00 DEBUG 13592 --- [gestionUser] [nio-8081-exec-4] org.hibernate.SQL                        : select s1_0.id,s1_0.city,s1_0.downtown,s1_0.latitude,s1_0.longitude,s1_0.name,s1_0.surcharge from stations s1_0 where s1_0.id=?
Hibernate: select s1_0.id,s1_0.city,s1_0.downtown,s1_0.latitude,s1_0.longitude,s1_0.name,s1_0.surcharge from stations s1_0 where s1_0.id=?
2026-04-15T19:37:37.519+01:00 DEBUG 13592 --- [gestionUser] [nio-8081-exec-4] m.m.a.RequestResponseBodyMethodProcessor : Using 'application/json', given [application/json, text/plain, */*] and supported [application/json, application/*+json, application/yaml]
2026-04-15T19:37:37.521+01:00 DEBUG 13592 --- [gestionUser] [nio-8081-exec-4] m.m.a.RequestResponseBodyMethodProcessor : Writing [[TrajetDTO(id=2, departureStationId=5, departureStationName=Barcelone, arrivalStationId=6, arrivalSt (truncated)...]
2026-04-15T19:37:37.526+01:00 DEBUG 13592 --- [gestionUser] [nio-8081-exec-4] o.s.web.servlet.DispatcherServlet        : Completed 200 OK
2026-04-15T19:37:51.091+01:00 DEBUG 13592 --- [gestionUser] [nio-8081-exec-2] o.s.security.web.FilterChainProxy        : Securing OPTIONS /api/profile/me
2026-04-15T19:37:51.101+01:00 DEBUG 13592 --- [gestionUser] [nio-8081-exec-6] o.s.security.web.FilterChainProxy        : Securing GET /api/profile/me
2026-04-15T19:37:51.101+01:00  INFO 13592 --- [gestionUser] [nio-8081-exec-6] t.e.s.baladna.user.security.JwtFilter    : Request to: /api/profile/me - Auth header: present
2026-04-15T19:37:51.106+01:00  INFO 13592 --- [gestionUser] [nio-8081-exec-6] t.e.s.baladna.user.security.JwtFilter    : Token extracted (length: 167)
2026-04-15T19:37:51.110+01:00  INFO 13592 --- [gestionUser] [nio-8081-exec-6] t.e.s.baladna.user.security.JwtFilter    : Email extracted from token: ahmedm12@gmail.com
2026-04-15T19:37:51.114+01:00 DEBUG 13592 --- [gestionUser] [nio-8081-exec-6] org.hibernate.SQL                        : select u1_0.id,u1_0.email,u1_0.first_name,u1_0.last_login,u1_0.last_name,u1_0.password,u1_0.preferred_language,u1_0.profile_photo,u1_0.role,u1_0.status from user u1_0 where u1_0.email=?
Hibernate: select u1_0.id,u1_0.email,u1_0.first_name,u1_0.last_login,u1_0.last_name,u1_0.password,u1_0.preferred_language,u1_0.profile_photo,u1_0.role,u1_0.status from user u1_0 where u1_0.email=?
2026-04-15T19:37:51.116+01:00  INFO 13592 --- [gestionUser] [nio-8081-exec-6] t.e.s.baladna.user.security.JwtFilter    : User found: ahmedm12@gmail.com with role: HOST
2026-04-15T19:37:51.120+01:00  INFO 13592 --- [gestionUser] [nio-8081-exec-6] t.e.s.baladna.user.security.JwtFilter    : Setting authentication with role: ROLE_HOST
2026-04-15T19:37:51.120+01:00  INFO 13592 --- [gestionUser] [nio-8081-exec-6] t.e.s.baladna.user.security.JwtFilter    : Authentication set successfully
2026-04-15T19:37:51.120+01:00 DEBUG 13592 --- [gestionUser] [nio-8081-exec-6] o.s.security.web.FilterChainProxy        : Secured GET /api/profile/me
2026-04-15T19:37:51.122+01:00 DEBUG 13592 --- [gestionUser] [nio-8081-exec-6] o.s.web.servlet.DispatcherServlet        : GET "/api/profile/me", parameters={}
2026-04-15T19:37:51.123+01:00 DEBUG 13592 --- [gestionUser] [nio-8081-exec-6] s.w.s.m.m.a.RequestMappingHandlerMapping : Mapped to tn.esprit.spring.baladna.user.controller.UserController#getMyProfile(String)
2026-04-15T19:37:51.126+01:00 DEBUG 13592 --- [gestionUser] [nio-8081-exec-6] org.hibernate.SQL                        : select u1_0.id,u1_0.email,u1_0.first_name,u1_0.last_login,u1_0.last_name,u1_0.password,u1_0.preferred_language,u1_0.profile_photo,u1_0.role,u1_0.status from user u1_0 where u1_0.email=?
Hibernate: select u1_0.id,u1_0.email,u1_0.first_name,u1_0.last_login,u1_0.last_name,u1_0.password,u1_0.preferred_language,u1_0.profile_photo,u1_0.role,u1_0.status from user u1_0 where u1_0.email=?
2026-04-15T19:37:51.131+01:00 DEBUG 13592 --- [gestionUser] [nio-8081-exec-6] o.s.w.s.m.m.a.HttpEntityMethodProcessor  : Using 'application/json', given [application/json, text/plain, */*] and supported [application/json, application/*+json, application/yaml]
2026-04-15T19:37:51.132+01:00 DEBUG 13592 --- [gestionUser] [nio-8081-exec-6] o.s.w.s.m.m.a.HttpEntityMethodProcessor  : Writing [tn.esprit.spring.baladna.user.entity.User@54e50deb]
2026-04-15T19:37:51.134+01:00 DEBUG 13592 --- [gestionUser] [nio-8081-exec-6] o.s.web.servlet.DispatcherServlet        : Completed 200 OK
2026-04-15T19:37:51.146+01:00 DEBUG 13592 --- [gestionUser] [nio-8081-exec-8] o.s.security.web.FilterChainProxy        : Securing OPTIONS /api/stations
2026-04-15T19:37:51.148+01:00 DEBUG 13592 --- [gestionUser] [nio-8081-exec-1] o.s.security.web.FilterChainProxy        : Securing OPTIONS /api/trajets
2026-04-15T19:37:51.151+01:00 DEBUG 13592 --- [gestionUser] [nio-8081-exec-7] o.s.security.web.FilterChainProxy        : Securing GET /api/stations
2026-04-15T19:37:51.154+01:00  INFO 13592 --- [gestionUser] [nio-8081-exec-7] t.e.s.baladna.user.security.JwtFilter    : Request to: /api/stations - Auth header: present
2026-04-15T19:37:51.154+01:00  INFO 13592 --- [gestionUser] [nio-8081-exec-7] t.e.s.baladna.user.security.JwtFilter    : Token extracted (length: 167)
2026-04-15T19:37:51.156+01:00 DEBUG 13592 --- [gestionUser] [nio-8081-exec-9] o.s.security.web.FilterChainProxy        : Securing GET /api/trajets
2026-04-15T19:37:51.160+01:00  INFO 13592 --- [gestionUser] [nio-8081-exec-9] t.e.s.baladna.user.security.JwtFilter    : Request to: /api/trajets - Auth header: present
2026-04-15T19:37:51.161+01:00  INFO 13592 --- [gestionUser] [nio-8081-exec-9] t.e.s.baladna.user.security.JwtFilter    : Token extracted (length: 167)
2026-04-15T19:37:51.161+01:00  INFO 13592 --- [gestionUser] [nio-8081-exec-7] t.e.s.baladna.user.security.JwtFilter    : Email extracted from token: ahmedm12@gmail.com
2026-04-15T19:37:51.163+01:00 DEBUG 13592 --- [gestionUser] [nio-8081-exec-7] org.hibernate.SQL                        : select u1_0.id,u1_0.email,u1_0.first_name,u1_0.last_login,u1_0.last_name,u1_0.password,u1_0.preferred_language,u1_0.profile_photo,u1_0.role,u1_0.status from user u1_0 where u1_0.email=?
Hibernate: select u1_0.id,u1_0.email,u1_0.first_name,u1_0.last_login,u1_0.last_name,u1_0.password,u1_0.preferred_language,u1_0.profile_photo,u1_0.role,u1_0.status from user u1_0 where u1_0.email=?
2026-04-15T19:37:51.164+01:00  INFO 13592 --- [gestionUser] [nio-8081-exec-9] t.e.s.baladna.user.security.JwtFilter    : Email extracted from token: ahmedm12@gmail.com
2026-04-15T19:37:51.169+01:00  INFO 13592 --- [gestionUser] [nio-8081-exec-7] t.e.s.baladna.user.security.JwtFilter    : User found: ahmedm12@gmail.com with role: HOST
2026-04-15T19:37:51.170+01:00  INFO 13592 --- [gestionUser] [nio-8081-exec-7] t.e.s.baladna.user.security.JwtFilter    : Setting authentication with role: ROLE_HOST
2026-04-15T19:37:51.169+01:00 DEBUG 13592 --- [gestionUser] [nio-8081-exec-9] org.hibernate.SQL                        : select u1_0.id,u1_0.email,u1_0.first_name,u1_0.last_login,u1_0.last_name,u1_0.password,u1_0.preferred_language,u1_0.profile_photo,u1_0.role,u1_0.status from user u1_0 where u1_0.email=?
2026-04-15T19:37:51.171+01:00  INFO 13592 --- [gestionUser] [nio-8081-exec-7] t.e.s.baladna.user.security.JwtFilter    : Authentication set successfully
Hibernate: select u1_0.id,u1_0.email,u1_0.first_name,u1_0.last_login,u1_0.last_name,u1_0.password,u1_0.preferred_language,u1_0.profile_photo,u1_0.role,u1_0.status from user u1_0 where u1_0.email=?
2026-04-15T19:37:51.174+01:00 DEBUG 13592 --- [gestionUser] [nio-8081-exec-7] o.s.security.web.FilterChainProxy        : Secured GET /api/stations
2026-04-15T19:37:51.176+01:00 DEBUG 13592 --- [gestionUser] [nio-8081-exec-7] o.s.web.servlet.DispatcherServlet        : GET "/api/stations", parameters={}
2026-04-15T19:37:51.179+01:00 DEBUG 13592 --- [gestionUser] [nio-8081-exec-7] s.w.s.m.m.a.RequestMappingHandlerMapping : Mapped to tn.esprit.spring.baladna.transport.controller.StationController#getAllStations()
2026-04-15T19:37:51.183+01:00 DEBUG 13592 --- [gestionUser] [nio-8081-exec-7] org.hibernate.SQL                        : select s1_0.id,s1_0.city,s1_0.downtown,s1_0.latitude,s1_0.longitude,s1_0.name,s1_0.surcharge from stations s1_0
Hibernate: select s1_0.id,s1_0.city,s1_0.downtown,s1_0.latitude,s1_0.longitude,s1_0.name,s1_0.surcharge from stations s1_0
2026-04-15T19:37:51.183+01:00  INFO 13592 --- [gestionUser] [nio-8081-exec-9] t.e.s.baladna.user.security.JwtFilter    : User found: ahmedm12@gmail.com with role: HOST
2026-04-15T19:37:51.183+01:00  INFO 13592 --- [gestionUser] [nio-8081-exec-9] t.e.s.baladna.user.security.JwtFilter    : Setting authentication with role: ROLE_HOST
2026-04-15T19:37:51.183+01:00  INFO 13592 --- [gestionUser] [nio-8081-exec-9] t.e.s.baladna.user.security.JwtFilter    : Authentication set successfully
2026-04-15T19:37:51.183+01:00 DEBUG 13592 --- [gestionUser] [nio-8081-exec-9] o.s.security.web.FilterChainProxy        : Secured GET /api/trajets
2026-04-15T19:37:51.183+01:00 DEBUG 13592 --- [gestionUser] [nio-8081-exec-7] m.m.a.RequestResponseBodyMethodProcessor : Using 'application/json', given [application/json, text/plain, */*] and supported [application/json, application/*+json, application/yaml]
2026-04-15T19:37:51.183+01:00 DEBUG 13592 --- [gestionUser] [nio-8081-exec-9] o.s.web.servlet.DispatcherServlet        : GET "/api/trajets", parameters={}
2026-04-15T19:37:51.183+01:00 DEBUG 13592 --- [gestionUser] [nio-8081-exec-7] m.m.a.RequestResponseBodyMethodProcessor : Writing [[StationDTO(id=5, name=Barcelone, city=kbeli, surcharge=3.0, downtown=true, latitude=0.0, longitude= (truncated)...]
2026-04-15T19:37:51.189+01:00 DEBUG 13592 --- [gestionUser] [nio-8081-exec-9] s.w.s.m.m.a.RequestMappingHandlerMapping : Mapped to tn.esprit.spring.baladna.transport.controller.TrajetController#getAllTrajets()
2026-04-15T19:37:51.193+01:00 DEBUG 13592 --- [gestionUser] [nio-8081-exec-7] o.s.web.servlet.DispatcherServlet        : Completed 200 OK
2026-04-15T19:37:51.197+01:00 DEBUG 13592 --- [gestionUser] [nio-8081-exec-9] org.hibernate.SQL                        : select t1_0.id,t1_0.arrival_station_id,t1_0.departure_station_id,t1_0.distance_km,t1_0.estimated_duration_minutes,t1_0.price_per_km,t1_0.route_geo_json from trajets t1_0
Hibernate: select t1_0.id,t1_0.arrival_station_id,t1_0.departure_station_id,t1_0.distance_km,t1_0.estimated_duration_minutes,t1_0.price_per_km,t1_0.route_geo_json from trajets t1_0
2026-04-15T19:37:51.201+01:00 DEBUG 13592 --- [gestionUser] [nio-8081-exec-9] org.hibernate.SQL                        : select s1_0.id,s1_0.city,s1_0.downtown,s1_0.latitude,s1_0.longitude,s1_0.name,s1_0.surcharge from stations s1_0 where s1_0.id=?
Hibernate: select s1_0.id,s1_0.city,s1_0.downtown,s1_0.latitude,s1_0.longitude,s1_0.name,s1_0.surcharge from stations s1_0 where s1_0.id=?
2026-04-15T19:37:51.206+01:00 DEBUG 13592 --- [gestionUser] [nio-8081-exec-9] org.hibernate.SQL                        : select s1_0.id,s1_0.city,s1_0.downtown,s1_0.latitude,s1_0.longitude,s1_0.name,s1_0.surcharge from stations s1_0 where s1_0.id=?
Hibernate: select s1_0.id,s1_0.city,s1_0.downtown,s1_0.latitude,s1_0.longitude,s1_0.name,s1_0.surcharge from stations s1_0 where s1_0.id=?
2026-04-15T19:37:51.211+01:00 DEBUG 13592 --- [gestionUser] [nio-8081-exec-9] org.hibernate.SQL                        : select s1_0.id,s1_0.city,s1_0.downtown,s1_0.latitude,s1_0.longitude,s1_0.name,s1_0.surcharge from stations s1_0 where s1_0.id=?
Hibernate: select s1_0.id,s1_0.city,s1_0.downtown,s1_0.latitude,s1_0.longitude,s1_0.name,s1_0.surcharge from stations s1_0 where s1_0.id=?
2026-04-15T19:37:51.214+01:00 DEBUG 13592 --- [gestionUser] [nio-8081-exec-9] org.hibernate.SQL                        : select s1_0.id,s1_0.city,s1_0.downtown,s1_0.latitude,s1_0.longitude,s1_0.name,s1_0.surcharge from stations s1_0 where s1_0.id=?
Hibernate: select s1_0.id,s1_0.city,s1_0.downtown,s1_0.latitude,s1_0.longitude,s1_0.name,s1_0.surcharge from stations s1_0 where s1_0.id=?
2026-04-15T19:37:51.219+01:00 DEBUG 13592 --- [gestionUser] [nio-8081-exec-9] org.hibernate.SQL                        : select s1_0.id,s1_0.city,s1_0.downtown,s1_0.latitude,s1_0.longitude,s1_0.name,s1_0.surcharge from stations s1_0 where s1_0.id=?
Hibernate: select s1_0.id,s1_0.city,s1_0.downtown,s1_0.latitude,s1_0.longitude,s1_0.name,s1_0.surcharge from stations s1_0 where s1_0.id=?
2026-04-15T19:37:51.231+01:00 DEBUG 13592 --- [gestionUser] [nio-8081-exec-9] m.m.a.RequestResponseBodyMethodProcessor : Using 'application/json', given [application/json, text/plain, */*] and supported [application/json, application/*+json, application/yaml]
2026-04-15T19:37:51.233+01:00 DEBUG 13592 --- [gestionUser] [nio-8081-exec-9] m.m.a.RequestResponseBodyMethodProcessor : Writing [[TrajetDTO(id=2, departureStationId=5, departureStationName=Barcelone, arrivalStationId=6, arrivalSt (truncated)...]
2026-04-15T19:37:51.235+01:00 DEBUG 13592 --- [gestionUser] [nio-8081-exec-9] o.s.web.servlet.DispatcherServlet        : Completed 200 OK
2026-04-15T19:38:04.391+01:00 DEBUG 13592 --- [gestionUser] [nio-8081-exec-5] o.s.security.web.FilterChainProxy        : Securing OPTIONS /api/profile/me
2026-04-15T19:38:04.401+01:00 DEBUG 13592 --- [gestionUser] [nio-8081-exec-3] o.s.security.web.FilterChainProxy        : Securing GET /api/profile/me
2026-04-15T19:38:04.401+01:00  INFO 13592 --- [gestionUser] [nio-8081-exec-3] t.e.s.baladna.user.security.JwtFilter    : Request to: /api/profile/me - Auth header: present
2026-04-15T19:38:04.401+01:00  INFO 13592 --- [gestionUser] [nio-8081-exec-3] t.e.s.baladna.user.security.JwtFilter    : Token extracted (length: 167)
2026-04-15T19:38:04.408+01:00  INFO 13592 --- [gestionUser] [nio-8081-exec-3] t.e.s.baladna.user.security.JwtFilter    : Email extracted from token: ahmedm12@gmail.com
2026-04-15T19:38:04.408+01:00 DEBUG 13592 --- [gestionUser] [nio-8081-exec-3] org.hibernate.SQL                        : select u1_0.id,u1_0.email,u1_0.first_name,u1_0.last_login,u1_0.last_name,u1_0.password,u1_0.preferred_language,u1_0.profile_photo,u1_0.role,u1_0.status from user u1_0 where u1_0.email=?
Hibernate: select u1_0.id,u1_0.email,u1_0.first_name,u1_0.last_login,u1_0.last_name,u1_0.password,u1_0.preferred_language,u1_0.profile_photo,u1_0.role,u1_0.status from user u1_0 where u1_0.email=?
2026-04-15T19:38:04.415+01:00  INFO 13592 --- [gestionUser] [nio-8081-exec-3] t.e.s.baladna.user.security.JwtFilter    : User found: ahmedm12@gmail.com with role: HOST
2026-04-15T19:38:04.416+01:00  INFO 13592 --- [gestionUser] [nio-8081-exec-3] t.e.s.baladna.user.security.JwtFilter    : Setting authentication with role: ROLE_HOST
2026-04-15T19:38:04.417+01:00  INFO 13592 --- [gestionUser] [nio-8081-exec-3] t.e.s.baladna.user.security.JwtFilter    : Authentication set successfully
2026-04-15T19:38:04.417+01:00 DEBUG 13592 --- [gestionUser] [nio-8081-exec-3] o.s.security.web.FilterChainProxy        : Secured GET /api/profile/me
2026-04-15T19:38:04.417+01:00 DEBUG 13592 --- [gestionUser] [nio-8081-exec-3] o.s.web.servlet.DispatcherServlet        : GET "/api/profile/me", parameters={}
2026-04-15T19:38:04.420+01:00 DEBUG 13592 --- [gestionUser] [nio-8081-exec-3] s.w.s.m.m.a.RequestMappingHandlerMapping : Mapped to tn.esprit.spring.baladna.user.controller.UserController#getMyProfile(String)
2026-04-15T19:38:04.421+01:00 DEBUG 13592 --- [gestionUser] [nio-8081-exec-3] org.hibernate.SQL                        : select u1_0.id,u1_0.email,u1_0.first_name,u1_0.last_login,u1_0.last_name,u1_0.password,u1_0.preferred_language,u1_0.profile_photo,u1_0.role,u1_0.status from user u1_0 where u1_0.email=?
Hibernate: select u1_0.id,u1_0.email,u1_0.first_name,u1_0.last_login,u1_0.last_name,u1_0.password,u1_0.preferred_language,u1_0.profile_photo,u1_0.role,u1_0.status from user u1_0 where u1_0.email=?
2026-04-15T19:38:04.428+01:00 DEBUG 13592 --- [gestionUser] [io-8081-exec-10] o.s.security.web.FilterChainProxy        : Securing OPTIONS /api/stations
2026-04-15T19:38:04.428+01:00 DEBUG 13592 --- [gestionUser] [nio-8081-exec-3] o.s.w.s.m.m.a.HttpEntityMethodProcessor  : Using 'application/json', given [application/json, text/plain, */*] and supported [application/json, application/*+json, application/yaml]
2026-04-15T19:38:04.430+01:00 DEBUG 13592 --- [gestionUser] [nio-8081-exec-4] o.s.security.web.FilterChainProxy        : Securing OPTIONS /api/trajets
2026-04-15T19:38:04.430+01:00 DEBUG 13592 --- [gestionUser] [nio-8081-exec-3] o.s.w.s.m.m.a.HttpEntityMethodProcessor  : Writing [tn.esprit.spring.baladna.user.entity.User@4f5eb336]
2026-04-15T19:38:04.430+01:00 DEBUG 13592 --- [gestionUser] [nio-8081-exec-3] o.s.web.servlet.DispatcherServlet        : Completed 200 OK
2026-04-15T19:38:04.434+01:00 DEBUG 13592 --- [gestionUser] [nio-8081-exec-2] o.s.security.web.FilterChainProxy        : Securing GET /api/stations
2026-04-15T19:38:04.434+01:00 DEBUG 13592 --- [gestionUser] [nio-8081-exec-6] o.s.security.web.FilterChainProxy        : Securing GET /api/trajets
2026-04-15T19:38:04.440+01:00  INFO 13592 --- [gestionUser] [nio-8081-exec-2] t.e.s.baladna.user.security.JwtFilter    : Request to: /api/stations - Auth header: present
2026-04-15T19:38:04.443+01:00  INFO 13592 --- [gestionUser] [nio-8081-exec-6] t.e.s.baladna.user.security.JwtFilter    : Request to: /api/trajets - Auth header: present
2026-04-15T19:38:04.444+01:00  INFO 13592 --- [gestionUser] [nio-8081-exec-2] t.e.s.baladna.user.security.JwtFilter    : Token extracted (length: 167)
2026-04-15T19:38:04.444+01:00  INFO 13592 --- [gestionUser] [nio-8081-exec-6] t.e.s.baladna.user.security.JwtFilter    : Token extracted (length: 167)
2026-04-15T19:38:04.446+01:00  INFO 13592 --- [gestionUser] [nio-8081-exec-2] t.e.s.baladna.user.security.JwtFilter    : Email extracted from token: ahmedm12@gmail.com
2026-04-15T19:38:04.446+01:00  INFO 13592 --- [gestionUser] [nio-8081-exec-6] t.e.s.baladna.user.security.JwtFilter    : Email extracted from token: ahmedm12@gmail.com
2026-04-15T19:38:04.448+01:00 DEBUG 13592 --- [gestionUser] [nio-8081-exec-2] org.hibernate.SQL                        : select u1_0.id,u1_0.email,u1_0.first_name,u1_0.last_login,u1_0.last_name,u1_0.password,u1_0.preferred_language,u1_0.profile_photo,u1_0.role,u1_0.status from user u1_0 where u1_0.email=?
2026-04-15T19:38:04.448+01:00 DEBUG 13592 --- [gestionUser] [nio-8081-exec-6] org.hibernate.SQL                        : select u1_0.id,u1_0.email,u1_0.first_name,u1_0.last_login,u1_0.last_name,u1_0.password,u1_0.preferred_language,u1_0.profile_photo,u1_0.role,u1_0.status from user u1_0 where u1_0.email=?
Hibernate: select u1_0.id,u1_0.email,u1_0.first_name,u1_0.last_login,u1_0.last_name,u1_0.password,u1_0.preferred_language,u1_0.profile_photo,u1_0.role,u1_0.status from user u1_0 where u1_0.email=?
Hibernate: select u1_0.id,u1_0.email,u1_0.first_name,u1_0.last_login,u1_0.last_name,u1_0.password,u1_0.preferred_language,u1_0.profile_photo,u1_0.role,u1_0.status from user u1_0 where u1_0.email=?
2026-04-15T19:38:04.451+01:00  INFO 13592 --- [gestionUser] [nio-8081-exec-2] t.e.s.baladna.user.security.JwtFilter    : User found: ahmedm12@gmail.com with role: HOST
2026-04-15T19:38:04.451+01:00  INFO 13592 --- [gestionUser] [nio-8081-exec-6] t.e.s.baladna.user.security.JwtFilter    : User found: ahmedm12@gmail.com with role: HOST
2026-04-15T19:38:04.451+01:00  INFO 13592 --- [gestionUser] [nio-8081-exec-2] t.e.s.baladna.user.security.JwtFilter    : Setting authentication with role: ROLE_HOST
2026-04-15T19:38:04.451+01:00  INFO 13592 --- [gestionUser] [nio-8081-exec-6] t.e.s.baladna.user.security.JwtFilter    : Setting authentication with role: ROLE_HOST
2026-04-15T19:38:04.451+01:00  INFO 13592 --- [gestionUser] [nio-8081-exec-2] t.e.s.baladna.user.security.JwtFilter    : Authentication set successfully
2026-04-15T19:38:04.451+01:00  INFO 13592 --- [gestionUser] [nio-8081-exec-6] t.e.s.baladna.user.security.JwtFilter    : Authentication set successfully
2026-04-15T19:38:04.451+01:00 DEBUG 13592 --- [gestionUser] [nio-8081-exec-2] o.s.security.web.FilterChainProxy        : Secured GET /api/stations
2026-04-15T19:38:04.451+01:00 DEBUG 13592 --- [gestionUser] [nio-8081-exec-6] o.s.security.web.FilterChainProxy        : Secured GET /api/trajets
2026-04-15T19:38:04.455+01:00 DEBUG 13592 --- [gestionUser] [nio-8081-exec-2] o.s.web.servlet.DispatcherServlet        : GET "/api/stations", parameters={}
2026-04-15T19:38:04.455+01:00 DEBUG 13592 --- [gestionUser] [nio-8081-exec-6] o.s.web.servlet.DispatcherServlet        : GET "/api/trajets", parameters={}
2026-04-15T19:38:04.456+01:00 DEBUG 13592 --- [gestionUser] [nio-8081-exec-2] s.w.s.m.m.a.RequestMappingHandlerMapping : Mapped to tn.esprit.spring.baladna.transport.controller.StationController#getAllStations()
2026-04-15T19:38:04.456+01:00 DEBUG 13592 --- [gestionUser] [nio-8081-exec-6] s.w.s.m.m.a.RequestMappingHandlerMapping : Mapped to tn.esprit.spring.baladna.transport.controller.TrajetController#getAllTrajets()
2026-04-15T19:38:04.460+01:00 DEBUG 13592 --- [gestionUser] [nio-8081-exec-2] org.hibernate.SQL                        : select s1_0.id,s1_0.city,s1_0.downtown,s1_0.latitude,s1_0.longitude,s1_0.name,s1_0.surcharge from stations s1_0
2026-04-15T19:38:04.462+01:00 DEBUG 13592 --- [gestionUser] [nio-8081-exec-6] org.hibernate.SQL                        : select t1_0.id,t1_0.arrival_station_id,t1_0.departure_station_id,t1_0.distance_km,t1_0.estimated_duration_minutes,t1_0.price_per_km,t1_0.route_geo_json from trajets t1_0
Hibernate: select t1_0.id,t1_0.arrival_station_id,t1_0.departure_station_id,t1_0.distance_km,t1_0.estimated_duration_minutes,t1_0.price_per_km,t1_0.route_geo_json from trajets t1_0
Hibernate: select s1_0.id,s1_0.city,s1_0.downtown,s1_0.latitude,s1_0.longitude,s1_0.name,s1_0.surcharge from stations s1_0
2026-04-15T19:38:04.465+01:00 DEBUG 13592 --- [gestionUser] [nio-8081-exec-6] org.hibernate.SQL                        : select s1_0.id,s1_0.city,s1_0.downtown,s1_0.latitude,s1_0.longitude,s1_0.name,s1_0.surcharge from stations s1_0 where s1_0.id=?
Hibernate: select s1_0.id,s1_0.city,s1_0.downtown,s1_0.latitude,s1_0.longitude,s1_0.name,s1_0.surcharge from stations s1_0 where s1_0.id=?
2026-04-15T19:38:04.467+01:00 DEBUG 13592 --- [gestionUser] [nio-8081-exec-2] m.m.a.RequestResponseBodyMethodProcessor : Using 'application/json', given [application/json, text/plain, */*] and supported [application/json, application/*+json, application/yaml]
2026-04-15T19:38:04.467+01:00 DEBUG 13592 --- [gestionUser] [nio-8081-exec-6] org.hibernate.SQL                        : select s1_0.id,s1_0.city,s1_0.downtown,s1_0.latitude,s1_0.longitude,s1_0.name,s1_0.surcharge from stations s1_0 where s1_0.id=?
Hibernate: select s1_0.id,s1_0.city,s1_0.downtown,s1_0.latitude,s1_0.longitude,s1_0.name,s1_0.surcharge from stations s1_0 where s1_0.id=?
2026-04-15T19:38:04.467+01:00 DEBUG 13592 --- [gestionUser] [nio-8081-exec-2] m.m.a.RequestResponseBodyMethodProcessor : Writing [[StationDTO(id=5, name=Barcelone, city=kbeli, surcharge=3.0, downtown=true, latitude=0.0, longitude= (truncated)...]
2026-04-15T19:38:04.470+01:00 DEBUG 13592 --- [gestionUser] [nio-8081-exec-6] org.hibernate.SQL                        : select s1_0.id,s1_0.city,s1_0.downtown,s1_0.latitude,s1_0.longitude,s1_0.name,s1_0.surcharge from stations s1_0 where s1_0.id=?
Hibernate: select s1_0.id,s1_0.city,s1_0.downtown,s1_0.latitude,s1_0.longitude,s1_0.name,s1_0.surcharge from stations s1_0 where s1_0.id=?
2026-04-15T19:38:04.470+01:00 DEBUG 13592 --- [gestionUser] [nio-8081-exec-2] o.s.web.servlet.DispatcherServlet        : Completed 200 OK
2026-04-15T19:38:04.481+01:00 DEBUG 13592 --- [gestionUser] [nio-8081-exec-6] org.hibernate.SQL                        : select s1_0.id,s1_0.city,s1_0.downtown,s1_0.latitude,s1_0.longitude,s1_0.name,s1_0.surcharge from stations s1_0 where s1_0.id=?
Hibernate: select s1_0.id,s1_0.city,s1_0.downtown,s1_0.latitude,s1_0.longitude,s1_0.name,s1_0.surcharge from stations s1_0 where s1_0.id=?
2026-04-15T19:38:04.485+01:00 DEBUG 13592 --- [gestionUser] [nio-8081-exec-6] org.hibernate.SQL                        : select s1_0.id,s1_0.city,s1_0.downtown,s1_0.latitude,s1_0.longitude,s1_0.name,s1_0.surcharge from stations s1_0 where s1_0.id=?
Hibernate: select s1_0.id,s1_0.city,s1_0.downtown,s1_0.latitude,s1_0.longitude,s1_0.name,s1_0.surcharge from stations s1_0 where s1_0.id=?
2026-04-15T19:38:04.499+01:00 DEBUG 13592 --- [gestionUser] [nio-8081-exec-6] m.m.a.RequestResponseBodyMethodProcessor : Using 'application/json', given [application/json, text/plain, */*] and supported [application/json, application/*+json, application/yaml]
2026-04-15T19:38:04.499+01:00 DEBUG 13592 --- [gestionUser] [nio-8081-exec-6] m.m.a.RequestResponseBodyMethodProcessor : Writing [[TrajetDTO(id=2, departureStationId=5, departureStationName=Barcelone, arrivalStationId=6, arrivalSt (truncated)...]
2026-04-15T19:38:04.502+01:00 DEBUG 13592 --- [gestionUser] [nio-8081-exec-6] o.s.web.servlet.DispatcherServlet        : Completed 200 OK
2026-04-15T19:57:18.210+01:00 DEBUG 13592 --- [gestionUser] [nio-8081-exec-9] o.s.security.web.FilterChainProxy        : Securing OPTIONS /api/profile/me
2026-04-15T19:57:18.243+01:00 DEBUG 13592 --- [gestionUser] [nio-8081-exec-5] o.s.security.web.FilterChainProxy        : Securing GET /api/profile/me
2026-04-15T19:57:18.243+01:00  INFO 13592 --- [gestionUser] [nio-8081-exec-5] t.e.s.baladna.user.security.JwtFilter    : Request to: /api/profile/me - Auth header: present
2026-04-15T19:57:18.243+01:00  INFO 13592 --- [gestionUser] [nio-8081-exec-5] t.e.s.baladna.user.security.JwtFilter    : Token extracted (length: 167)
2026-04-15T19:57:18.251+01:00  INFO 13592 --- [gestionUser] [nio-8081-exec-5] t.e.s.baladna.user.security.JwtFilter    : Email extracted from token: ahmedm12@gmail.com
2026-04-15T19:57:18.256+01:00 DEBUG 13592 --- [gestionUser] [nio-8081-exec-5] org.hibernate.SQL                        : select u1_0.id,u1_0.email,u1_0.first_name,u1_0.last_login,u1_0.last_name,u1_0.password,u1_0.preferred_language,u1_0.profile_photo,u1_0.role,u1_0.status from user u1_0 where u1_0.email=?
Hibernate: select u1_0.id,u1_0.email,u1_0.first_name,u1_0.last_login,u1_0.last_name,u1_0.password,u1_0.preferred_language,u1_0.profile_photo,u1_0.role,u1_0.status from user u1_0 where u1_0.email=?
2026-04-15T19:57:18.263+01:00 DEBUG 13592 --- [gestionUser] [io-8081-exec-10] o.s.security.web.FilterChainProxy        : Securing OPTIONS /api/stations
2026-04-15T19:57:18.264+01:00  INFO 13592 --- [gestionUser] [nio-8081-exec-5] t.e.s.baladna.user.security.JwtFilter    : User found: ahmedm12@gmail.com with role: HOST
2026-04-15T19:57:18.264+01:00  INFO 13592 --- [gestionUser] [nio-8081-exec-5] t.e.s.baladna.user.security.JwtFilter    : Setting authentication with role: ROLE_HOST
2026-04-15T19:57:18.264+01:00 DEBUG 13592 --- [gestionUser] [nio-8081-exec-4] o.s.security.web.FilterChainProxy        : Securing OPTIONS /api/trajets
2026-04-15T19:57:18.266+01:00  INFO 13592 --- [gestionUser] [nio-8081-exec-5] t.e.s.baladna.user.security.JwtFilter    : Authentication set successfully
2026-04-15T19:57:18.268+01:00 DEBUG 13592 --- [gestionUser] [nio-8081-exec-5] o.s.security.web.FilterChainProxy        : Secured GET /api/profile/me
2026-04-15T19:57:18.268+01:00 DEBUG 13592 --- [gestionUser] [nio-8081-exec-5] o.s.web.servlet.DispatcherServlet        : GET "/api/profile/me", parameters={}
2026-04-15T19:57:18.269+01:00 DEBUG 13592 --- [gestionUser] [nio-8081-exec-5] s.w.s.m.m.a.RequestMappingHandlerMapping : Mapped to tn.esprit.spring.baladna.user.controller.UserController#getMyProfile(String)
2026-04-15T19:57:18.273+01:00 DEBUG 13592 --- [gestionUser] [nio-8081-exec-5] org.hibernate.SQL                        : select u1_0.id,u1_0.email,u1_0.first_name,u1_0.last_login,u1_0.last_name,u1_0.password,u1_0.preferred_language,u1_0.profile_photo,u1_0.role,u1_0.status from user u1_0 where u1_0.email=?
Hibernate: select u1_0.id,u1_0.email,u1_0.first_name,u1_0.last_login,u1_0.last_name,u1_0.password,u1_0.preferred_language,u1_0.profile_photo,u1_0.role,u1_0.status from user u1_0 where u1_0.email=?
2026-04-15T19:57:18.274+01:00 DEBUG 13592 --- [gestionUser] [nio-8081-exec-3] o.s.security.web.FilterChainProxy        : Securing GET /api/stations
2026-04-15T19:57:18.274+01:00 DEBUG 13592 --- [gestionUser] [nio-8081-exec-2] o.s.security.web.FilterChainProxy        : Securing GET /api/trajets
2026-04-15T19:57:18.276+01:00  INFO 13592 --- [gestionUser] [nio-8081-exec-3] t.e.s.baladna.user.security.JwtFilter    : Request to: /api/stations - Auth header: present
2026-04-15T19:57:18.277+01:00  INFO 13592 --- [gestionUser] [nio-8081-exec-2] t.e.s.baladna.user.security.JwtFilter    : Request to: /api/trajets - Auth header: present
2026-04-15T19:57:18.277+01:00  INFO 13592 --- [gestionUser] [nio-8081-exec-2] t.e.s.baladna.user.security.JwtFilter    : Token extracted (length: 167)
2026-04-15T19:57:18.277+01:00  INFO 13592 --- [gestionUser] [nio-8081-exec-3] t.e.s.baladna.user.security.JwtFilter    : Token extracted (length: 167)
2026-04-15T19:57:18.279+01:00 DEBUG 13592 --- [gestionUser] [nio-8081-exec-5] o.s.w.s.m.m.a.HttpEntityMethodProcessor  : Using 'application/json', given [application/json, text/plain, */*] and supported [application/json, application/*+json, application/yaml]
2026-04-15T19:57:18.279+01:00 DEBUG 13592 --- [gestionUser] [nio-8081-exec-5] o.s.w.s.m.m.a.HttpEntityMethodProcessor  : Writing [tn.esprit.spring.baladna.user.entity.User@200763a3]
2026-04-15T19:57:18.281+01:00  INFO 13592 --- [gestionUser] [nio-8081-exec-2] t.e.s.baladna.user.security.JwtFilter    : Email extracted from token: ahmedm12@gmail.com
2026-04-15T19:57:18.282+01:00  INFO 13592 --- [gestionUser] [nio-8081-exec-3] t.e.s.baladna.user.security.JwtFilter    : Email extracted from token: ahmedm12@gmail.com
2026-04-15T19:57:18.283+01:00 DEBUG 13592 --- [gestionUser] [nio-8081-exec-2] org.hibernate.SQL                        : select u1_0.id,u1_0.email,u1_0.first_name,u1_0.last_login,u1_0.last_name,u1_0.password,u1_0.preferred_language,u1_0.profile_photo,u1_0.role,u1_0.status from user u1_0 where u1_0.email=?
2026-04-15T19:57:18.283+01:00 DEBUG 13592 --- [gestionUser] [nio-8081-exec-5] o.s.web.servlet.DispatcherServlet        : Completed 200 OK
2026-04-15T19:57:18.283+01:00 DEBUG 13592 --- [gestionUser] [nio-8081-exec-3] org.hibernate.SQL                        : select u1_0.id,u1_0.email,u1_0.first_name,u1_0.last_login,u1_0.last_name,u1_0.password,u1_0.preferred_language,u1_0.profile_photo,u1_0.role,u1_0.status from user u1_0 where u1_0.email=?
Hibernate: select u1_0.id,u1_0.email,u1_0.first_name,u1_0.last_login,u1_0.last_name,u1_0.password,u1_0.preferred_language,u1_0.profile_photo,u1_0.role,u1_0.status from user u1_0 where u1_0.email=?
Hibernate: select u1_0.id,u1_0.email,u1_0.first_name,u1_0.last_login,u1_0.last_name,u1_0.password,u1_0.preferred_language,u1_0.profile_photo,u1_0.role,u1_0.status from user u1_0 where u1_0.email=?
2026-04-15T19:57:18.294+01:00  INFO 13592 --- [gestionUser] [nio-8081-exec-3] t.e.s.baladna.user.security.JwtFilter    : User found: ahmedm12@gmail.com with role: HOST
2026-04-15T19:57:18.295+01:00  INFO 13592 --- [gestionUser] [nio-8081-exec-3] t.e.s.baladna.user.security.JwtFilter    : Setting authentication with role: ROLE_HOST
2026-04-15T19:57:18.296+01:00  INFO 13592 --- [gestionUser] [nio-8081-exec-3] t.e.s.baladna.user.security.JwtFilter    : Authentication set successfully
2026-04-15T19:57:18.295+01:00  INFO 13592 --- [gestionUser] [nio-8081-exec-2] t.e.s.baladna.user.security.JwtFilter    : User found: ahmedm12@gmail.com with role: HOST
2026-04-15T19:57:18.297+01:00 DEBUG 13592 --- [gestionUser] [nio-8081-exec-3] o.s.security.web.FilterChainProxy        : Secured GET /api/stations
2026-04-15T19:57:18.298+01:00  INFO 13592 --- [gestionUser] [nio-8081-exec-2] t.e.s.baladna.user.security.JwtFilter    : Setting authentication with role: ROLE_HOST
2026-04-15T19:57:18.298+01:00 DEBUG 13592 --- [gestionUser] [nio-8081-exec-3] o.s.web.servlet.DispatcherServlet        : GET "/api/stations", parameters={}
2026-04-15T19:57:18.300+01:00  INFO 13592 --- [gestionUser] [nio-8081-exec-2] t.e.s.baladna.user.security.JwtFilter    : Authentication set successfully
2026-04-15T19:57:18.301+01:00 DEBUG 13592 --- [gestionUser] [nio-8081-exec-3] s.w.s.m.m.a.RequestMappingHandlerMapping : Mapped to tn.esprit.spring.baladna.transport.controller.StationController#getAllStations()
2026-04-15T19:57:18.303+01:00 DEBUG 13592 --- [gestionUser] [nio-8081-exec-2] o.s.security.web.FilterChainProxy        : Secured GET /api/trajets
2026-04-15T19:57:18.303+01:00 DEBUG 13592 --- [gestionUser] [nio-8081-exec-2] o.s.web.servlet.DispatcherServlet        : GET "/api/trajets", parameters={}
2026-04-15T19:57:18.306+01:00 DEBUG 13592 --- [gestionUser] [nio-8081-exec-2] s.w.s.m.m.a.RequestMappingHandlerMapping : Mapped to tn.esprit.spring.baladna.transport.controller.TrajetController#getAllTrajets()
2026-04-15T19:57:18.307+01:00 DEBUG 13592 --- [gestionUser] [nio-8081-exec-3] org.hibernate.SQL                        : select s1_0.id,s1_0.city,s1_0.downtown,s1_0.latitude,s1_0.longitude,s1_0.name,s1_0.surcharge from stations s1_0
Hibernate: select s1_0.id,s1_0.city,s1_0.downtown,s1_0.latitude,s1_0.longitude,s1_0.name,s1_0.surcharge from stations s1_0
2026-04-15T19:57:18.311+01:00 DEBUG 13592 --- [gestionUser] [nio-8081-exec-2] org.hibernate.SQL                        : select t1_0.id,t1_0.arrival_station_id,t1_0.departure_station_id,t1_0.distance_km,t1_0.estimated_duration_minutes,t1_0.price_per_km,t1_0.route_geo_json from trajets t1_0
Hibernate: select t1_0.id,t1_0.arrival_station_id,t1_0.departure_station_id,t1_0.distance_km,t1_0.estimated_duration_minutes,t1_0.price_per_km,t1_0.route_geo_json from trajets t1_0
2026-04-15T19:57:18.315+01:00 DEBUG 13592 --- [gestionUser] [nio-8081-exec-2] org.hibernate.SQL                        : select s1_0.id,s1_0.city,s1_0.downtown,s1_0.latitude,s1_0.longitude,s1_0.name,s1_0.surcharge from stations s1_0 where s1_0.id=?
Hibernate: select s1_0.id,s1_0.city,s1_0.downtown,s1_0.latitude,s1_0.longitude,s1_0.name,s1_0.surcharge from stations s1_0 where s1_0.id=?
2026-04-15T19:57:18.315+01:00 DEBUG 13592 --- [gestionUser] [nio-8081-exec-3] m.m.a.RequestResponseBodyMethodProcessor : Using 'application/json', given [application/json, text/plain, */*] and supported [application/json, application/*+json, application/yaml]
2026-04-15T19:57:18.318+01:00 DEBUG 13592 --- [gestionUser] [nio-8081-exec-3] m.m.a.RequestResponseBodyMethodProcessor : Writing [[StationDTO(id=5, name=Barcelone, city=kbeli, surcharge=3.0, downtown=true, latitude=0.0, longitude= (truncated)...]
2026-04-15T19:57:18.319+01:00 DEBUG 13592 --- [gestionUser] [nio-8081-exec-2] org.hibernate.SQL                        : select s1_0.id,s1_0.city,s1_0.downtown,s1_0.latitude,s1_0.longitude,s1_0.name,s1_0.surcharge from stations s1_0 where s1_0.id=?
Hibernate: select s1_0.id,s1_0.city,s1_0.downtown,s1_0.latitude,s1_0.longitude,s1_0.name,s1_0.surcharge from stations s1_0 where s1_0.id=?
2026-04-15T19:57:18.323+01:00 DEBUG 13592 --- [gestionUser] [nio-8081-exec-3] o.s.web.servlet.DispatcherServlet        : Completed 200 OK
2026-04-15T19:57:18.329+01:00 DEBUG 13592 --- [gestionUser] [nio-8081-exec-2] org.hibernate.SQL                        : select s1_0.id,s1_0.city,s1_0.downtown,s1_0.latitude,s1_0.longitude,s1_0.name,s1_0.surcharge from stations s1_0 where s1_0.id=?
Hibernate: select s1_0.id,s1_0.city,s1_0.downtown,s1_0.latitude,s1_0.longitude,s1_0.name,s1_0.surcharge from stations s1_0 where s1_0.id=?
2026-04-15T19:57:18.340+01:00 DEBUG 13592 --- [gestionUser] [nio-8081-exec-2] org.hibernate.SQL                        : select s1_0.id,s1_0.city,s1_0.downtown,s1_0.latitude,s1_0.longitude,s1_0.name,s1_0.surcharge from stations s1_0 where s1_0.id=?
Hibernate: select s1_0.id,s1_0.city,s1_0.downtown,s1_0.latitude,s1_0.longitude,s1_0.name,s1_0.surcharge from stations s1_0 where s1_0.id=?
2026-04-15T19:57:18.348+01:00 DEBUG 13592 --- [gestionUser] [nio-8081-exec-2] org.hibernate.SQL                        : select s1_0.id,s1_0.city,s1_0.downtown,s1_0.latitude,s1_0.longitude,s1_0.name,s1_0.surcharge from stations s1_0 where s1_0.id=?
Hibernate: select s1_0.id,s1_0.city,s1_0.downtown,s1_0.latitude,s1_0.longitude,s1_0.name,s1_0.surcharge from stations s1_0 where s1_0.id=?
2026-04-15T19:57:18.363+01:00 DEBUG 13592 --- [gestionUser] [nio-8081-exec-2] m.m.a.RequestResponseBodyMethodProcessor : Using 'application/json', given [application/json, text/plain, */*] and supported [application/json, application/*+json, application/yaml]
2026-04-15T19:57:18.365+01:00 DEBUG 13592 --- [gestionUser] [nio-8081-exec-2] m.m.a.RequestResponseBodyMethodProcessor : Writing [[TrajetDTO(id=2, departureStationId=5, departureStationName=Barcelone, arrivalStationId=6, arrivalSt (truncated)...]
2026-04-15T19:57:18.368+01:00 DEBUG 13592 --- [gestionUser] [nio-8081-exec-2] o.s.web.servlet.DispatcherServlet        : Completed 200 OK
2026-04-15T20:06:07.219+01:00 DEBUG 13592 --- [gestionUser] [nio-8081-exec-8] o.s.security.web.FilterChainProxy        : Securing OPTIONS /api/profile/me
2026-04-15T20:06:07.219+01:00 DEBUG 13592 --- [gestionUser] [nio-8081-exec-9] o.s.security.web.FilterChainProxy        : Securing OPTIONS /api/stations
2026-04-15T20:06:07.228+01:00 DEBUG 13592 --- [gestionUser] [io-8081-exec-10] o.s.security.web.FilterChainProxy        : Securing OPTIONS /api/trajets
2026-04-15T20:06:07.258+01:00 DEBUG 13592 --- [gestionUser] [nio-8081-exec-5] o.s.security.web.FilterChainProxy        : Securing GET /api/stations
2026-04-15T20:06:07.260+01:00  INFO 13592 --- [gestionUser] [nio-8081-exec-5] t.e.s.baladna.user.security.JwtFilter    : Request to: /api/stations - Auth header: present
2026-04-15T20:06:07.262+01:00  INFO 13592 --- [gestionUser] [nio-8081-exec-5] t.e.s.baladna.user.security.JwtFilter    : Token extracted (length: 167)
2026-04-15T20:06:07.262+01:00 DEBUG 13592 --- [gestionUser] [nio-8081-exec-4] o.s.security.web.FilterChainProxy        : Securing GET /api/profile/me
2026-04-15T20:06:07.262+01:00 DEBUG 13592 --- [gestionUser] [nio-8081-exec-3] o.s.security.web.FilterChainProxy        : Securing GET /api/trajets
2026-04-15T20:06:07.264+01:00  INFO 13592 --- [gestionUser] [nio-8081-exec-4] t.e.s.baladna.user.security.JwtFilter    : Request to: /api/profile/me - Auth header: present
2026-04-15T20:06:07.266+01:00  INFO 13592 --- [gestionUser] [nio-8081-exec-4] t.e.s.baladna.user.security.JwtFilter    : Token extracted (length: 167)
2026-04-15T20:06:07.267+01:00  INFO 13592 --- [gestionUser] [nio-8081-exec-5] t.e.s.baladna.user.security.JwtFilter    : Email extracted from token: ahmedm12@gmail.com
2026-04-15T20:06:07.266+01:00  INFO 13592 --- [gestionUser] [nio-8081-exec-3] t.e.s.baladna.user.security.JwtFilter    : Request to: /api/trajets - Auth header: present
2026-04-15T20:06:07.271+01:00  INFO 13592 --- [gestionUser] [nio-8081-exec-3] t.e.s.baladna.user.security.JwtFilter    : Token extracted (length: 167)
2026-04-15T20:06:07.272+01:00 DEBUG 13592 --- [gestionUser] [nio-8081-exec-5] org.hibernate.SQL                        : select u1_0.id,u1_0.email,u1_0.first_name,u1_0.last_login,u1_0.last_name,u1_0.password,u1_0.preferred_language,u1_0.profile_photo,u1_0.role,u1_0.status from user u1_0 where u1_0.email=?
Hibernate: select u1_0.id,u1_0.email,u1_0.first_name,u1_0.last_login,u1_0.last_name,u1_0.password,u1_0.preferred_language,u1_0.profile_photo,u1_0.role,u1_0.status from user u1_0 where u1_0.email=?
2026-04-15T20:06:07.274+01:00  INFO 13592 --- [gestionUser] [nio-8081-exec-4] t.e.s.baladna.user.security.JwtFilter    : Email extracted from token: ahmedm12@gmail.com
2026-04-15T20:06:07.274+01:00  INFO 13592 --- [gestionUser] [nio-8081-exec-3] t.e.s.baladna.user.security.JwtFilter    : Email extracted from token: ahmedm12@gmail.com
2026-04-15T20:06:07.277+01:00 DEBUG 13592 --- [gestionUser] [nio-8081-exec-3] org.hibernate.SQL                        : select u1_0.id,u1_0.email,u1_0.first_name,u1_0.last_login,u1_0.last_name,u1_0.password,u1_0.preferred_language,u1_0.profile_photo,u1_0.role,u1_0.status from user u1_0 where u1_0.email=?
2026-04-15T20:06:07.277+01:00 DEBUG 13592 --- [gestionUser] [nio-8081-exec-4] org.hibernate.SQL                        : select u1_0.id,u1_0.email,u1_0.first_name,u1_0.last_login,u1_0.last_name,u1_0.password,u1_0.preferred_language,u1_0.profile_photo,u1_0.role,u1_0.status from user u1_0 where u1_0.email=?
Hibernate: select u1_0.id,u1_0.email,u1_0.first_name,u1_0.last_login,u1_0.last_name,u1_0.password,u1_0.preferred_language,u1_0.profile_photo,u1_0.role,u1_0.status from user u1_0 where u1_0.email=?
Hibernate: select u1_0.id,u1_0.email,u1_0.first_name,u1_0.last_login,u1_0.last_name,u1_0.password,u1_0.preferred_language,u1_0.profile_photo,u1_0.role,u1_0.status from user u1_0 where u1_0.email=?
2026-04-15T20:06:07.278+01:00  INFO 13592 --- [gestionUser] [nio-8081-exec-5] t.e.s.baladna.user.security.JwtFilter    : User found: ahmedm12@gmail.com with role: HOST
2026-04-15T20:06:07.283+01:00  INFO 13592 --- [gestionUser] [nio-8081-exec-5] t.e.s.baladna.user.security.JwtFilter    : Setting authentication with role: ROLE_HOST
2026-04-15T20:06:07.284+01:00  INFO 13592 --- [gestionUser] [nio-8081-exec-5] t.e.s.baladna.user.security.JwtFilter    : Authentication set successfully
2026-04-15T20:06:07.285+01:00  INFO 13592 --- [gestionUser] [nio-8081-exec-4] t.e.s.baladna.user.security.JwtFilter    : User found: ahmedm12@gmail.com with role: HOST
2026-04-15T20:06:07.285+01:00 DEBUG 13592 --- [gestionUser] [nio-8081-exec-5] o.s.security.web.FilterChainProxy        : Secured GET /api/stations
2026-04-15T20:06:07.285+01:00  INFO 13592 --- [gestionUser] [nio-8081-exec-3] t.e.s.baladna.user.security.JwtFilter    : User found: ahmedm12@gmail.com with role: HOST
2026-04-15T20:06:07.286+01:00  INFO 13592 --- [gestionUser] [nio-8081-exec-4] t.e.s.baladna.user.security.JwtFilter    : Setting authentication with role: ROLE_HOST
2026-04-15T20:06:07.287+01:00 DEBUG 13592 --- [gestionUser] [nio-8081-exec-5] o.s.web.servlet.DispatcherServlet        : GET "/api/stations", parameters={}
2026-04-15T20:06:07.288+01:00  INFO 13592 --- [gestionUser] [nio-8081-exec-3] t.e.s.baladna.user.security.JwtFilter    : Setting authentication with role: ROLE_HOST
2026-04-15T20:06:07.288+01:00  INFO 13592 --- [gestionUser] [nio-8081-exec-4] t.e.s.baladna.user.security.JwtFilter    : Authentication set successfully
2026-04-15T20:06:07.290+01:00 DEBUG 13592 --- [gestionUser] [nio-8081-exec-5] s.w.s.m.m.a.RequestMappingHandlerMapping : Mapped to tn.esprit.spring.baladna.transport.controller.StationController#getAllStations()
2026-04-15T20:06:07.291+01:00  INFO 13592 --- [gestionUser] [nio-8081-exec-3] t.e.s.baladna.user.security.JwtFilter    : Authentication set successfully
2026-04-15T20:06:07.292+01:00 DEBUG 13592 --- [gestionUser] [nio-8081-exec-4] o.s.security.web.FilterChainProxy        : Secured GET /api/profile/me
2026-04-15T20:06:07.294+01:00 DEBUG 13592 --- [gestionUser] [nio-8081-exec-3] o.s.security.web.FilterChainProxy        : Secured GET /api/trajets
2026-04-15T20:06:07.294+01:00 DEBUG 13592 --- [gestionUser] [nio-8081-exec-4] o.s.web.servlet.DispatcherServlet        : GET "/api/profile/me", parameters={}
2026-04-15T20:06:07.296+01:00 DEBUG 13592 --- [gestionUser] [nio-8081-exec-3] o.s.web.servlet.DispatcherServlet        : GET "/api/trajets", parameters={}
2026-04-15T20:06:07.296+01:00 DEBUG 13592 --- [gestionUser] [nio-8081-exec-4] s.w.s.m.m.a.RequestMappingHandlerMapping : Mapped to tn.esprit.spring.baladna.user.controller.UserController#getMyProfile(String)
2026-04-15T20:06:07.296+01:00 DEBUG 13592 --- [gestionUser] [nio-8081-exec-3] s.w.s.m.m.a.RequestMappingHandlerMapping : Mapped to tn.esprit.spring.baladna.transport.controller.TrajetController#getAllTrajets()
2026-04-15T20:06:07.300+01:00 DEBUG 13592 --- [gestionUser] [nio-8081-exec-4] org.hibernate.SQL                        : select u1_0.id,u1_0.email,u1_0.first_name,u1_0.last_login,u1_0.last_name,u1_0.password,u1_0.preferred_language,u1_0.profile_photo,u1_0.role,u1_0.status from user u1_0 where u1_0.email=?
Hibernate: select u1_0.id,u1_0.email,u1_0.first_name,u1_0.last_login,u1_0.last_name,u1_0.password,u1_0.preferred_language,u1_0.profile_photo,u1_0.role,u1_0.status from user u1_0 where u1_0.email=?
2026-04-15T20:06:07.303+01:00 DEBUG 13592 --- [gestionUser] [nio-8081-exec-5] org.hibernate.SQL                        : select s1_0.id,s1_0.city,s1_0.downtown,s1_0.latitude,s1_0.longitude,s1_0.name,s1_0.surcharge from stations s1_0
2026-04-15T20:06:07.303+01:00 DEBUG 13592 --- [gestionUser] [nio-8081-exec-3] org.hibernate.SQL                        : select t1_0.id,t1_0.arrival_station_id,t1_0.departure_station_id,t1_0.distance_km,t1_0.estimated_duration_minutes,t1_0.price_per_km,t1_0.route_geo_json from trajets t1_0
Hibernate: select t1_0.id,t1_0.arrival_station_id,t1_0.departure_station_id,t1_0.distance_km,t1_0.estimated_duration_minutes,t1_0.price_per_km,t1_0.route_geo_json from trajets t1_0
Hibernate: select s1_0.id,s1_0.city,s1_0.downtown,s1_0.latitude,s1_0.longitude,s1_0.name,s1_0.surcharge from stations s1_0
2026-04-15T20:06:07.309+01:00 DEBUG 13592 --- [gestionUser] [nio-8081-exec-3] org.hibernate.SQL                        : select s1_0.id,s1_0.city,s1_0.downtown,s1_0.latitude,s1_0.longitude,s1_0.name,s1_0.surcharge from stations s1_0 where s1_0.id=?
2026-04-15T20:06:07.311+01:00 DEBUG 13592 --- [gestionUser] [nio-8081-exec-4] o.s.w.s.m.m.a.HttpEntityMethodProcessor  : Using 'application/json', given [application/json, text/plain, */*] and supported [application/json, application/*+json, application/yaml]
Hibernate: select s1_0.id,s1_0.city,s1_0.downtown,s1_0.latitude,s1_0.longitude,s1_0.name,s1_0.surcharge from stations s1_0 where s1_0.id=?
2026-04-15T20:06:07.313+01:00 DEBUG 13592 --- [gestionUser] [nio-8081-exec-4] o.s.w.s.m.m.a.HttpEntityMethodProcessor  : Writing [tn.esprit.spring.baladna.user.entity.User@3194b9fb]
2026-04-15T20:06:07.319+01:00 DEBUG 13592 --- [gestionUser] [nio-8081-exec-4] o.s.web.servlet.DispatcherServlet        : Completed 200 OK
2026-04-15T20:06:07.320+01:00 DEBUG 13592 --- [gestionUser] [nio-8081-exec-3] org.hibernate.SQL                        : select s1_0.id,s1_0.city,s1_0.downtown,s1_0.latitude,s1_0.longitude,s1_0.name,s1_0.surcharge from stations s1_0 where s1_0.id=?
Hibernate: select s1_0.id,s1_0.city,s1_0.downtown,s1_0.latitude,s1_0.longitude,s1_0.name,s1_0.surcharge from stations s1_0 where s1_0.id=?
2026-04-15T20:06:07.323+01:00 DEBUG 13592 --- [gestionUser] [nio-8081-exec-5] m.m.a.RequestResponseBodyMethodProcessor : Using 'application/json', given [application/json, text/plain, */*] and supported [application/json, application/*+json, application/yaml]
2026-04-15T20:06:07.326+01:00 DEBUG 13592 --- [gestionUser] [nio-8081-exec-5] m.m.a.RequestResponseBodyMethodProcessor : Writing [[StationDTO(id=5, name=Barcelone, city=kbeli, surcharge=3.0, downtown=true, latitude=0.0, longitude= (truncated)...]
2026-04-15T20:06:07.328+01:00 DEBUG 13592 --- [gestionUser] [nio-8081-exec-3] org.hibernate.SQL                        : select s1_0.id,s1_0.city,s1_0.downtown,s1_0.latitude,s1_0.longitude,s1_0.name,s1_0.surcharge from stations s1_0 where s1_0.id=?
Hibernate: select s1_0.id,s1_0.city,s1_0.downtown,s1_0.latitude,s1_0.longitude,s1_0.name,s1_0.surcharge from stations s1_0 where s1_0.id=?
2026-04-15T20:06:07.329+01:00 DEBUG 13592 --- [gestionUser] [nio-8081-exec-5] o.s.web.servlet.DispatcherServlet        : Completed 200 OK
2026-04-15T20:06:07.334+01:00 DEBUG 13592 --- [gestionUser] [nio-8081-exec-3] org.hibernate.SQL                        : select s1_0.id,s1_0.city,s1_0.downtown,s1_0.latitude,s1_0.longitude,s1_0.name,s1_0.surcharge from stations s1_0 where s1_0.id=?
Hibernate: select s1_0.id,s1_0.city,s1_0.downtown,s1_0.latitude,s1_0.longitude,s1_0.name,s1_0.surcharge from stations s1_0 where s1_0.id=?
2026-04-15T20:06:07.341+01:00 DEBUG 13592 --- [gestionUser] [nio-8081-exec-3] org.hibernate.SQL                        : select s1_0.id,s1_0.city,s1_0.downtown,s1_0.latitude,s1_0.longitude,s1_0.name,s1_0.surcharge from stations s1_0 where s1_0.id=?
Hibernate: select s1_0.id,s1_0.city,s1_0.downtown,s1_0.latitude,s1_0.longitude,s1_0.name,s1_0.surcharge from stations s1_0 where s1_0.id=?
2026-04-15T20:06:07.348+01:00 DEBUG 13592 --- [gestionUser] [nio-8081-exec-3] m.m.a.RequestResponseBodyMethodProcessor : Using 'application/json', given [application/json, text/plain, */*] and supported [application/json, application/*+json, application/yaml]
2026-04-15T20:06:07.350+01:00 DEBUG 13592 --- [gestionUser] [nio-8081-exec-3] m.m.a.RequestResponseBodyMethodProcessor : Writing [[TrajetDTO(id=2, departureStationId=5, departureStationName=Barcelone, arrivalStationId=6, arrivalSt (truncated)...]
2026-04-15T20:06:07.354+01:00 DEBUG 13592 --- [gestionUser] [nio-8081-exec-3] o.s.web.servlet.DispatcherServlet        : Completed 200 OK
2026-04-15T20:06:30.092+01:00 DEBUG 13592 --- [gestionUser] [nio-8081-exec-2] o.s.security.web.FilterChainProxy        : Securing OPTIONS /api/profile/me
2026-04-15T20:06:30.109+01:00 DEBUG 13592 --- [gestionUser] [nio-8081-exec-1] o.s.security.web.FilterChainProxy        : Securing GET /api/profile/me
2026-04-15T20:06:30.112+01:00  INFO 13592 --- [gestionUser] [nio-8081-exec-1] t.e.s.baladna.user.security.JwtFilter    : Request to: /api/profile/me - Auth header: present
2026-04-15T20:06:30.112+01:00  INFO 13592 --- [gestionUser] [nio-8081-exec-1] t.e.s.baladna.user.security.JwtFilter    : Token extracted (length: 167)
2026-04-15T20:06:30.118+01:00  INFO 13592 --- [gestionUser] [nio-8081-exec-1] t.e.s.baladna.user.security.JwtFilter    : Email extracted from token: ahmedm12@gmail.com
2026-04-15T20:06:30.121+01:00 DEBUG 13592 --- [gestionUser] [nio-8081-exec-1] org.hibernate.SQL                        : select u1_0.id,u1_0.email,u1_0.first_name,u1_0.last_login,u1_0.last_name,u1_0.password,u1_0.preferred_language,u1_0.profile_photo,u1_0.role,u1_0.status from user u1_0 where u1_0.email=?
Hibernate: select u1_0.id,u1_0.email,u1_0.first_name,u1_0.last_login,u1_0.last_name,u1_0.password,u1_0.preferred_language,u1_0.profile_photo,u1_0.role,u1_0.status from user u1_0 where u1_0.email=?
2026-04-15T20:06:30.123+01:00 DEBUG 13592 --- [gestionUser] [nio-8081-exec-7] o.s.security.web.FilterChainProxy        : Securing OPTIONS /api/trajets
2026-04-15T20:06:30.123+01:00 DEBUG 13592 --- [gestionUser] [nio-8081-exec-6] o.s.security.web.FilterChainProxy        : Securing OPTIONS /api/stations
2026-04-15T20:06:30.127+01:00  INFO 13592 --- [gestionUser] [nio-8081-exec-1] t.e.s.baladna.user.security.JwtFilter    : User found: ahmedm12@gmail.com with role: HOST
2026-04-15T20:06:30.128+01:00  INFO 13592 --- [gestionUser] [nio-8081-exec-1] t.e.s.baladna.user.security.JwtFilter    : Setting authentication with role: ROLE_HOST
2026-04-15T20:06:30.129+01:00  INFO 13592 --- [gestionUser] [nio-8081-exec-1] t.e.s.baladna.user.security.JwtFilter    : Authentication set successfully
2026-04-15T20:06:30.130+01:00 DEBUG 13592 --- [gestionUser] [nio-8081-exec-1] o.s.security.web.FilterChainProxy        : Secured GET /api/profile/me
2026-04-15T20:06:30.132+01:00 DEBUG 13592 --- [gestionUser] [nio-8081-exec-1] o.s.web.servlet.DispatcherServlet        : GET "/api/profile/me", parameters={}
2026-04-15T20:06:30.132+01:00 DEBUG 13592 --- [gestionUser] [nio-8081-exec-9] o.s.security.web.FilterChainProxy        : Securing GET /api/stations
2026-04-15T20:06:30.132+01:00 DEBUG 13592 --- [gestionUser] [nio-8081-exec-8] o.s.security.web.FilterChainProxy        : Securing GET /api/trajets
2026-04-15T20:06:30.134+01:00 DEBUG 13592 --- [gestionUser] [nio-8081-exec-1] s.w.s.m.m.a.RequestMappingHandlerMapping : Mapped to tn.esprit.spring.baladna.user.controller.UserController#getMyProfile(String)
2026-04-15T20:06:30.135+01:00  INFO 13592 --- [gestionUser] [nio-8081-exec-9] t.e.s.baladna.user.security.JwtFilter    : Request to: /api/stations - Auth header: present
2026-04-15T20:06:30.136+01:00  INFO 13592 --- [gestionUser] [nio-8081-exec-8] t.e.s.baladna.user.security.JwtFilter    : Request to: /api/trajets - Auth header: present
2026-04-15T20:06:30.138+01:00  INFO 13592 --- [gestionUser] [nio-8081-exec-8] t.e.s.baladna.user.security.JwtFilter    : Token extracted (length: 167)
2026-04-15T20:06:30.137+01:00  INFO 13592 --- [gestionUser] [nio-8081-exec-9] t.e.s.baladna.user.security.JwtFilter    : Token extracted (length: 167)
2026-04-15T20:06:30.138+01:00 DEBUG 13592 --- [gestionUser] [nio-8081-exec-1] org.hibernate.SQL                        : select u1_0.id,u1_0.email,u1_0.first_name,u1_0.last_login,u1_0.last_name,u1_0.password,u1_0.preferred_language,u1_0.profile_photo,u1_0.role,u1_0.status from user u1_0 where u1_0.email=?
Hibernate: select u1_0.id,u1_0.email,u1_0.first_name,u1_0.last_login,u1_0.last_name,u1_0.password,u1_0.preferred_language,u1_0.profile_photo,u1_0.role,u1_0.status from user u1_0 where u1_0.email=?
2026-04-15T20:06:30.143+01:00  INFO 13592 --- [gestionUser] [nio-8081-exec-8] t.e.s.baladna.user.security.JwtFilter    : Email extracted from token: ahmedm12@gmail.com
2026-04-15T20:06:30.144+01:00  INFO 13592 --- [gestionUser] [nio-8081-exec-9] t.e.s.baladna.user.security.JwtFilter    : Email extracted from token: ahmedm12@gmail.com
2026-04-15T20:06:30.144+01:00 DEBUG 13592 --- [gestionUser] [nio-8081-exec-1] o.s.w.s.m.m.a.HttpEntityMethodProcessor  : Using 'application/json', given [application/json, text/plain, */*] and supported [application/json, application/*+json, application/yaml]
2026-04-15T20:06:30.145+01:00 DEBUG 13592 --- [gestionUser] [nio-8081-exec-8] org.hibernate.SQL                        : select u1_0.id,u1_0.email,u1_0.first_name,u1_0.last_login,u1_0.last_name,u1_0.password,u1_0.preferred_language,u1_0.profile_photo,u1_0.role,u1_0.status from user u1_0 where u1_0.email=?
Hibernate: select u1_0.id,u1_0.email,u1_0.first_name,u1_0.last_login,u1_0.last_name,u1_0.password,u1_0.preferred_language,u1_0.profile_photo,u1_0.role,u1_0.status from user u1_0 where u1_0.email=?
2026-04-15T20:06:30.146+01:00 DEBUG 13592 --- [gestionUser] [nio-8081-exec-9] org.hibernate.SQL                        : select u1_0.id,u1_0.email,u1_0.first_name,u1_0.last_login,u1_0.last_name,u1_0.password,u1_0.preferred_language,u1_0.profile_photo,u1_0.role,u1_0.status from user u1_0 where u1_0.email=?
2026-04-15T20:06:30.146+01:00 DEBUG 13592 --- [gestionUser] [nio-8081-exec-1] o.s.w.s.m.m.a.HttpEntityMethodProcessor  : Writing [tn.esprit.spring.baladna.user.entity.User@4534518e]
Hibernate: select u1_0.id,u1_0.email,u1_0.first_name,u1_0.last_login,u1_0.last_name,u1_0.password,u1_0.preferred_language,u1_0.profile_photo,u1_0.role,u1_0.status from user u1_0 where u1_0.email=?
2026-04-15T20:06:30.151+01:00  INFO 13592 --- [gestionUser] [nio-8081-exec-8] t.e.s.baladna.user.security.JwtFilter    : User found: ahmedm12@gmail.com with role: HOST
2026-04-15T20:06:30.151+01:00 DEBUG 13592 --- [gestionUser] [nio-8081-exec-1] o.s.web.servlet.DispatcherServlet        : Completed 200 OK
2026-04-15T20:06:30.152+01:00  INFO 13592 --- [gestionUser] [nio-8081-exec-9] t.e.s.baladna.user.security.JwtFilter    : User found: ahmedm12@gmail.com with role: HOST
2026-04-15T20:06:30.152+01:00  INFO 13592 --- [gestionUser] [nio-8081-exec-8] t.e.s.baladna.user.security.JwtFilter    : Setting authentication with role: ROLE_HOST
2026-04-15T20:06:30.155+01:00  INFO 13592 --- [gestionUser] [nio-8081-exec-9] t.e.s.baladna.user.security.JwtFilter    : Setting authentication with role: ROLE_HOST
2026-04-15T20:06:30.156+01:00  INFO 13592 --- [gestionUser] [nio-8081-exec-8] t.e.s.baladna.user.security.JwtFilter    : Authentication set successfully
2026-04-15T20:06:30.157+01:00  INFO 13592 --- [gestionUser] [nio-8081-exec-9] t.e.s.baladna.user.security.JwtFilter    : Authentication set successfully
2026-04-15T20:06:30.159+01:00 DEBUG 13592 --- [gestionUser] [nio-8081-exec-8] o.s.security.web.FilterChainProxy        : Secured GET /api/trajets
2026-04-15T20:06:30.160+01:00 DEBUG 13592 --- [gestionUser] [nio-8081-exec-9] o.s.security.web.FilterChainProxy        : Secured GET /api/stations
2026-04-15T20:06:30.160+01:00 DEBUG 13592 --- [gestionUser] [nio-8081-exec-8] o.s.web.servlet.DispatcherServlet        : GET "/api/trajets", parameters={}
2026-04-15T20:06:30.161+01:00 DEBUG 13592 --- [gestionUser] [nio-8081-exec-9] o.s.web.servlet.DispatcherServlet        : GET "/api/stations", parameters={}
2026-04-15T20:06:30.163+01:00 DEBUG 13592 --- [gestionUser] [nio-8081-exec-8] s.w.s.m.m.a.RequestMappingHandlerMapping : Mapped to tn.esprit.spring.baladna.transport.controller.TrajetController#getAllTrajets()
2026-04-15T20:06:30.164+01:00 DEBUG 13592 --- [gestionUser] [nio-8081-exec-9] s.w.s.m.m.a.RequestMappingHandlerMapping : Mapped to tn.esprit.spring.baladna.transport.controller.StationController#getAllStations()
2026-04-15T20:06:30.171+01:00 DEBUG 13592 --- [gestionUser] [nio-8081-exec-9] org.hibernate.SQL                        : select s1_0.id,s1_0.city,s1_0.downtown,s1_0.latitude,s1_0.longitude,s1_0.name,s1_0.surcharge from stations s1_0
2026-04-15T20:06:30.171+01:00 DEBUG 13592 --- [gestionUser] [nio-8081-exec-8] org.hibernate.SQL                        : select t1_0.id,t1_0.arrival_station_id,t1_0.departure_station_id,t1_0.distance_km,t1_0.estimated_duration_minutes,t1_0.price_per_km,t1_0.route_geo_json from trajets t1_0
Hibernate: select t1_0.id,t1_0.arrival_station_id,t1_0.departure_station_id,t1_0.distance_km,t1_0.estimated_duration_minutes,t1_0.price_per_km,t1_0.route_geo_json from trajets t1_0
Hibernate: select s1_0.id,s1_0.city,s1_0.downtown,s1_0.latitude,s1_0.longitude,s1_0.name,s1_0.surcharge from stations s1_0
2026-04-15T20:06:30.177+01:00 DEBUG 13592 --- [gestionUser] [nio-8081-exec-8] org.hibernate.SQL                        : select s1_0.id,s1_0.city,s1_0.downtown,s1_0.latitude,s1_0.longitude,s1_0.name,s1_0.surcharge from stations s1_0 where s1_0.id=?
Hibernate: select s1_0.id,s1_0.city,s1_0.downtown,s1_0.latitude,s1_0.longitude,s1_0.name,s1_0.surcharge from stations s1_0 where s1_0.id=?
2026-04-15T20:06:30.182+01:00 DEBUG 13592 --- [gestionUser] [nio-8081-exec-9] m.m.a.RequestResponseBodyMethodProcessor : Using 'application/json', given [application/json, text/plain, */*] and supported [application/json, application/*+json, application/yaml]
2026-04-15T20:06:30.182+01:00 DEBUG 13592 --- [gestionUser] [nio-8081-exec-8] org.hibernate.SQL                        : select s1_0.id,s1_0.city,s1_0.downtown,s1_0.latitude,s1_0.longitude,s1_0.name,s1_0.surcharge from stations s1_0 where s1_0.id=?
Hibernate: select s1_0.id,s1_0.city,s1_0.downtown,s1_0.latitude,s1_0.longitude,s1_0.name,s1_0.surcharge from stations s1_0 where s1_0.id=?
2026-04-15T20:06:30.184+01:00 DEBUG 13592 --- [gestionUser] [nio-8081-exec-9] m.m.a.RequestResponseBodyMethodProcessor : Writing [[StationDTO(id=5, name=Barcelone, city=kbeli, surcharge=3.0, downtown=true, latitude=0.0, longitude= (truncated)...]
2026-04-15T20:06:30.189+01:00 DEBUG 13592 --- [gestionUser] [nio-8081-exec-8] org.hibernate.SQL                        : select s1_0.id,s1_0.city,s1_0.downtown,s1_0.latitude,s1_0.longitude,s1_0.name,s1_0.surcharge from stations s1_0 where s1_0.id=?
Hibernate: select s1_0.id,s1_0.city,s1_0.downtown,s1_0.latitude,s1_0.longitude,s1_0.name,s1_0.surcharge from stations s1_0 where s1_0.id=?
2026-04-15T20:06:30.190+01:00 DEBUG 13592 --- [gestionUser] [nio-8081-exec-9] o.s.web.servlet.DispatcherServlet        : Completed 200 OK
2026-04-15T20:06:30.194+01:00 DEBUG 13592 --- [gestionUser] [nio-8081-exec-8] org.hibernate.SQL                        : select s1_0.id,s1_0.city,s1_0.downtown,s1_0.latitude,s1_0.longitude,s1_0.name,s1_0.surcharge from stations s1_0 where s1_0.id=?
Hibernate: select s1_0.id,s1_0.city,s1_0.downtown,s1_0.latitude,s1_0.longitude,s1_0.name,s1_0.surcharge from stations s1_0 where s1_0.id=?
2026-04-15T20:06:30.200+01:00 DEBUG 13592 --- [gestionUser] [nio-8081-exec-8] org.hibernate.SQL                        : select s1_0.id,s1_0.city,s1_0.downtown,s1_0.latitude,s1_0.longitude,s1_0.name,s1_0.surcharge from stations s1_0 where s1_0.id=?
Hibernate: select s1_0.id,s1_0.city,s1_0.downtown,s1_0.latitude,s1_0.longitude,s1_0.name,s1_0.surcharge from stations s1_0 where s1_0.id=?
2026-04-15T20:06:30.208+01:00 DEBUG 13592 --- [gestionUser] [nio-8081-exec-8] m.m.a.RequestResponseBodyMethodProcessor : Using 'application/json', given [application/json, text/plain, */*] and supported [application/json, application/*+json, application/yaml]
2026-04-15T20:06:30.209+01:00 DEBUG 13592 --- [gestionUser] [nio-8081-exec-8] m.m.a.RequestResponseBodyMethodProcessor : Writing [[TrajetDTO(id=2, departureStationId=5, departureStationName=Barcelone, arrivalStationId=6, arrivalSt (truncated)...]
2026-04-15T20:06:30.213+01:00 DEBUG 13592 --- [gestionUser] [nio-8081-exec-8] o.s.web.servlet.DispatcherServlet        : Completed 200 OK
2026-04-15T20:06:55.076+01:00 DEBUG 13592 --- [gestionUser] [io-8081-exec-10] o.s.security.web.FilterChainProxy        : Securing OPTIONS /api/profile/me
2026-04-15T20:06:55.086+01:00 DEBUG 13592 --- [gestionUser] [nio-8081-exec-4] o.s.security.web.FilterChainProxy        : Securing GET /api/profile/me
2026-04-15T20:06:55.088+01:00  INFO 13592 --- [gestionUser] [nio-8081-exec-4] t.e.s.baladna.user.security.JwtFilter    : Request to: /api/profile/me - Auth header: present
2026-04-15T20:06:55.090+01:00  INFO 13592 --- [gestionUser] [nio-8081-exec-4] t.e.s.baladna.user.security.JwtFilter    : Token extracted (length: 167)
2026-04-15T20:06:55.096+01:00  INFO 13592 --- [gestionUser] [nio-8081-exec-4] t.e.s.baladna.user.security.JwtFilter    : Email extracted from token: ahmedm12@gmail.com
2026-04-15T20:06:55.096+01:00 DEBUG 13592 --- [gestionUser] [nio-8081-exec-5] o.s.security.web.FilterChainProxy        : Securing OPTIONS /api/stations
2026-04-15T20:06:55.096+01:00 DEBUG 13592 --- [gestionUser] [nio-8081-exec-3] o.s.security.web.FilterChainProxy        : Securing OPTIONS /api/trajets
2026-04-15T20:06:55.099+01:00 DEBUG 13592 --- [gestionUser] [nio-8081-exec-4] org.hibernate.SQL                        : select u1_0.id,u1_0.email,u1_0.first_name,u1_0.last_login,u1_0.last_name,u1_0.password,u1_0.preferred_language,u1_0.profile_photo,u1_0.role,u1_0.status from user u1_0 where u1_0.email=?
Hibernate: select u1_0.id,u1_0.email,u1_0.first_name,u1_0.last_login,u1_0.last_name,u1_0.password,u1_0.preferred_language,u1_0.profile_photo,u1_0.role,u1_0.status from user u1_0 where u1_0.email=?
2026-04-15T20:06:55.103+01:00  INFO 13592 --- [gestionUser] [nio-8081-exec-4] t.e.s.baladna.user.security.JwtFilter    : User found: ahmedm12@gmail.com with role: HOST
2026-04-15T20:06:55.105+01:00  INFO 13592 --- [gestionUser] [nio-8081-exec-4] t.e.s.baladna.user.security.JwtFilter    : Setting authentication with role: ROLE_HOST
2026-04-15T20:06:55.106+01:00  INFO 13592 --- [gestionUser] [nio-8081-exec-4] t.e.s.baladna.user.security.JwtFilter    : Authentication set successfully
2026-04-15T20:06:55.107+01:00 DEBUG 13592 --- [gestionUser] [nio-8081-exec-7] o.s.security.web.FilterChainProxy        : Securing GET /api/trajets
2026-04-15T20:06:55.107+01:00 DEBUG 13592 --- [gestionUser] [nio-8081-exec-2] o.s.security.web.FilterChainProxy        : Securing GET /api/stations
2026-04-15T20:06:55.107+01:00 DEBUG 13592 --- [gestionUser] [nio-8081-exec-4] o.s.security.web.FilterChainProxy        : Secured GET /api/profile/me
2026-04-15T20:06:55.109+01:00  INFO 13592 --- [gestionUser] [nio-8081-exec-7] t.e.s.baladna.user.security.JwtFilter    : Request to: /api/trajets - Auth header: present
2026-04-15T20:06:55.109+01:00  INFO 13592 --- [gestionUser] [nio-8081-exec-2] t.e.s.baladna.user.security.JwtFilter    : Request to: /api/stations - Auth header: present
2026-04-15T20:06:55.110+01:00 DEBUG 13592 --- [gestionUser] [nio-8081-exec-4] o.s.web.servlet.DispatcherServlet        : GET "/api/profile/me", parameters={}
2026-04-15T20:06:55.110+01:00  INFO 13592 --- [gestionUser] [nio-8081-exec-7] t.e.s.baladna.user.security.JwtFilter    : Token extracted (length: 167)
2026-04-15T20:06:55.111+01:00  INFO 13592 --- [gestionUser] [nio-8081-exec-2] t.e.s.baladna.user.security.JwtFilter    : Token extracted (length: 167)
2026-04-15T20:06:55.112+01:00 DEBUG 13592 --- [gestionUser] [nio-8081-exec-4] s.w.s.m.m.a.RequestMappingHandlerMapping : Mapped to tn.esprit.spring.baladna.user.controller.UserController#getMyProfile(String)
2026-04-15T20:06:55.118+01:00  INFO 13592 --- [gestionUser] [nio-8081-exec-7] t.e.s.baladna.user.security.JwtFilter    : Email extracted from token: ahmedm12@gmail.com
2026-04-15T20:06:55.118+01:00  INFO 13592 --- [gestionUser] [nio-8081-exec-2] t.e.s.baladna.user.security.JwtFilter    : Email extracted from token: ahmedm12@gmail.com
2026-04-15T20:06:55.118+01:00 DEBUG 13592 --- [gestionUser] [nio-8081-exec-4] org.hibernate.SQL                        : select u1_0.id,u1_0.email,u1_0.first_name,u1_0.last_login,u1_0.last_name,u1_0.password,u1_0.preferred_language,u1_0.profile_photo,u1_0.role,u1_0.status from user u1_0 where u1_0.email=?
Hibernate: select u1_0.id,u1_0.email,u1_0.first_name,u1_0.last_login,u1_0.last_name,u1_0.password,u1_0.preferred_language,u1_0.profile_photo,u1_0.role,u1_0.status from user u1_0 where u1_0.email=?
2026-04-15T20:06:55.121+01:00 DEBUG 13592 --- [gestionUser] [nio-8081-exec-7] org.hibernate.SQL                        : select u1_0.id,u1_0.email,u1_0.first_name,u1_0.last_login,u1_0.last_name,u1_0.password,u1_0.preferred_language,u1_0.profile_photo,u1_0.role,u1_0.status from user u1_0 where u1_0.email=?
Hibernate: select u1_0.id,u1_0.email,u1_0.first_name,u1_0.last_login,u1_0.last_name,u1_0.password,u1_0.preferred_language,u1_0.profile_photo,u1_0.role,u1_0.status from user u1_0 where u1_0.email=?
2026-04-15T20:06:55.121+01:00 DEBUG 13592 --- [gestionUser] [nio-8081-exec-2] org.hibernate.SQL                        : select u1_0.id,u1_0.email,u1_0.first_name,u1_0.last_login,u1_0.last_name,u1_0.password,u1_0.preferred_language,u1_0.profile_photo,u1_0.role,u1_0.status from user u1_0 where u1_0.email=?
Hibernate: select u1_0.id,u1_0.email,u1_0.first_name,u1_0.last_login,u1_0.last_name,u1_0.password,u1_0.preferred_language,u1_0.profile_photo,u1_0.role,u1_0.status from user u1_0 where u1_0.email=?
2026-04-15T20:06:55.124+01:00 DEBUG 13592 --- [gestionUser] [nio-8081-exec-4] o.s.w.s.m.m.a.HttpEntityMethodProcessor  : Using 'application/json', given [application/json, text/plain, */*] and supported [application/json, application/*+json, application/yaml]
2026-04-15T20:06:55.126+01:00 DEBUG 13592 --- [gestionUser] [nio-8081-exec-4] o.s.w.s.m.m.a.HttpEntityMethodProcessor  : Writing [tn.esprit.spring.baladna.user.entity.User@362091a1]
2026-04-15T20:06:55.127+01:00  INFO 13592 --- [gestionUser] [nio-8081-exec-7] t.e.s.baladna.user.security.JwtFilter    : User found: ahmedm12@gmail.com with role: HOST
2026-04-15T20:06:55.128+01:00  INFO 13592 --- [gestionUser] [nio-8081-exec-7] t.e.s.baladna.user.security.JwtFilter    : Setting authentication with role: ROLE_HOST
2026-04-15T20:06:55.128+01:00  INFO 13592 --- [gestionUser] [nio-8081-exec-2] t.e.s.baladna.user.security.JwtFilter    : User found: ahmedm12@gmail.com with role: HOST
2026-04-15T20:06:55.129+01:00 DEBUG 13592 --- [gestionUser] [nio-8081-exec-4] o.s.web.servlet.DispatcherServlet        : Completed 200 OK
2026-04-15T20:06:55.129+01:00  INFO 13592 --- [gestionUser] [nio-8081-exec-7] t.e.s.baladna.user.security.JwtFilter    : Authentication set successfully
2026-04-15T20:06:55.131+01:00  INFO 13592 --- [gestionUser] [nio-8081-exec-2] t.e.s.baladna.user.security.JwtFilter    : Setting authentication with role: ROLE_HOST
2026-04-15T20:06:55.132+01:00 DEBUG 13592 --- [gestionUser] [nio-8081-exec-7] o.s.security.web.FilterChainProxy        : Secured GET /api/trajets
2026-04-15T20:06:55.134+01:00  INFO 13592 --- [gestionUser] [nio-8081-exec-2] t.e.s.baladna.user.security.JwtFilter    : Authentication set successfully
2026-04-15T20:06:55.135+01:00 DEBUG 13592 --- [gestionUser] [nio-8081-exec-7] o.s.web.servlet.DispatcherServlet        : GET "/api/trajets", parameters={}
2026-04-15T20:06:55.136+01:00 DEBUG 13592 --- [gestionUser] [nio-8081-exec-2] o.s.security.web.FilterChainProxy        : Secured GET /api/stations
2026-04-15T20:06:55.137+01:00 DEBUG 13592 --- [gestionUser] [nio-8081-exec-7] s.w.s.m.m.a.RequestMappingHandlerMapping : Mapped to tn.esprit.spring.baladna.transport.controller.TrajetController#getAllTrajets()
2026-04-15T20:06:55.138+01:00 DEBUG 13592 --- [gestionUser] [nio-8081-exec-2] o.s.web.servlet.DispatcherServlet        : GET "/api/stations", parameters={}
2026-04-15T20:06:55.140+01:00 DEBUG 13592 --- [gestionUser] [nio-8081-exec-2] s.w.s.m.m.a.RequestMappingHandlerMapping : Mapped to tn.esprit.spring.baladna.transport.controller.StationController#getAllStations()
2026-04-15T20:06:55.145+01:00 DEBUG 13592 --- [gestionUser] [nio-8081-exec-7] org.hibernate.SQL                        : select t1_0.id,t1_0.arrival_station_id,t1_0.departure_station_id,t1_0.distance_km,t1_0.estimated_duration_minutes,t1_0.price_per_km,t1_0.route_geo_json from trajets t1_0
Hibernate: select t1_0.id,t1_0.arrival_station_id,t1_0.departure_station_id,t1_0.distance_km,t1_0.estimated_duration_minutes,t1_0.price_per_km,t1_0.route_geo_json from trajets t1_0
2026-04-15T20:06:55.146+01:00 DEBUG 13592 --- [gestionUser] [nio-8081-exec-2] org.hibernate.SQL                        : select s1_0.id,s1_0.city,s1_0.downtown,s1_0.latitude,s1_0.longitude,s1_0.name,s1_0.surcharge from stations s1_0
Hibernate: select s1_0.id,s1_0.city,s1_0.downtown,s1_0.latitude,s1_0.longitude,s1_0.name,s1_0.surcharge from stations s1_0
2026-04-15T20:06:55.150+01:00 DEBUG 13592 --- [gestionUser] [nio-8081-exec-7] org.hibernate.SQL                        : select s1_0.id,s1_0.city,s1_0.downtown,s1_0.latitude,s1_0.longitude,s1_0.name,s1_0.surcharge from stations s1_0 where s1_0.id=?
Hibernate: select s1_0.id,s1_0.city,s1_0.downtown,s1_0.latitude,s1_0.longitude,s1_0.name,s1_0.surcharge from stations s1_0 where s1_0.id=?
2026-04-15T20:06:55.155+01:00 DEBUG 13592 --- [gestionUser] [nio-8081-exec-7] org.hibernate.SQL                        : select s1_0.id,s1_0.city,s1_0.downtown,s1_0.latitude,s1_0.longitude,s1_0.name,s1_0.surcharge from stations s1_0 where s1_0.id=?
Hibernate: select s1_0.id,s1_0.city,s1_0.downtown,s1_0.latitude,s1_0.longitude,s1_0.name,s1_0.surcharge from stations s1_0 where s1_0.id=?
2026-04-15T20:06:55.155+01:00 DEBUG 13592 --- [gestionUser] [nio-8081-exec-2] m.m.a.RequestResponseBodyMethodProcessor : Using 'application/json', given [application/json, text/plain, */*] and supported [application/json, application/*+json, application/yaml]
2026-04-15T20:06:55.159+01:00 DEBUG 13592 --- [gestionUser] [nio-8081-exec-2] m.m.a.RequestResponseBodyMethodProcessor : Writing [[StationDTO(id=5, name=Barcelone, city=kbeli, surcharge=3.0, downtown=true, latitude=0.0, longitude= (truncated)...]
2026-04-15T20:06:55.159+01:00 DEBUG 13592 --- [gestionUser] [nio-8081-exec-7] org.hibernate.SQL                        : select s1_0.id,s1_0.city,s1_0.downtown,s1_0.latitude,s1_0.longitude,s1_0.name,s1_0.surcharge from stations s1_0 where s1_0.id=?
Hibernate: select s1_0.id,s1_0.city,s1_0.downtown,s1_0.latitude,s1_0.longitude,s1_0.name,s1_0.surcharge from stations s1_0 where s1_0.id=?
2026-04-15T20:06:55.162+01:00 DEBUG 13592 --- [gestionUser] [nio-8081-exec-2] o.s.web.servlet.DispatcherServlet        : Completed 200 OK
2026-04-15T20:06:55.165+01:00 DEBUG 13592 --- [gestionUser] [nio-8081-exec-7] org.hibernate.SQL                        : select s1_0.id,s1_0.city,s1_0.downtown,s1_0.latitude,s1_0.longitude,s1_0.name,s1_0.surcharge from stations s1_0 where s1_0.id=?
Hibernate: select s1_0.id,s1_0.city,s1_0.downtown,s1_0.latitude,s1_0.longitude,s1_0.name,s1_0.surcharge from stations s1_0 where s1_0.id=?
2026-04-15T20:06:55.171+01:00 DEBUG 13592 --- [gestionUser] [nio-8081-exec-7] org.hibernate.SQL                        : select s1_0.id,s1_0.city,s1_0.downtown,s1_0.latitude,s1_0.longitude,s1_0.name,s1_0.surcharge from stations s1_0 where s1_0.id=?
Hibernate: select s1_0.id,s1_0.city,s1_0.downtown,s1_0.latitude,s1_0.longitude,s1_0.name,s1_0.surcharge from stations s1_0 where s1_0.id=?
2026-04-15T20:06:55.179+01:00 DEBUG 13592 --- [gestionUser] [nio-8081-exec-7] m.m.a.RequestResponseBodyMethodProcessor : Using 'application/json', given [application/json, text/plain, */*] and supported [application/json, application/*+json, application/yaml]
2026-04-15T20:06:55.182+01:00 DEBUG 13592 --- [gestionUser] [nio-8081-exec-7] m.m.a.RequestResponseBodyMethodProcessor : Writing [[TrajetDTO(id=2, departureStationId=5, departureStationName=Barcelone, arrivalStationId=6, arrivalSt (truncated)...]
2026-04-15T20:06:55.194+01:00 DEBUG 13592 --- [gestionUser] [nio-8081-exec-7] o.s.web.servlet.DispatcherServlet        : Completed 200 OK
2026-04-15T20:07:14.778+01:00 DEBUG 13592 --- [gestionUser] [nio-8081-exec-6] o.s.security.web.FilterChainProxy        : Securing OPTIONS /api/profile/me
2026-04-15T20:07:14.788+01:00 DEBUG 13592 --- [gestionUser] [nio-8081-exec-1] o.s.security.web.FilterChainProxy        : Securing GET /api/profile/me
2026-04-15T20:07:14.791+01:00  INFO 13592 --- [gestionUser] [nio-8081-exec-1] t.e.s.baladna.user.security.JwtFilter    : Request to: /api/profile/me - Auth header: present
2026-04-15T20:07:14.792+01:00  INFO 13592 --- [gestionUser] [nio-8081-exec-1] t.e.s.baladna.user.security.JwtFilter    : Token extracted (length: 167)
2026-04-15T20:07:14.798+01:00  INFO 13592 --- [gestionUser] [nio-8081-exec-1] t.e.s.baladna.user.security.JwtFilter    : Email extracted from token: ahmedm12@gmail.com
2026-04-15T20:07:14.802+01:00 DEBUG 13592 --- [gestionUser] [nio-8081-exec-1] org.hibernate.SQL                        : select u1_0.id,u1_0.email,u1_0.first_name,u1_0.last_login,u1_0.last_name,u1_0.password,u1_0.preferred_language,u1_0.profile_photo,u1_0.role,u1_0.status from user u1_0 where u1_0.email=?
Hibernate: select u1_0.id,u1_0.email,u1_0.first_name,u1_0.last_login,u1_0.last_name,u1_0.password,u1_0.preferred_language,u1_0.profile_photo,u1_0.role,u1_0.status from user u1_0 where u1_0.email=?
2026-04-15T20:07:14.807+01:00  INFO 13592 --- [gestionUser] [nio-8081-exec-1] t.e.s.baladna.user.security.JwtFilter    : User found: ahmedm12@gmail.com with role: HOST
2026-04-15T20:07:14.809+01:00  INFO 13592 --- [gestionUser] [nio-8081-exec-1] t.e.s.baladna.user.security.JwtFilter    : Setting authentication with role: ROLE_HOST
2026-04-15T20:07:14.810+01:00 DEBUG 13592 --- [gestionUser] [nio-8081-exec-9] o.s.security.web.FilterChainProxy        : Securing OPTIONS /api/stations
2026-04-15T20:07:14.810+01:00  INFO 13592 --- [gestionUser] [nio-8081-exec-1] t.e.s.baladna.user.security.JwtFilter    : Authentication set successfully
2026-04-15T20:07:14.810+01:00 DEBUG 13592 --- [gestionUser] [nio-8081-exec-8] o.s.security.web.FilterChainProxy        : Securing OPTIONS /api/trajets
2026-04-15T20:07:14.812+01:00 DEBUG 13592 --- [gestionUser] [nio-8081-exec-1] o.s.security.web.FilterChainProxy        : Secured GET /api/profile/me
2026-04-15T20:07:14.814+01:00 DEBUG 13592 --- [gestionUser] [nio-8081-exec-1] o.s.web.servlet.DispatcherServlet        : GET "/api/profile/me", parameters={}
2026-04-15T20:07:14.816+01:00 DEBUG 13592 --- [gestionUser] [nio-8081-exec-1] s.w.s.m.m.a.RequestMappingHandlerMapping : Mapped to tn.esprit.spring.baladna.user.controller.UserController#getMyProfile(String)
2026-04-15T20:07:14.821+01:00 DEBUG 13592 --- [gestionUser] [io-8081-exec-10] o.s.security.web.FilterChainProxy        : Securing GET /api/stations
2026-04-15T20:07:14.821+01:00 DEBUG 13592 --- [gestionUser] [nio-8081-exec-5] o.s.security.web.FilterChainProxy        : Securing GET /api/trajets
2026-04-15T20:07:14.821+01:00 DEBUG 13592 --- [gestionUser] [nio-8081-exec-1] org.hibernate.SQL                        : select u1_0.id,u1_0.email,u1_0.first_name,u1_0.last_login,u1_0.last_name,u1_0.password,u1_0.preferred_language,u1_0.profile_photo,u1_0.role,u1_0.status from user u1_0 where u1_0.email=?
Hibernate: select u1_0.id,u1_0.email,u1_0.first_name,u1_0.last_login,u1_0.last_name,u1_0.password,u1_0.preferred_language,u1_0.profile_photo,u1_0.role,u1_0.status from user u1_0 where u1_0.email=?
2026-04-15T20:07:14.823+01:00  INFO 13592 --- [gestionUser] [io-8081-exec-10] t.e.s.baladna.user.security.JwtFilter    : Request to: /api/stations - Auth header: present
2026-04-15T20:07:14.823+01:00  INFO 13592 --- [gestionUser] [nio-8081-exec-5] t.e.s.baladna.user.security.JwtFilter    : Request to: /api/trajets - Auth header: present
2026-04-15T20:07:14.824+01:00  INFO 13592 --- [gestionUser] [io-8081-exec-10] t.e.s.baladna.user.security.JwtFilter    : Token extracted (length: 167)
2026-04-15T20:07:14.824+01:00  INFO 13592 --- [gestionUser] [nio-8081-exec-5] t.e.s.baladna.user.security.JwtFilter    : Token extracted (length: 167)
2026-04-15T20:07:14.826+01:00 DEBUG 13592 --- [gestionUser] [nio-8081-exec-1] o.s.w.s.m.m.a.HttpEntityMethodProcessor  : Using 'application/json', given [application/json, text/plain, */*] and supported [application/json, application/*+json, application/yaml]
2026-04-15T20:07:14.829+01:00 DEBUG 13592 --- [gestionUser] [nio-8081-exec-1] o.s.w.s.m.m.a.HttpEntityMethodProcessor  : Writing [tn.esprit.spring.baladna.user.entity.User@29d4ce4]
2026-04-15T20:07:14.829+01:00  INFO 13592 --- [gestionUser] [io-8081-exec-10] t.e.s.baladna.user.security.JwtFilter    : Email extracted from token: ahmedm12@gmail.com
2026-04-15T20:07:14.830+01:00  INFO 13592 --- [gestionUser] [nio-8081-exec-5] t.e.s.baladna.user.security.JwtFilter    : Email extracted from token: ahmedm12@gmail.com
2026-04-15T20:07:14.832+01:00 DEBUG 13592 --- [gestionUser] [nio-8081-exec-1] o.s.web.servlet.DispatcherServlet        : Completed 200 OK
2026-04-15T20:07:14.832+01:00 DEBUG 13592 --- [gestionUser] [io-8081-exec-10] org.hibernate.SQL                        : select u1_0.id,u1_0.email,u1_0.first_name,u1_0.last_login,u1_0.last_name,u1_0.password,u1_0.preferred_language,u1_0.profile_photo,u1_0.role,u1_0.status from user u1_0 where u1_0.email=?
Hibernate: select u1_0.id,u1_0.email,u1_0.first_name,u1_0.last_login,u1_0.last_name,u1_0.password,u1_0.preferred_language,u1_0.profile_photo,u1_0.role,u1_0.status from user u1_0 where u1_0.email=?
2026-04-15T20:07:14.832+01:00 DEBUG 13592 --- [gestionUser] [nio-8081-exec-5] org.hibernate.SQL                        : select u1_0.id,u1_0.email,u1_0.first_name,u1_0.last_login,u1_0.last_name,u1_0.password,u1_0.preferred_language,u1_0.profile_photo,u1_0.role,u1_0.status from user u1_0 where u1_0.email=?
Hibernate: select u1_0.id,u1_0.email,u1_0.first_name,u1_0.last_login,u1_0.last_name,u1_0.password,u1_0.preferred_language,u1_0.profile_photo,u1_0.role,u1_0.status from user u1_0 where u1_0.email=?
2026-04-15T20:07:14.834+01:00  INFO 13592 --- [gestionUser] [io-8081-exec-10] t.e.s.baladna.user.security.JwtFilter    : User found: ahmedm12@gmail.com with role: HOST
2026-04-15T20:07:14.834+01:00  INFO 13592 --- [gestionUser] [io-8081-exec-10] t.e.s.baladna.user.security.JwtFilter    : Setting authentication with role: ROLE_HOST
2026-04-15T20:07:14.840+01:00  INFO 13592 --- [gestionUser] [nio-8081-exec-5] t.e.s.baladna.user.security.JwtFilter    : User found: ahmedm12@gmail.com with role: HOST
2026-04-15T20:07:14.840+01:00  INFO 13592 --- [gestionUser] [nio-8081-exec-5] t.e.s.baladna.user.security.JwtFilter    : Setting authentication with role: ROLE_HOST
2026-04-15T20:07:14.840+01:00  INFO 13592 --- [gestionUser] [io-8081-exec-10] t.e.s.baladna.user.security.JwtFilter    : Authentication set successfully
2026-04-15T20:07:14.842+01:00  INFO 13592 --- [gestionUser] [nio-8081-exec-5] t.e.s.baladna.user.security.JwtFilter    : Authentication set successfully
2026-04-15T20:07:14.842+01:00 DEBUG 13592 --- [gestionUser] [io-8081-exec-10] o.s.security.web.FilterChainProxy        : Secured GET /api/stations
2026-04-15T20:07:14.842+01:00 DEBUG 13592 --- [gestionUser] [nio-8081-exec-5] o.s.security.web.FilterChainProxy        : Secured GET /api/trajets
2026-04-15T20:07:14.844+01:00 DEBUG 13592 --- [gestionUser] [io-8081-exec-10] o.s.web.servlet.DispatcherServlet        : GET "/api/stations", parameters={}
2026-04-15T20:07:14.845+01:00 DEBUG 13592 --- [gestionUser] [nio-8081-exec-5] o.s.web.servlet.DispatcherServlet        : GET "/api/trajets", parameters={}
2026-04-15T20:07:14.846+01:00 DEBUG 13592 --- [gestionUser] [io-8081-exec-10] s.w.s.m.m.a.RequestMappingHandlerMapping : Mapped to tn.esprit.spring.baladna.transport.controller.StationController#getAllStations()
2026-04-15T20:07:14.846+01:00 DEBUG 13592 --- [gestionUser] [nio-8081-exec-5] s.w.s.m.m.a.RequestMappingHandlerMapping : Mapped to tn.esprit.spring.baladna.transport.controller.TrajetController#getAllTrajets()
2026-04-15T20:07:14.854+01:00 DEBUG 13592 --- [gestionUser] [io-8081-exec-10] org.hibernate.SQL                        : select s1_0.id,s1_0.city,s1_0.downtown,s1_0.latitude,s1_0.longitude,s1_0.name,s1_0.surcharge from stations s1_0
Hibernate: select s1_0.id,s1_0.city,s1_0.downtown,s1_0.latitude,s1_0.longitude,s1_0.name,s1_0.surcharge from stations s1_0
2026-04-15T20:07:14.854+01:00 DEBUG 13592 --- [gestionUser] [nio-8081-exec-5] org.hibernate.SQL                        : select t1_0.id,t1_0.arrival_station_id,t1_0.departure_station_id,t1_0.distance_km,t1_0.estimated_duration_minutes,t1_0.price_per_km,t1_0.route_geo_json from trajets t1_0
Hibernate: select t1_0.id,t1_0.arrival_station_id,t1_0.departure_station_id,t1_0.distance_km,t1_0.estimated_duration_minutes,t1_0.price_per_km,t1_0.route_geo_json from trajets t1_0
2026-04-15T20:07:14.860+01:00 DEBUG 13592 --- [gestionUser] [nio-8081-exec-5] org.hibernate.SQL                        : select s1_0.id,s1_0.city,s1_0.downtown,s1_0.latitude,s1_0.longitude,s1_0.name,s1_0.surcharge from stations s1_0 where s1_0.id=?
Hibernate: select s1_0.id,s1_0.city,s1_0.downtown,s1_0.latitude,s1_0.longitude,s1_0.name,s1_0.surcharge from stations s1_0 where s1_0.id=?
2026-04-15T20:07:14.862+01:00 DEBUG 13592 --- [gestionUser] [io-8081-exec-10] m.m.a.RequestResponseBodyMethodProcessor : Using 'application/json', given [application/json, text/plain, */*] and supported [application/json, application/*+json, application/yaml]
2026-04-15T20:07:14.864+01:00 DEBUG 13592 --- [gestionUser] [io-8081-exec-10] m.m.a.RequestResponseBodyMethodProcessor : Writing [[StationDTO(id=5, name=Barcelone, city=kbeli, surcharge=3.0, downtown=true, latitude=0.0, longitude= (truncated)...]
2026-04-15T20:07:14.864+01:00 DEBUG 13592 --- [gestionUser] [nio-8081-exec-5] org.hibernate.SQL                        : select s1_0.id,s1_0.city,s1_0.downtown,s1_0.latitude,s1_0.longitude,s1_0.name,s1_0.surcharge from stations s1_0 where s1_0.id=?
Hibernate: select s1_0.id,s1_0.city,s1_0.downtown,s1_0.latitude,s1_0.longitude,s1_0.name,s1_0.surcharge from stations s1_0 where s1_0.id=?
2026-04-15T20:07:14.867+01:00 DEBUG 13592 --- [gestionUser] [io-8081-exec-10] o.s.web.servlet.DispatcherServlet        : Completed 200 OK
2026-04-15T20:07:14.868+01:00 DEBUG 13592 --- [gestionUser] [nio-8081-exec-5] org.hibernate.SQL                        : select s1_0.id,s1_0.city,s1_0.downtown,s1_0.latitude,s1_0.longitude,s1_0.name,s1_0.surcharge from stations s1_0 where s1_0.id=?
Hibernate: select s1_0.id,s1_0.city,s1_0.downtown,s1_0.latitude,s1_0.longitude,s1_0.name,s1_0.surcharge from stations s1_0 where s1_0.id=?
2026-04-15T20:07:14.873+01:00 DEBUG 13592 --- [gestionUser] [nio-8081-exec-5] org.hibernate.SQL                        : select s1_0.id,s1_0.city,s1_0.downtown,s1_0.latitude,s1_0.longitude,s1_0.name,s1_0.surcharge from stations s1_0 where s1_0.id=?
Hibernate: select s1_0.id,s1_0.city,s1_0.downtown,s1_0.latitude,s1_0.longitude,s1_0.name,s1_0.surcharge from stations s1_0 where s1_0.id=?
2026-04-15T20:07:14.879+01:00 DEBUG 13592 --- [gestionUser] [nio-8081-exec-5] org.hibernate.SQL                        : select s1_0.id,s1_0.city,s1_0.downtown,s1_0.latitude,s1_0.longitude,s1_0.name,s1_0.surcharge from stations s1_0 where s1_0.id=?
Hibernate: select s1_0.id,s1_0.city,s1_0.downtown,s1_0.latitude,s1_0.longitude,s1_0.name,s1_0.surcharge from stations s1_0 where s1_0.id=?
2026-04-15T20:07:14.887+01:00 DEBUG 13592 --- [gestionUser] [nio-8081-exec-5] m.m.a.RequestResponseBodyMethodProcessor : Using 'application/json', given [application/json, text/plain, */*] and supported [application/json, application/*+json, application/yaml]
2026-04-15T20:07:14.890+01:00 DEBUG 13592 --- [gestionUser] [nio-8081-exec-5] m.m.a.RequestResponseBodyMethodProcessor : Writing [[TrajetDTO(id=2, departureStationId=5, departureStationName=Barcelone, arrivalStationId=6, arrivalSt (truncated)...]
2026-04-15T20:07:14.894+01:00 DEBUG 13592 --- [gestionUser] [nio-8081-exec-5] o.s.web.servlet.DispatcherServlet        : Completed 200 OK
2026-04-15T20:07:28.785+01:00 DEBUG 13592 --- [gestionUser] [nio-8081-exec-3] o.s.security.web.FilterChainProxy        : Securing OPTIONS /api/profile/me
2026-04-15T20:07:28.827+01:00 DEBUG 13592 --- [gestionUser] [nio-8081-exec-4] o.s.security.web.FilterChainProxy        : Securing GET /api/profile/me
2026-04-15T20:07:28.829+01:00  INFO 13592 --- [gestionUser] [nio-8081-exec-4] t.e.s.baladna.user.security.JwtFilter    : Request to: /api/profile/me - Auth header: present
2026-04-15T20:07:28.830+01:00  INFO 13592 --- [gestionUser] [nio-8081-exec-4] t.e.s.baladna.user.security.JwtFilter    : Token extracted (length: 167)
2026-04-15T20:07:28.836+01:00  INFO 13592 --- [gestionUser] [nio-8081-exec-4] t.e.s.baladna.user.security.JwtFilter    : Email extracted from token: ahmedm12@gmail.com
2026-04-15T20:07:28.840+01:00 DEBUG 13592 --- [gestionUser] [nio-8081-exec-4] org.hibernate.SQL                        : select u1_0.id,u1_0.email,u1_0.first_name,u1_0.last_login,u1_0.last_name,u1_0.password,u1_0.preferred_language,u1_0.profile_photo,u1_0.role,u1_0.status from user u1_0 where u1_0.email=?
Hibernate: select u1_0.id,u1_0.email,u1_0.first_name,u1_0.last_login,u1_0.last_name,u1_0.password,u1_0.preferred_language,u1_0.profile_photo,u1_0.role,u1_0.status from user u1_0 where u1_0.email=?
2026-04-15T20:07:28.846+01:00  INFO 13592 --- [gestionUser] [nio-8081-exec-4] t.e.s.baladna.user.security.JwtFilter    : User found: ahmedm12@gmail.com with role: HOST
2026-04-15T20:07:28.847+01:00  INFO 13592 --- [gestionUser] [nio-8081-exec-4] t.e.s.baladna.user.security.JwtFilter    : Setting authentication with role: ROLE_HOST
2026-04-15T20:07:28.848+01:00  INFO 13592 --- [gestionUser] [nio-8081-exec-4] t.e.s.baladna.user.security.JwtFilter    : Authentication set successfully
2026-04-15T20:07:28.849+01:00 DEBUG 13592 --- [gestionUser] [nio-8081-exec-4] o.s.security.web.FilterChainProxy        : Secured GET /api/profile/me
2026-04-15T20:07:28.850+01:00 DEBUG 13592 --- [gestionUser] [nio-8081-exec-4] o.s.web.servlet.DispatcherServlet        : GET "/api/profile/me", parameters={}
2026-04-15T20:07:28.852+01:00 DEBUG 13592 --- [gestionUser] [nio-8081-exec-4] s.w.s.m.m.a.RequestMappingHandlerMapping : Mapped to tn.esprit.spring.baladna.user.controller.UserController#getMyProfile(String)
2026-04-15T20:07:28.856+01:00 DEBUG 13592 --- [gestionUser] [nio-8081-exec-4] org.hibernate.SQL                        : select u1_0.id,u1_0.email,u1_0.first_name,u1_0.last_login,u1_0.last_name,u1_0.password,u1_0.preferred_language,u1_0.profile_photo,u1_0.role,u1_0.status from user u1_0 where u1_0.email=?
Hibernate: select u1_0.id,u1_0.email,u1_0.first_name,u1_0.last_login,u1_0.last_name,u1_0.password,u1_0.preferred_language,u1_0.profile_photo,u1_0.role,u1_0.status from user u1_0 where u1_0.email=?
2026-04-15T20:07:28.864+01:00 DEBUG 13592 --- [gestionUser] [nio-8081-exec-4] o.s.w.s.m.m.a.HttpEntityMethodProcessor  : Using 'application/json', given [application/json, text/plain, */*] and supported [application/json, application/*+json, application/yaml]
2026-04-15T20:07:28.866+01:00 DEBUG 13592 --- [gestionUser] [nio-8081-exec-4] o.s.w.s.m.m.a.HttpEntityMethodProcessor  : Writing [tn.esprit.spring.baladna.user.entity.User@2c380a81]
2026-04-15T20:07:28.869+01:00 DEBUG 13592 --- [gestionUser] [nio-8081-exec-4] o.s.web.servlet.DispatcherServlet        : Completed 200 OK
2026-04-15T20:07:28.885+01:00 DEBUG 13592 --- [gestionUser] [nio-8081-exec-2] o.s.security.web.FilterChainProxy        : Securing OPTIONS /api/stations
2026-04-15T20:07:28.915+01:00 DEBUG 13592 --- [gestionUser] [nio-8081-exec-7] o.s.security.web.FilterChainProxy        : Securing GET /api/stations
2026-04-15T20:07:28.917+01:00  INFO 13592 --- [gestionUser] [nio-8081-exec-7] t.e.s.baladna.user.security.JwtFilter    : Request to: /api/stations - Auth header: present
2026-04-15T20:07:28.918+01:00  INFO 13592 --- [gestionUser] [nio-8081-exec-7] t.e.s.baladna.user.security.JwtFilter    : Token extracted (length: 167)
2026-04-15T20:07:28.925+01:00  INFO 13592 --- [gestionUser] [nio-8081-exec-7] t.e.s.baladna.user.security.JwtFilter    : Email extracted from token: ahmedm12@gmail.com
2026-04-15T20:07:28.927+01:00 DEBUG 13592 --- [gestionUser] [nio-8081-exec-7] org.hibernate.SQL                        : select u1_0.id,u1_0.email,u1_0.first_name,u1_0.last_login,u1_0.last_name,u1_0.password,u1_0.preferred_language,u1_0.profile_photo,u1_0.role,u1_0.status from user u1_0 where u1_0.email=?
Hibernate: select u1_0.id,u1_0.email,u1_0.first_name,u1_0.last_login,u1_0.last_name,u1_0.password,u1_0.preferred_language,u1_0.profile_photo,u1_0.role,u1_0.status from user u1_0 where u1_0.email=?
2026-04-15T20:07:28.934+01:00  INFO 13592 --- [gestionUser] [nio-8081-exec-7] t.e.s.baladna.user.security.JwtFilter    : User found: ahmedm12@gmail.com with role: HOST
2026-04-15T20:07:28.935+01:00  INFO 13592 --- [gestionUser] [nio-8081-exec-7] t.e.s.baladna.user.security.JwtFilter    : Setting authentication with role: ROLE_HOST
2026-04-15T20:07:28.936+01:00  INFO 13592 --- [gestionUser] [nio-8081-exec-7] t.e.s.baladna.user.security.JwtFilter    : Authentication set successfully
2026-04-15T20:07:28.937+01:00 DEBUG 13592 --- [gestionUser] [nio-8081-exec-7] o.s.security.web.FilterChainProxy        : Secured GET /api/stations
2026-04-15T20:07:28.938+01:00 DEBUG 13592 --- [gestionUser] [nio-8081-exec-7] o.s.web.servlet.DispatcherServlet        : GET "/api/stations", parameters={}
2026-04-15T20:07:28.940+01:00 DEBUG 13592 --- [gestionUser] [nio-8081-exec-7] s.w.s.m.m.a.RequestMappingHandlerMapping : Mapped to tn.esprit.spring.baladna.transport.controller.StationController#getAllStations()
2026-04-15T20:07:28.946+01:00 DEBUG 13592 --- [gestionUser] [nio-8081-exec-7] org.hibernate.SQL                        : select s1_0.id,s1_0.city,s1_0.downtown,s1_0.latitude,s1_0.longitude,s1_0.name,s1_0.surcharge from stations s1_0
Hibernate: select s1_0.id,s1_0.city,s1_0.downtown,s1_0.latitude,s1_0.longitude,s1_0.name,s1_0.surcharge from stations s1_0
2026-04-15T20:07:28.955+01:00 DEBUG 13592 --- [gestionUser] [nio-8081-exec-7] m.m.a.RequestResponseBodyMethodProcessor : Using 'application/json', given [application/json, text/plain, */*] and supported [application/json, application/*+json, application/yaml]
2026-04-15T20:07:28.958+01:00 DEBUG 13592 --- [gestionUser] [nio-8081-exec-7] m.m.a.RequestResponseBodyMethodProcessor : Writing [[StationDTO(id=5, name=Barcelone, city=kbeli, surcharge=3.0, downtown=true, latitude=0.0, longitude= (truncated)...]
2026-04-15T20:07:28.962+01:00 DEBUG 13592 --- [gestionUser] [nio-8081-exec-7] o.s.web.servlet.DispatcherServlet        : Completed 200 OK
2026-04-15T20:08:38.863+01:00 DEBUG 13592 --- [gestionUser] [nio-8081-exec-1] o.s.security.web.FilterChainProxy        : Securing OPTIONS /api/stations
2026-04-15T20:08:38.878+01:00 DEBUG 13592 --- [gestionUser] [io-8081-exec-10] o.s.security.web.FilterChainProxy        : Securing GET /api/stations
2026-04-15T20:08:38.880+01:00  INFO 13592 --- [gestionUser] [io-8081-exec-10] t.e.s.baladna.user.security.JwtFilter    : Request to: /api/stations - Auth header: present
2026-04-15T20:08:38.881+01:00  INFO 13592 --- [gestionUser] [io-8081-exec-10] t.e.s.baladna.user.security.JwtFilter    : Token extracted (length: 167)
2026-04-15T20:08:38.888+01:00  INFO 13592 --- [gestionUser] [io-8081-exec-10] t.e.s.baladna.user.security.JwtFilter    : Email extracted from token: ahmedm12@gmail.com
2026-04-15T20:08:38.891+01:00 DEBUG 13592 --- [gestionUser] [io-8081-exec-10] org.hibernate.SQL                        : select u1_0.id,u1_0.email,u1_0.first_name,u1_0.last_login,u1_0.last_name,u1_0.password,u1_0.preferred_language,u1_0.profile_photo,u1_0.role,u1_0.status from user u1_0 where u1_0.email=?
Hibernate: select u1_0.id,u1_0.email,u1_0.first_name,u1_0.last_login,u1_0.last_name,u1_0.password,u1_0.preferred_language,u1_0.profile_photo,u1_0.role,u1_0.status from user u1_0 where u1_0.email=?
2026-04-15T20:08:38.895+01:00  INFO 13592 --- [gestionUser] [io-8081-exec-10] t.e.s.baladna.user.security.JwtFilter    : User found: ahmedm12@gmail.com with role: HOST
2026-04-15T20:08:38.897+01:00  INFO 13592 --- [gestionUser] [io-8081-exec-10] t.e.s.baladna.user.security.JwtFilter    : Setting authentication with role: ROLE_HOST
2026-04-15T20:08:38.898+01:00  INFO 13592 --- [gestionUser] [io-8081-exec-10] t.e.s.baladna.user.security.JwtFilter    : Authentication set successfully
2026-04-15T20:08:38.899+01:00 DEBUG 13592 --- [gestionUser] [io-8081-exec-10] o.s.security.web.FilterChainProxy        : Secured GET /api/stations
2026-04-15T20:08:38.901+01:00 DEBUG 13592 --- [gestionUser] [io-8081-exec-10] o.s.web.servlet.DispatcherServlet        : GET "/api/stations", parameters={}
2026-04-15T20:08:38.902+01:00 DEBUG 13592 --- [gestionUser] [io-8081-exec-10] s.w.s.m.m.a.RequestMappingHandlerMapping : Mapped to tn.esprit.spring.baladna.transport.controller.StationController#getAllStations()
2026-04-15T20:08:38.908+01:00 DEBUG 13592 --- [gestionUser] [io-8081-exec-10] org.hibernate.SQL                        : select s1_0.id,s1_0.city,s1_0.downtown,s1_0.latitude,s1_0.longitude,s1_0.name,s1_0.surcharge from stations s1_0
Hibernate: select s1_0.id,s1_0.city,s1_0.downtown,s1_0.latitude,s1_0.longitude,s1_0.name,s1_0.surcharge from stations s1_0
2026-04-15T20:08:38.917+01:00 DEBUG 13592 --- [gestionUser] [io-8081-exec-10] m.m.a.RequestResponseBodyMethodProcessor : Using 'application/json', given [application/json, text/plain, */*] and supported [application/json, application/*+json, application/yaml]
2026-04-15T20:08:38.921+01:00 DEBUG 13592 --- [gestionUser] [io-8081-exec-10] m.m.a.RequestResponseBodyMethodProcessor : Writing [[StationDTO(id=5, name=Barcelone, city=kbeli, surcharge=3.0, downtown=true, latitude=0.0, longitude= (truncated)...]
2026-04-15T20:08:38.923+01:00 DEBUG 13592 --- [gestionUser] [io-8081-exec-10] o.s.web.servlet.DispatcherServlet        : Completed 200 OK
2026-04-15T20:08:41.859+01:00 DEBUG 13592 --- [gestionUser] [nio-8081-exec-5] o.s.security.web.FilterChainProxy        : Securing OPTIONS /api/stations/reverse-geocode?lat=36.468095&lng=8.481445
2026-04-15T20:08:41.874+01:00 DEBUG 13592 --- [gestionUser] [nio-8081-exec-3] o.s.security.web.FilterChainProxy        : Securing GET /api/stations/reverse-geocode?lat=36.468095&lng=8.481445
2026-04-15T20:08:41.878+01:00  INFO 13592 --- [gestionUser] [nio-8081-exec-3] t.e.s.baladna.user.security.JwtFilter    : Request to: /api/stations/reverse-geocode - Auth header: present
2026-04-15T20:08:41.879+01:00  INFO 13592 --- [gestionUser] [nio-8081-exec-3] t.e.s.baladna.user.security.JwtFilter    : Token extracted (length: 167)
2026-04-15T20:08:41.885+01:00  INFO 13592 --- [gestionUser] [nio-8081-exec-3] t.e.s.baladna.user.security.JwtFilter    : Email extracted from token: ahmedm12@gmail.com
2026-04-15T20:08:41.888+01:00 DEBUG 13592 --- [gestionUser] [nio-8081-exec-3] org.hibernate.SQL                        : select u1_0.id,u1_0.email,u1_0.first_name,u1_0.last_login,u1_0.last_name,u1_0.password,u1_0.preferred_language,u1_0.profile_photo,u1_0.role,u1_0.status from user u1_0 where u1_0.email=?
Hibernate: select u1_0.id,u1_0.email,u1_0.first_name,u1_0.last_login,u1_0.last_name,u1_0.password,u1_0.preferred_language,u1_0.profile_photo,u1_0.role,u1_0.status from user u1_0 where u1_0.email=?
2026-04-15T20:08:41.894+01:00  INFO 13592 --- [gestionUser] [nio-8081-exec-3] t.e.s.baladna.user.security.JwtFilter    : User found: ahmedm12@gmail.com with role: HOST
2026-04-15T20:08:41.895+01:00  INFO 13592 --- [gestionUser] [nio-8081-exec-3] t.e.s.baladna.user.security.JwtFilter    : Setting authentication with role: ROLE_HOST
2026-04-15T20:08:41.896+01:00  INFO 13592 --- [gestionUser] [nio-8081-exec-3] t.e.s.baladna.user.security.JwtFilter    : Authentication set successfully
2026-04-15T20:08:41.898+01:00 DEBUG 13592 --- [gestionUser] [nio-8081-exec-3] o.s.security.web.FilterChainProxy        : Secured GET /api/stations/reverse-geocode?lat=36.468095&lng=8.481445
2026-04-15T20:08:41.899+01:00 DEBUG 13592 --- [gestionUser] [nio-8081-exec-3] o.s.web.servlet.DispatcherServlet        : GET "/api/stations/reverse-geocode?lat=36.468095&lng=8.481445", parameters={masked}
2026-04-15T20:08:41.900+01:00 DEBUG 13592 --- [gestionUser] [nio-8081-exec-3] s.w.s.m.m.a.RequestMappingHandlerMapping : Mapped to tn.esprit.spring.baladna.transport.controller.StationController#reverseGeocodeLocation(Double, Double)
2026-04-15T20:08:41.905+01:00 DEBUG 13592 --- [gestionUser] [nio-8081-exec-3] o.s.web.client.RestTemplate              : HTTP GET https://nominatim.openstreetmap.org/reverse?lat=36.468095&lon=8.481445&format=jsonv2&addressdetails=1&zoom=16
2026-04-15T20:08:41.906+01:00 DEBUG 13592 --- [gestionUser] [nio-8081-exec-3] o.s.web.client.RestTemplate              : Accept=[text/plain, application/json, application/yaml, application/*+json, */*]
2026-04-15T20:08:42.430+01:00 DEBUG 13592 --- [gestionUser] [nio-8081-exec-3] o.s.web.client.RestTemplate              : Response 200 OK
2026-04-15T20:08:42.430+01:00 DEBUG 13592 --- [gestionUser] [nio-8081-exec-3] o.s.web.client.RestTemplate              : Reading to [java.lang.String] as "application/json;charset=utf-8"
2026-04-15T20:08:42.442+01:00 DEBUG 13592 --- [gestionUser] [nio-8081-exec-3] o.s.w.s.m.m.a.HttpEntityMethodProcessor  : Using 'application/json', given [application/json, text/plain, */*] and supported [application/json, application/*+json, application/yaml]
2026-04-15T20:08:42.442+01:00 DEBUG 13592 --- [gestionUser] [nio-8081-exec-3] o.s.w.s.m.m.a.HttpEntityMethodProcessor  : Writing [GeoLocationDTO(name=Eddaoura, Délégation Ghardimaou, Gouvernorat Jendouba, 8160, Tunisie, city=Eddao (truncated)...]
2026-04-15T20:08:42.447+01:00 DEBUG 13592 --- [gestionUser] [nio-8081-exec-3] o.s.web.servlet.DispatcherServlet        : Completed 200 OK
2026-04-15T20:08:50.316+01:00 DEBUG 13592 --- [gestionUser] [nio-8081-exec-4] o.s.security.web.FilterChainProxy        : Securing OPTIONS /api/stations/reverse-geocode?lat=36.47232&lng=8.472562
2026-04-15T20:08:50.328+01:00 DEBUG 13592 --- [gestionUser] [nio-8081-exec-2] o.s.security.web.FilterChainProxy        : Securing GET /api/stations/reverse-geocode?lat=36.47232&lng=8.472562
2026-04-15T20:08:50.330+01:00  INFO 13592 --- [gestionUser] [nio-8081-exec-2] t.e.s.baladna.user.security.JwtFilter    : Request to: /api/stations/reverse-geocode - Auth header: present
2026-04-15T20:08:50.332+01:00  INFO 13592 --- [gestionUser] [nio-8081-exec-2] t.e.s.baladna.user.security.JwtFilter    : Token extracted (length: 167)
2026-04-15T20:08:50.337+01:00  INFO 13592 --- [gestionUser] [nio-8081-exec-2] t.e.s.baladna.user.security.JwtFilter    : Email extracted from token: ahmedm12@gmail.com
2026-04-15T20:08:50.341+01:00 DEBUG 13592 --- [gestionUser] [nio-8081-exec-2] org.hibernate.SQL                        : select u1_0.id,u1_0.email,u1_0.first_name,u1_0.last_login,u1_0.last_name,u1_0.password,u1_0.preferred_language,u1_0.profile_photo,u1_0.role,u1_0.status from user u1_0 where u1_0.email=?
Hibernate: select u1_0.id,u1_0.email,u1_0.first_name,u1_0.last_login,u1_0.last_name,u1_0.password,u1_0.preferred_language,u1_0.profile_photo,u1_0.role,u1_0.status from user u1_0 where u1_0.email=?
2026-04-15T20:08:50.347+01:00  INFO 13592 --- [gestionUser] [nio-8081-exec-2] t.e.s.baladna.user.security.JwtFilter    : User found: ahmedm12@gmail.com with role: HOST
2026-04-15T20:08:50.348+01:00  INFO 13592 --- [gestionUser] [nio-8081-exec-2] t.e.s.baladna.user.security.JwtFilter    : Setting authentication with role: ROLE_HOST
2026-04-15T20:08:50.348+01:00  INFO 13592 --- [gestionUser] [nio-8081-exec-2] t.e.s.baladna.user.security.JwtFilter    : Authentication set successfully
2026-04-15T20:08:50.348+01:00 DEBUG 13592 --- [gestionUser] [nio-8081-exec-2] o.s.security.web.FilterChainProxy        : Secured GET /api/stations/reverse-geocode?lat=36.47232&lng=8.472562
2026-04-15T20:08:50.351+01:00 DEBUG 13592 --- [gestionUser] [nio-8081-exec-2] o.s.web.servlet.DispatcherServlet        : GET "/api/stations/reverse-geocode?lat=36.47232&lng=8.472562", parameters={masked}
2026-04-15T20:08:50.351+01:00 DEBUG 13592 --- [gestionUser] [nio-8081-exec-2] s.w.s.m.m.a.RequestMappingHandlerMapping : Mapped to tn.esprit.spring.baladna.transport.controller.StationController#reverseGeocodeLocation(Double, Double)
2026-04-15T20:08:50.356+01:00 DEBUG 13592 --- [gestionUser] [nio-8081-exec-2] o.s.web.client.RestTemplate              : HTTP GET https://nominatim.openstreetmap.org/reverse?lat=36.47232&lon=8.472562&format=jsonv2&addressdetails=1&zoom=16
2026-04-15T20:08:50.359+01:00 DEBUG 13592 --- [gestionUser] [nio-8081-exec-2] o.s.web.client.RestTemplate              : Accept=[text/plain, application/json, application/yaml, application/*+json, */*]
2026-04-15T20:08:50.913+01:00 DEBUG 13592 --- [gestionUser] [nio-8081-exec-2] o.s.web.client.RestTemplate              : Response 200 OK
2026-04-15T20:08:50.916+01:00 DEBUG 13592 --- [gestionUser] [nio-8081-exec-2] o.s.web.client.RestTemplate              : Reading to [java.lang.String] as "application/json;charset=utf-8"
2026-04-15T20:08:50.923+01:00 DEBUG 13592 --- [gestionUser] [nio-8081-exec-2] o.s.w.s.m.m.a.HttpEntityMethodProcessor  : Using 'application/json', given [application/json, text/plain, */*] and supported [application/json, application/*+json, application/yaml]
2026-04-15T20:08:50.925+01:00 DEBUG 13592 --- [gestionUser] [nio-8081-exec-2] o.s.w.s.m.m.a.HttpEntityMethodProcessor  : Writing [GeoLocationDTO(name=Eddaoura, Délégation Ghardimaou, Gouvernorat Jendouba, 8160, Tunisie, city=Eddao (truncated)...]
2026-04-15T20:08:50.928+01:00 DEBUG 13592 --- [gestionUser] [nio-8081-exec-2] o.s.web.servlet.DispatcherServlet        : Completed 200 OK
2026-04-15T20:09:03.963+01:00 DEBUG 13592 --- [gestionUser] [nio-8081-exec-7] o.s.security.web.FilterChainProxy        : Securing OPTIONS /api/stations/reverse-geocode?lat=36.435981&lng=8.344116
2026-04-15T20:09:03.971+01:00 DEBUG 13592 --- [gestionUser] [nio-8081-exec-6] o.s.security.web.FilterChainProxy        : Securing GET /api/stations/reverse-geocode?lat=36.435981&lng=8.344116
2026-04-15T20:09:03.973+01:00  INFO 13592 --- [gestionUser] [nio-8081-exec-6] t.e.s.baladna.user.security.JwtFilter    : Request to: /api/stations/reverse-geocode - Auth header: present
2026-04-15T20:09:03.973+01:00  INFO 13592 --- [gestionUser] [nio-8081-exec-6] t.e.s.baladna.user.security.JwtFilter    : Token extracted (length: 167)
2026-04-15T20:09:03.979+01:00  INFO 13592 --- [gestionUser] [nio-8081-exec-6] t.e.s.baladna.user.security.JwtFilter    : Email extracted from token: ahmedm12@gmail.com
2026-04-15T20:09:03.983+01:00 DEBUG 13592 --- [gestionUser] [nio-8081-exec-6] org.hibernate.SQL                        : select u1_0.id,u1_0.email,u1_0.first_name,u1_0.last_login,u1_0.last_name,u1_0.password,u1_0.preferred_language,u1_0.profile_photo,u1_0.role,u1_0.status from user u1_0 where u1_0.email=?
Hibernate: select u1_0.id,u1_0.email,u1_0.first_name,u1_0.last_login,u1_0.last_name,u1_0.password,u1_0.preferred_language,u1_0.profile_photo,u1_0.role,u1_0.status from user u1_0 where u1_0.email=?
2026-04-15T20:09:03.990+01:00  INFO 13592 --- [gestionUser] [nio-8081-exec-6] t.e.s.baladna.user.security.JwtFilter    : User found: ahmedm12@gmail.com with role: HOST
2026-04-15T20:09:03.991+01:00  INFO 13592 --- [gestionUser] [nio-8081-exec-6] t.e.s.baladna.user.security.JwtFilter    : Setting authentication with role: ROLE_HOST
2026-04-15T20:09:03.992+01:00  INFO 13592 --- [gestionUser] [nio-8081-exec-6] t.e.s.baladna.user.security.JwtFilter    : Authentication set successfully
2026-04-15T20:09:03.993+01:00 DEBUG 13592 --- [gestionUser] [nio-8081-exec-6] o.s.security.web.FilterChainProxy        : Secured GET /api/stations/reverse-geocode?lat=36.435981&lng=8.344116
2026-04-15T20:09:03.996+01:00 DEBUG 13592 --- [gestionUser] [nio-8081-exec-6] o.s.web.servlet.DispatcherServlet        : GET "/api/stations/reverse-geocode?lat=36.435981&lng=8.344116", parameters={masked}
2026-04-15T20:09:03.996+01:00 DEBUG 13592 --- [gestionUser] [nio-8081-exec-6] s.w.s.m.m.a.RequestMappingHandlerMapping : Mapped to tn.esprit.spring.baladna.transport.controller.StationController#reverseGeocodeLocation(Double, Double)
2026-04-15T20:09:04.002+01:00 DEBUG 13592 --- [gestionUser] [nio-8081-exec-6] o.s.web.client.RestTemplate              : HTTP GET https://nominatim.openstreetmap.org/reverse?lat=36.435981&lon=8.344116&format=jsonv2&addressdetails=1&zoom=16
2026-04-15T20:09:04.002+01:00 DEBUG 13592 --- [gestionUser] [nio-8081-exec-6] o.s.web.client.RestTemplate              : Accept=[text/plain, application/json, application/yaml, application/*+json, */*]
2026-04-15T20:09:04.390+01:00 DEBUG 13592 --- [gestionUser] [nio-8081-exec-6] o.s.web.client.RestTemplate              : Response 200 OK
2026-04-15T20:09:04.413+01:00 DEBUG 13592 --- [gestionUser] [nio-8081-exec-6] o.s.web.client.RestTemplate              : Reading to [java.lang.String] as "application/json;charset=utf-8"
2026-04-15T20:09:04.417+01:00 DEBUG 13592 --- [gestionUser] [nio-8081-exec-6] o.s.w.s.m.m.a.HttpEntityMethodProcessor  : Using 'application/json', given [application/json, text/plain, */*] and supported [application/json, application/*+json, application/yaml]
2026-04-15T20:09:04.419+01:00 DEBUG 13592 --- [gestionUser] [nio-8081-exec-6] o.s.w.s.m.m.a.HttpEntityMethodProcessor  : Writing [GeoLocationDTO(name=Errakha, city=Errakha, displayName=Errakha, Délégation Ghardimaou, Gouvernorat J (truncated)...]
2026-04-15T20:09:04.422+01:00 DEBUG 13592 --- [gestionUser] [nio-8081-exec-6] o.s.web.servlet.DispatcherServlet        : Completed 200 OK
2026-04-15T20:09:05.423+01:00 DEBUG 13592 --- [gestionUser] [nio-8081-exec-9] o.s.security.web.FilterChainProxy        : Securing OPTIONS /api/stations
2026-04-15T20:09:05.432+01:00 DEBUG 13592 --- [gestionUser] [nio-8081-exec-8] o.s.security.web.FilterChainProxy        : Securing POST /api/stations
2026-04-15T20:09:05.435+01:00  INFO 13592 --- [gestionUser] [nio-8081-exec-8] t.e.s.baladna.user.security.JwtFilter    : Request to: /api/stations - Auth header: present
2026-04-15T20:09:05.436+01:00  INFO 13592 --- [gestionUser] [nio-8081-exec-8] t.e.s.baladna.user.security.JwtFilter    : Token extracted (length: 167)
2026-04-15T20:09:05.441+01:00  INFO 13592 --- [gestionUser] [nio-8081-exec-8] t.e.s.baladna.user.security.JwtFilter    : Email extracted from token: ahmedm12@gmail.com
2026-04-15T20:09:05.444+01:00 DEBUG 13592 --- [gestionUser] [nio-8081-exec-8] org.hibernate.SQL                        : select u1_0.id,u1_0.email,u1_0.first_name,u1_0.last_login,u1_0.last_name,u1_0.password,u1_0.preferred_language,u1_0.profile_photo,u1_0.role,u1_0.status from user u1_0 where u1_0.email=?
Hibernate: select u1_0.id,u1_0.email,u1_0.first_name,u1_0.last_login,u1_0.last_name,u1_0.password,u1_0.preferred_language,u1_0.profile_photo,u1_0.role,u1_0.status from user u1_0 where u1_0.email=?
2026-04-15T20:09:05.450+01:00  INFO 13592 --- [gestionUser] [nio-8081-exec-8] t.e.s.baladna.user.security.JwtFilter    : User found: ahmedm12@gmail.com with role: HOST
2026-04-15T20:09:05.450+01:00  INFO 13592 --- [gestionUser] [nio-8081-exec-8] t.e.s.baladna.user.security.JwtFilter    : Setting authentication with role: ROLE_HOST
2026-04-15T20:09:05.452+01:00  INFO 13592 --- [gestionUser] [nio-8081-exec-8] t.e.s.baladna.user.security.JwtFilter    : Authentication set successfully
2026-04-15T20:09:05.452+01:00 DEBUG 13592 --- [gestionUser] [nio-8081-exec-8] o.s.security.web.FilterChainProxy        : Secured POST /api/stations
2026-04-15T20:09:05.453+01:00 DEBUG 13592 --- [gestionUser] [nio-8081-exec-8] o.s.web.servlet.DispatcherServlet        : POST "/api/stations", parameters={}
2026-04-15T20:09:05.454+01:00 DEBUG 13592 --- [gestionUser] [nio-8081-exec-8] s.w.s.m.m.a.RequestMappingHandlerMapping : Mapped to tn.esprit.spring.baladna.transport.controller.StationController#createStation(StationDTO)
2026-04-15T20:09:05.458+01:00 DEBUG 13592 --- [gestionUser] [nio-8081-exec-8] m.m.a.RequestResponseBodyMethodProcessor : Read "application/json;charset=UTF-8" to [StationDTO(id=null, name=Eddaoura, Délégation Ghardimaou, Gouvernorat Jendouba, 8160, Tunisie, city= (truncated)...]
2026-04-15T20:09:05.462+01:00 DEBUG 13592 --- [gestionUser] [nio-8081-exec-8] org.hibernate.SQL                        : select s1_0.id from stations s1_0 where s1_0.name=? and s1_0.city=? limit ?
Hibernate: select s1_0.id from stations s1_0 where s1_0.name=? and s1_0.city=? limit ?
2026-04-15T20:09:05.470+01:00 DEBUG 13592 --- [gestionUser] [nio-8081-exec-8] org.hibernate.SQL                        : insert into stations (city,downtown,latitude,longitude,name,surcharge) values (?,?,?,?,?,?)
Hibernate: insert into stations (city,downtown,latitude,longitude,name,surcharge) values (?,?,?,?,?,?)
2026-04-15T20:09:05.484+01:00 DEBUG 13592 --- [gestionUser] [nio-8081-exec-8] o.s.w.s.m.m.a.HttpEntityMethodProcessor  : Using 'application/json', given [application/json, text/plain, */*] and supported [application/json, application/*+json, application/yaml]
2026-04-15T20:09:05.486+01:00 DEBUG 13592 --- [gestionUser] [nio-8081-exec-8] o.s.w.s.m.m.a.HttpEntityMethodProcessor  : Writing [StationDTO(id=54, name=Eddaoura, Délégation Ghardimaou, Gouvernorat Jendouba, 8160, Tunisie, city=Er (truncated)...]
2026-04-15T20:09:05.489+01:00 DEBUG 13592 --- [gestionUser] [nio-8081-exec-8] o.s.web.servlet.DispatcherServlet        : Completed 200 OK
2026-04-15T20:09:05.505+01:00 DEBUG 13592 --- [gestionUser] [nio-8081-exec-1] o.s.security.web.FilterChainProxy        : Securing GET /api/stations
2026-04-15T20:09:05.507+01:00  INFO 13592 --- [gestionUser] [nio-8081-exec-1] t.e.s.baladna.user.security.JwtFilter    : Request to: /api/stations - Auth header: present
2026-04-15T20:09:05.510+01:00  INFO 13592 --- [gestionUser] [nio-8081-exec-1] t.e.s.baladna.user.security.JwtFilter    : Token extracted (length: 167)
2026-04-15T20:09:05.515+01:00  INFO 13592 --- [gestionUser] [nio-8081-exec-1] t.e.s.baladna.user.security.JwtFilter    : Email extracted from token: ahmedm12@gmail.com
2026-04-15T20:09:05.517+01:00 DEBUG 13592 --- [gestionUser] [nio-8081-exec-1] org.hibernate.SQL                        : select u1_0.id,u1_0.email,u1_0.first_name,u1_0.last_login,u1_0.last_name,u1_0.password,u1_0.preferred_language,u1_0.profile_photo,u1_0.role,u1_0.status from user u1_0 where u1_0.email=?
Hibernate: select u1_0.id,u1_0.email,u1_0.first_name,u1_0.last_login,u1_0.last_name,u1_0.password,u1_0.preferred_language,u1_0.profile_photo,u1_0.role,u1_0.status from user u1_0 where u1_0.email=?
2026-04-15T20:09:05.522+01:00  INFO 13592 --- [gestionUser] [nio-8081-exec-1] t.e.s.baladna.user.security.JwtFilter    : User found: ahmedm12@gmail.com with role: HOST
2026-04-15T20:09:05.523+01:00  INFO 13592 --- [gestionUser] [nio-8081-exec-1] t.e.s.baladna.user.security.JwtFilter    : Setting authentication with role: ROLE_HOST
2026-04-15T20:09:05.523+01:00  INFO 13592 --- [gestionUser] [nio-8081-exec-1] t.e.s.baladna.user.security.JwtFilter    : Authentication set successfully
2026-04-15T20:09:05.525+01:00 DEBUG 13592 --- [gestionUser] [nio-8081-exec-1] o.s.security.web.FilterChainProxy        : Secured GET /api/stations
2026-04-15T20:09:05.527+01:00 DEBUG 13592 --- [gestionUser] [nio-8081-exec-1] o.s.web.servlet.DispatcherServlet        : GET "/api/stations", parameters={}
2026-04-15T20:09:05.529+01:00 DEBUG 13592 --- [gestionUser] [nio-8081-exec-1] s.w.s.m.m.a.RequestMappingHandlerMapping : Mapped to tn.esprit.spring.baladna.transport.controller.StationController#getAllStations()
2026-04-15T20:09:05.536+01:00 DEBUG 13592 --- [gestionUser] [nio-8081-exec-1] org.hibernate.SQL                        : select s1_0.id,s1_0.city,s1_0.downtown,s1_0.latitude,s1_0.longitude,s1_0.name,s1_0.surcharge from stations s1_0
Hibernate: select s1_0.id,s1_0.city,s1_0.downtown,s1_0.latitude,s1_0.longitude,s1_0.name,s1_0.surcharge from stations s1_0
2026-04-15T20:09:05.543+01:00 DEBUG 13592 --- [gestionUser] [nio-8081-exec-1] m.m.a.RequestResponseBodyMethodProcessor : Using 'application/json', given [application/json, text/plain, */*] and supported [application/json, application/*+json, application/yaml]
2026-04-15T20:09:05.545+01:00 DEBUG 13592 --- [gestionUser] [nio-8081-exec-1] m.m.a.RequestResponseBodyMethodProcessor : Writing [[StationDTO(id=5, name=Barcelone, city=kbeli, surcharge=3.0, downtown=true, latitude=0.0, longitude= (truncated)...]
2026-04-15T20:09:05.549+01:00 DEBUG 13592 --- [gestionUser] [nio-8081-exec-1] o.s.web.servlet.DispatcherServlet        : Completed 200 OK
2026-04-15T20:09:10.269+01:00 DEBUG 13592 --- [gestionUser] [io-8081-exec-10] o.s.security.web.FilterChainProxy        : Securing OPTIONS /api/stations/reverse-geocode?lat=36.742968&lng=9.277954
2026-04-15T20:09:10.291+01:00 DEBUG 13592 --- [gestionUser] [nio-8081-exec-5] o.s.security.web.FilterChainProxy        : Securing GET /api/stations/reverse-geocode?lat=36.742968&lng=9.277954
2026-04-15T20:09:10.292+01:00  INFO 13592 --- [gestionUser] [nio-8081-exec-5] t.e.s.baladna.user.security.JwtFilter    : Request to: /api/stations/reverse-geocode - Auth header: present
2026-04-15T20:09:10.294+01:00  INFO 13592 --- [gestionUser] [nio-8081-exec-5] t.e.s.baladna.user.security.JwtFilter    : Token extracted (length: 167)
2026-04-15T20:09:10.298+01:00  INFO 13592 --- [gestionUser] [nio-8081-exec-5] t.e.s.baladna.user.security.JwtFilter    : Email extracted from token: ahmedm12@gmail.com
2026-04-15T20:09:10.302+01:00 DEBUG 13592 --- [gestionUser] [nio-8081-exec-5] org.hibernate.SQL                        : select u1_0.id,u1_0.email,u1_0.first_name,u1_0.last_login,u1_0.last_name,u1_0.password,u1_0.preferred_language,u1_0.profile_photo,u1_0.role,u1_0.status from user u1_0 where u1_0.email=?
Hibernate: select u1_0.id,u1_0.email,u1_0.first_name,u1_0.last_login,u1_0.last_name,u1_0.password,u1_0.preferred_language,u1_0.profile_photo,u1_0.role,u1_0.status from user u1_0 where u1_0.email=?
2026-04-15T20:09:10.307+01:00  INFO 13592 --- [gestionUser] [nio-8081-exec-5] t.e.s.baladna.user.security.JwtFilter    : User found: ahmedm12@gmail.com with role: HOST
2026-04-15T20:09:10.307+01:00  INFO 13592 --- [gestionUser] [nio-8081-exec-5] t.e.s.baladna.user.security.JwtFilter    : Setting authentication with role: ROLE_HOST
2026-04-15T20:09:10.310+01:00  INFO 13592 --- [gestionUser] [nio-8081-exec-5] t.e.s.baladna.user.security.JwtFilter    : Authentication set successfully
2026-04-15T20:09:10.312+01:00 DEBUG 13592 --- [gestionUser] [nio-8081-exec-5] o.s.security.web.FilterChainProxy        : Secured GET /api/stations/reverse-geocode?lat=36.742968&lng=9.277954
2026-04-15T20:09:10.312+01:00 DEBUG 13592 --- [gestionUser] [nio-8081-exec-5] o.s.web.servlet.DispatcherServlet        : GET "/api/stations/reverse-geocode?lat=36.742968&lng=9.277954", parameters={masked}
2026-04-15T20:09:10.315+01:00 DEBUG 13592 --- [gestionUser] [nio-8081-exec-5] s.w.s.m.m.a.RequestMappingHandlerMapping : Mapped to tn.esprit.spring.baladna.transport.controller.StationController#reverseGeocodeLocation(Double, Double)
2026-04-15T20:09:10.317+01:00 DEBUG 13592 --- [gestionUser] [nio-8081-exec-5] o.s.web.client.RestTemplate              : HTTP GET https://nominatim.openstreetmap.org/reverse?lat=36.742968&lon=9.277954&format=jsonv2&addressdetails=1&zoom=16
2026-04-15T20:09:10.317+01:00 DEBUG 13592 --- [gestionUser] [nio-8081-exec-5] o.s.web.client.RestTemplate              : Accept=[text/plain, application/json, application/yaml, application/*+json, */*]
2026-04-15T20:09:10.728+01:00 DEBUG 13592 --- [gestionUser] [nio-8081-exec-5] o.s.web.client.RestTemplate              : Response 200 OK
2026-04-15T20:09:10.738+01:00 DEBUG 13592 --- [gestionUser] [nio-8081-exec-5] o.s.web.client.RestTemplate              : Reading to [java.lang.String] as "application/json;charset=utf-8"
2026-04-15T20:09:10.743+01:00 DEBUG 13592 --- [gestionUser] [nio-8081-exec-5] o.s.w.s.m.m.a.HttpEntityMethodProcessor  : Using 'application/json', given [application/json, text/plain, */*] and supported [application/json, application/*+json, application/yaml]
2026-04-15T20:09:10.744+01:00 DEBUG 13592 --- [gestionUser] [nio-8081-exec-5] o.s.w.s.m.m.a.HttpEntityMethodProcessor  : Writing [GeoLocationDTO(name=El Monchar, El Mounchar, Délégation Béja Nord, Gouvernorat Béja, Tunisie, city=E (truncated)...]
2026-04-15T20:09:10.745+01:00 DEBUG 13592 --- [gestionUser] [nio-8081-exec-5] o.s.web.servlet.DispatcherServlet        : Completed 200 OK
2026-04-15T20:09:11.616+01:00 DEBUG 13592 --- [gestionUser] [nio-8081-exec-3] o.s.security.web.FilterChainProxy        : Securing OPTIONS /api/stations
2026-04-15T20:09:11.633+01:00 DEBUG 13592 --- [gestionUser] [nio-8081-exec-4] o.s.security.web.FilterChainProxy        : Securing POST /api/stations
2026-04-15T20:09:11.635+01:00  INFO 13592 --- [gestionUser] [nio-8081-exec-4] t.e.s.baladna.user.security.JwtFilter    : Request to: /api/stations - Auth header: present
2026-04-15T20:09:11.636+01:00  INFO 13592 --- [gestionUser] [nio-8081-exec-4] t.e.s.baladna.user.security.JwtFilter    : Token extracted (length: 167)
2026-04-15T20:09:11.641+01:00  INFO 13592 --- [gestionUser] [nio-8081-exec-4] t.e.s.baladna.user.security.JwtFilter    : Email extracted from token: ahmedm12@gmail.com
2026-04-15T20:09:11.643+01:00 DEBUG 13592 --- [gestionUser] [nio-8081-exec-4] org.hibernate.SQL                        : select u1_0.id,u1_0.email,u1_0.first_name,u1_0.last_login,u1_0.last_name,u1_0.password,u1_0.preferred_language,u1_0.profile_photo,u1_0.role,u1_0.status from user u1_0 where u1_0.email=?
Hibernate: select u1_0.id,u1_0.email,u1_0.first_name,u1_0.last_login,u1_0.last_name,u1_0.password,u1_0.preferred_language,u1_0.profile_photo,u1_0.role,u1_0.status from user u1_0 where u1_0.email=?
2026-04-15T20:09:11.650+01:00  INFO 13592 --- [gestionUser] [nio-8081-exec-4] t.e.s.baladna.user.security.JwtFilter    : User found: ahmedm12@gmail.com with role: HOST
2026-04-15T20:09:11.650+01:00  INFO 13592 --- [gestionUser] [nio-8081-exec-4] t.e.s.baladna.user.security.JwtFilter    : Setting authentication with role: ROLE_HOST
2026-04-15T20:09:11.652+01:00  INFO 13592 --- [gestionUser] [nio-8081-exec-4] t.e.s.baladna.user.security.JwtFilter    : Authentication set successfully
2026-04-15T20:09:11.653+01:00 DEBUG 13592 --- [gestionUser] [nio-8081-exec-4] o.s.security.web.FilterChainProxy        : Secured POST /api/stations
2026-04-15T20:09:11.654+01:00 DEBUG 13592 --- [gestionUser] [nio-8081-exec-4] o.s.web.servlet.DispatcherServlet        : POST "/api/stations", parameters={}
2026-04-15T20:09:11.655+01:00 DEBUG 13592 --- [gestionUser] [nio-8081-exec-4] s.w.s.m.m.a.RequestMappingHandlerMapping : Mapped to tn.esprit.spring.baladna.transport.controller.StationController#createStation(StationDTO)
2026-04-15T20:09:11.659+01:00 DEBUG 13592 --- [gestionUser] [nio-8081-exec-4] m.m.a.RequestResponseBodyMethodProcessor : Read "application/json;charset=UTF-8" to [StationDTO(id=null, name=El Monchar, El Mounchar, Délégation Béja Nord, Gouvernorat Béja, Tunisie, c (truncated)...]
2026-04-15T20:09:11.664+01:00 DEBUG 13592 --- [gestionUser] [nio-8081-exec-4] org.hibernate.SQL                        : select s1_0.id from stations s1_0 where s1_0.name=? and s1_0.city=? limit ?
Hibernate: select s1_0.id from stations s1_0 where s1_0.name=? and s1_0.city=? limit ?
2026-04-15T20:09:11.671+01:00 DEBUG 13592 --- [gestionUser] [nio-8081-exec-4] org.hibernate.SQL                        : insert into stations (city,downtown,latitude,longitude,name,surcharge) values (?,?,?,?,?,?)
Hibernate: insert into stations (city,downtown,latitude,longitude,name,surcharge) values (?,?,?,?,?,?)
2026-04-15T20:09:11.684+01:00 DEBUG 13592 --- [gestionUser] [nio-8081-exec-4] o.s.w.s.m.m.a.HttpEntityMethodProcessor  : Using 'application/json', given [application/json, text/plain, */*] and supported [application/json, application/*+json, application/yaml]
2026-04-15T20:09:11.686+01:00 DEBUG 13592 --- [gestionUser] [nio-8081-exec-4] o.s.w.s.m.m.a.HttpEntityMethodProcessor  : Writing [StationDTO(id=55, name=El Monchar, El Mounchar, Délégation Béja Nord, Gouvernorat Béja, Tunisie, cit (truncated)...]
2026-04-15T20:09:11.689+01:00 DEBUG 13592 --- [gestionUser] [nio-8081-exec-4] o.s.web.servlet.DispatcherServlet        : Completed 200 OK
2026-04-15T20:09:11.706+01:00 DEBUG 13592 --- [gestionUser] [nio-8081-exec-2] o.s.security.web.FilterChainProxy        : Securing GET /api/stations
2026-04-15T20:09:11.709+01:00  INFO 13592 --- [gestionUser] [nio-8081-exec-2] t.e.s.baladna.user.security.JwtFilter    : Request to: /api/stations - Auth header: present
2026-04-15T20:09:11.710+01:00  INFO 13592 --- [gestionUser] [nio-8081-exec-2] t.e.s.baladna.user.security.JwtFilter    : Token extracted (length: 167)
2026-04-15T20:09:11.715+01:00  INFO 13592 --- [gestionUser] [nio-8081-exec-2] t.e.s.baladna.user.security.JwtFilter    : Email extracted from token: ahmedm12@gmail.com
2026-04-15T20:09:11.719+01:00 DEBUG 13592 --- [gestionUser] [nio-8081-exec-2] org.hibernate.SQL                        : select u1_0.id,u1_0.email,u1_0.first_name,u1_0.last_login,u1_0.last_name,u1_0.password,u1_0.preferred_language,u1_0.profile_photo,u1_0.role,u1_0.status from user u1_0 where u1_0.email=?
Hibernate: select u1_0.id,u1_0.email,u1_0.first_name,u1_0.last_login,u1_0.last_name,u1_0.password,u1_0.preferred_language,u1_0.profile_photo,u1_0.role,u1_0.status from user u1_0 where u1_0.email=?
2026-04-15T20:09:11.726+01:00  INFO 13592 --- [gestionUser] [nio-8081-exec-2] t.e.s.baladna.user.security.JwtFilter    : User found: ahmedm12@gmail.com with role: HOST
2026-04-15T20:09:11.727+01:00  INFO 13592 --- [gestionUser] [nio-8081-exec-2] t.e.s.baladna.user.security.JwtFilter    : Setting authentication with role: ROLE_HOST
2026-04-15T20:09:11.728+01:00  INFO 13592 --- [gestionUser] [nio-8081-exec-2] t.e.s.baladna.user.security.JwtFilter    : Authentication set successfully
2026-04-15T20:09:11.729+01:00 DEBUG 13592 --- [gestionUser] [nio-8081-exec-2] o.s.security.web.FilterChainProxy        : Secured GET /api/stations
2026-04-15T20:09:11.730+01:00 DEBUG 13592 --- [gestionUser] [nio-8081-exec-2] o.s.web.servlet.DispatcherServlet        : GET "/api/stations", parameters={}
2026-04-15T20:09:11.731+01:00 DEBUG 13592 --- [gestionUser] [nio-8081-exec-2] s.w.s.m.m.a.RequestMappingHandlerMapping : Mapped to tn.esprit.spring.baladna.transport.controller.StationController#getAllStations()
2026-04-15T20:09:11.738+01:00 DEBUG 13592 --- [gestionUser] [nio-8081-exec-2] org.hibernate.SQL                        : select s1_0.id,s1_0.city,s1_0.downtown,s1_0.latitude,s1_0.longitude,s1_0.name,s1_0.surcharge from stations s1_0
Hibernate: select s1_0.id,s1_0.city,s1_0.downtown,s1_0.latitude,s1_0.longitude,s1_0.name,s1_0.surcharge from stations s1_0
2026-04-15T20:09:11.746+01:00 DEBUG 13592 --- [gestionUser] [nio-8081-exec-2] m.m.a.RequestResponseBodyMethodProcessor : Using 'application/json', given [application/json, text/plain, */*] and supported [application/json, application/*+json, application/yaml]
2026-04-15T20:09:11.750+01:00 DEBUG 13592 --- [gestionUser] [nio-8081-exec-2] m.m.a.RequestResponseBodyMethodProcessor : Writing [[StationDTO(id=5, name=Barcelone, city=kbeli, surcharge=3.0, downtown=true, latitude=0.0, longitude= (truncated)...]
2026-04-15T20:09:11.753+01:00 DEBUG 13592 --- [gestionUser] [nio-8081-exec-2] o.s.web.servlet.DispatcherServlet        : Completed 200 OK
2026-04-15T20:09:13.587+01:00 DEBUG 13592 --- [gestionUser] [nio-8081-exec-7] o.s.security.web.FilterChainProxy        : Securing GET /api/stations
2026-04-15T20:09:13.590+01:00 DEBUG 13592 --- [gestionUser] [nio-8081-exec-6] o.s.security.web.FilterChainProxy        : Securing OPTIONS /api/trajets
2026-04-15T20:09:13.593+01:00  INFO 13592 --- [gestionUser] [nio-8081-exec-7] t.e.s.baladna.user.security.JwtFilter    : Request to: /api/stations - Auth header: present
2026-04-15T20:09:13.594+01:00  INFO 13592 --- [gestionUser] [nio-8081-exec-7] t.e.s.baladna.user.security.JwtFilter    : Token extracted (length: 167)
2026-04-15T20:09:13.600+01:00  INFO 13592 --- [gestionUser] [nio-8081-exec-7] t.e.s.baladna.user.security.JwtFilter    : Email extracted from token: ahmedm12@gmail.com
2026-04-15T20:09:13.604+01:00 DEBUG 13592 --- [gestionUser] [nio-8081-exec-7] org.hibernate.SQL                        : select u1_0.id,u1_0.email,u1_0.first_name,u1_0.last_login,u1_0.last_name,u1_0.password,u1_0.preferred_language,u1_0.profile_photo,u1_0.role,u1_0.status from user u1_0 where u1_0.email=?
Hibernate: select u1_0.id,u1_0.email,u1_0.first_name,u1_0.last_login,u1_0.last_name,u1_0.password,u1_0.preferred_language,u1_0.profile_photo,u1_0.role,u1_0.status from user u1_0 where u1_0.email=?
2026-04-15T20:09:13.607+01:00 DEBUG 13592 --- [gestionUser] [nio-8081-exec-9] o.s.security.web.FilterChainProxy        : Securing GET /api/trajets
2026-04-15T20:09:13.609+01:00  INFO 13592 --- [gestionUser] [nio-8081-exec-9] t.e.s.baladna.user.security.JwtFilter    : Request to: /api/trajets - Auth header: present
2026-04-15T20:09:13.610+01:00  INFO 13592 --- [gestionUser] [nio-8081-exec-9] t.e.s.baladna.user.security.JwtFilter    : Token extracted (length: 167)
2026-04-15T20:09:13.610+01:00  INFO 13592 --- [gestionUser] [nio-8081-exec-7] t.e.s.baladna.user.security.JwtFilter    : User found: ahmedm12@gmail.com with role: HOST
2026-04-15T20:09:13.612+01:00  INFO 13592 --- [gestionUser] [nio-8081-exec-7] t.e.s.baladna.user.security.JwtFilter    : Setting authentication with role: ROLE_HOST
2026-04-15T20:09:13.613+01:00  INFO 13592 --- [gestionUser] [nio-8081-exec-7] t.e.s.baladna.user.security.JwtFilter    : Authentication set successfully
2026-04-15T20:09:13.614+01:00 DEBUG 13592 --- [gestionUser] [nio-8081-exec-7] o.s.security.web.FilterChainProxy        : Secured GET /api/stations
2026-04-15T20:09:13.615+01:00  INFO 13592 --- [gestionUser] [nio-8081-exec-9] t.e.s.baladna.user.security.JwtFilter    : Email extracted from token: ahmedm12@gmail.com
2026-04-15T20:09:13.616+01:00 DEBUG 13592 --- [gestionUser] [nio-8081-exec-7] o.s.web.servlet.DispatcherServlet        : GET "/api/stations", parameters={}
2026-04-15T20:09:13.618+01:00 DEBUG 13592 --- [gestionUser] [nio-8081-exec-7] s.w.s.m.m.a.RequestMappingHandlerMapping : Mapped to tn.esprit.spring.baladna.transport.controller.StationController#getAllStations()
2026-04-15T20:09:13.618+01:00 DEBUG 13592 --- [gestionUser] [nio-8081-exec-9] org.hibernate.SQL                        : select u1_0.id,u1_0.email,u1_0.first_name,u1_0.last_login,u1_0.last_name,u1_0.password,u1_0.preferred_language,u1_0.profile_photo,u1_0.role,u1_0.status from user u1_0 where u1_0.email=?
Hibernate: select u1_0.id,u1_0.email,u1_0.first_name,u1_0.last_login,u1_0.last_name,u1_0.password,u1_0.preferred_language,u1_0.profile_photo,u1_0.role,u1_0.status from user u1_0 where u1_0.email=?
2026-04-15T20:09:13.624+01:00 DEBUG 13592 --- [gestionUser] [nio-8081-exec-7] org.hibernate.SQL                        : select s1_0.id,s1_0.city,s1_0.downtown,s1_0.latitude,s1_0.longitude,s1_0.name,s1_0.surcharge from stations s1_0
Hibernate: select s1_0.id,s1_0.city,s1_0.downtown,s1_0.latitude,s1_0.longitude,s1_0.name,s1_0.surcharge from stations s1_0
2026-04-15T20:09:13.624+01:00  INFO 13592 --- [gestionUser] [nio-8081-exec-9] t.e.s.baladna.user.security.JwtFilter    : User found: ahmedm12@gmail.com with role: HOST
2026-04-15T20:09:13.628+01:00  INFO 13592 --- [gestionUser] [nio-8081-exec-9] t.e.s.baladna.user.security.JwtFilter    : Setting authentication with role: ROLE_HOST
2026-04-15T20:09:13.629+01:00  INFO 13592 --- [gestionUser] [nio-8081-exec-9] t.e.s.baladna.user.security.JwtFilter    : Authentication set successfully
2026-04-15T20:09:13.631+01:00 DEBUG 13592 --- [gestionUser] [nio-8081-exec-9] o.s.security.web.FilterChainProxy        : Secured GET /api/trajets
2026-04-15T20:09:13.632+01:00 DEBUG 13592 --- [gestionUser] [nio-8081-exec-9] o.s.web.servlet.DispatcherServlet        : GET "/api/trajets", parameters={}
2026-04-15T20:09:13.634+01:00 DEBUG 13592 --- [gestionUser] [nio-8081-exec-9] s.w.s.m.m.a.RequestMappingHandlerMapping : Mapped to tn.esprit.spring.baladna.transport.controller.TrajetController#getAllTrajets()
2026-04-15T20:09:13.635+01:00 DEBUG 13592 --- [gestionUser] [nio-8081-exec-7] m.m.a.RequestResponseBodyMethodProcessor : Using 'application/json', given [application/json, text/plain, */*] and supported [application/json, application/*+json, application/yaml]
2026-04-15T20:09:13.637+01:00 DEBUG 13592 --- [gestionUser] [nio-8081-exec-7] m.m.a.RequestResponseBodyMethodProcessor : Writing [[StationDTO(id=5, name=Barcelone, city=kbeli, surcharge=3.0, downtown=true, latitude=0.0, longitude= (truncated)...]
2026-04-15T20:09:13.642+01:00 DEBUG 13592 --- [gestionUser] [nio-8081-exec-7] o.s.web.servlet.DispatcherServlet        : Completed 200 OK
2026-04-15T20:09:13.642+01:00 DEBUG 13592 --- [gestionUser] [nio-8081-exec-9] org.hibernate.SQL                        : select t1_0.id,t1_0.arrival_station_id,t1_0.departure_station_id,t1_0.distance_km,t1_0.estimated_duration_minutes,t1_0.price_per_km,t1_0.route_geo_json from trajets t1_0
Hibernate: select t1_0.id,t1_0.arrival_station_id,t1_0.departure_station_id,t1_0.distance_km,t1_0.estimated_duration_minutes,t1_0.price_per_km,t1_0.route_geo_json from trajets t1_0
2026-04-15T20:09:13.648+01:00 DEBUG 13592 --- [gestionUser] [nio-8081-exec-9] org.hibernate.SQL                        : select s1_0.id,s1_0.city,s1_0.downtown,s1_0.latitude,s1_0.longitude,s1_0.name,s1_0.surcharge from stations s1_0 where s1_0.id=?
Hibernate: select s1_0.id,s1_0.city,s1_0.downtown,s1_0.latitude,s1_0.longitude,s1_0.name,s1_0.surcharge from stations s1_0 where s1_0.id=?
2026-04-15T20:09:13.651+01:00 DEBUG 13592 --- [gestionUser] [nio-8081-exec-9] org.hibernate.SQL                        : select s1_0.id,s1_0.city,s1_0.downtown,s1_0.latitude,s1_0.longitude,s1_0.name,s1_0.surcharge from stations s1_0 where s1_0.id=?
Hibernate: select s1_0.id,s1_0.city,s1_0.downtown,s1_0.latitude,s1_0.longitude,s1_0.name,s1_0.surcharge from stations s1_0 where s1_0.id=?
2026-04-15T20:09:13.656+01:00 DEBUG 13592 --- [gestionUser] [nio-8081-exec-9] org.hibernate.SQL                        : select s1_0.id,s1_0.city,s1_0.downtown,s1_0.latitude,s1_0.longitude,s1_0.name,s1_0.surcharge from stations s1_0 where s1_0.id=?
Hibernate: select s1_0.id,s1_0.city,s1_0.downtown,s1_0.latitude,s1_0.longitude,s1_0.name,s1_0.surcharge from stations s1_0 where s1_0.id=?
2026-04-15T20:09:13.660+01:00 DEBUG 13592 --- [gestionUser] [nio-8081-exec-9] org.hibernate.SQL                        : select s1_0.id,s1_0.city,s1_0.downtown,s1_0.latitude,s1_0.longitude,s1_0.name,s1_0.surcharge from stations s1_0 where s1_0.id=?
Hibernate: select s1_0.id,s1_0.city,s1_0.downtown,s1_0.latitude,s1_0.longitude,s1_0.name,s1_0.surcharge from stations s1_0 where s1_0.id=?
2026-04-15T20:09:13.666+01:00 DEBUG 13592 --- [gestionUser] [nio-8081-exec-9] org.hibernate.SQL                        : select s1_0.id,s1_0.city,s1_0.downtown,s1_0.latitude,s1_0.longitude,s1_0.name,s1_0.surcharge from stations s1_0 where s1_0.id=?
Hibernate: select s1_0.id,s1_0.city,s1_0.downtown,s1_0.latitude,s1_0.longitude,s1_0.name,s1_0.surcharge from stations s1_0 where s1_0.id=?
2026-04-15T20:09:13.674+01:00 DEBUG 13592 --- [gestionUser] [nio-8081-exec-9] m.m.a.RequestResponseBodyMethodProcessor : Using 'application/json', given [application/json, text/plain, */*] and supported [application/json, application/*+json, application/yaml]
2026-04-15T20:09:13.675+01:00 DEBUG 13592 --- [gestionUser] [nio-8081-exec-9] m.m.a.RequestResponseBodyMethodProcessor : Writing [[TrajetDTO(id=2, departureStationId=5, departureStationName=Barcelone, arrivalStationId=6, arrivalSt (truncated)...]
2026-04-15T20:09:13.678+01:00 DEBUG 13592 --- [gestionUser] [nio-8081-exec-9] o.s.web.servlet.DispatcherServlet        : Completed 200 OK
2026-04-15T20:09:26.219+01:00 DEBUG 13592 --- [gestionUser] [nio-8081-exec-8] o.s.security.web.FilterChainProxy        : Securing OPTIONS /api/stations
2026-04-15T20:09:26.237+01:00 DEBUG 13592 --- [gestionUser] [nio-8081-exec-1] o.s.security.web.FilterChainProxy        : Securing GET /api/stations
2026-04-15T20:09:26.239+01:00  INFO 13592 --- [gestionUser] [nio-8081-exec-1] t.e.s.baladna.user.security.JwtFilter    : Request to: /api/stations - Auth header: present
2026-04-15T20:09:26.240+01:00  INFO 13592 --- [gestionUser] [nio-8081-exec-1] t.e.s.baladna.user.security.JwtFilter    : Token extracted (length: 167)
2026-04-15T20:09:26.245+01:00  INFO 13592 --- [gestionUser] [nio-8081-exec-1] t.e.s.baladna.user.security.JwtFilter    : Email extracted from token: ahmedm12@gmail.com
2026-04-15T20:09:26.248+01:00 DEBUG 13592 --- [gestionUser] [nio-8081-exec-1] org.hibernate.SQL                        : select u1_0.id,u1_0.email,u1_0.first_name,u1_0.last_login,u1_0.last_name,u1_0.password,u1_0.preferred_language,u1_0.profile_photo,u1_0.role,u1_0.status from user u1_0 where u1_0.email=?
Hibernate: select u1_0.id,u1_0.email,u1_0.first_name,u1_0.last_login,u1_0.last_name,u1_0.password,u1_0.preferred_language,u1_0.profile_photo,u1_0.role,u1_0.status from user u1_0 where u1_0.email=?
2026-04-15T20:09:26.252+01:00  INFO 13592 --- [gestionUser] [nio-8081-exec-1] t.e.s.baladna.user.security.JwtFilter    : User found: ahmedm12@gmail.com with role: HOST
2026-04-15T20:09:26.254+01:00  INFO 13592 --- [gestionUser] [nio-8081-exec-1] t.e.s.baladna.user.security.JwtFilter    : Setting authentication with role: ROLE_HOST
2026-04-15T20:09:26.254+01:00  INFO 13592 --- [gestionUser] [nio-8081-exec-1] t.e.s.baladna.user.security.JwtFilter    : Authentication set successfully
2026-04-15T20:09:26.258+01:00 DEBUG 13592 --- [gestionUser] [nio-8081-exec-1] o.s.security.web.FilterChainProxy        : Secured GET /api/stations
2026-04-15T20:09:26.259+01:00 DEBUG 13592 --- [gestionUser] [nio-8081-exec-1] o.s.web.servlet.DispatcherServlet        : GET "/api/stations", parameters={}
2026-04-15T20:09:26.260+01:00 DEBUG 13592 --- [gestionUser] [nio-8081-exec-1] s.w.s.m.m.a.RequestMappingHandlerMapping : Mapped to tn.esprit.spring.baladna.transport.controller.StationController#getAllStations()
2026-04-15T20:09:26.266+01:00 DEBUG 13592 --- [gestionUser] [nio-8081-exec-1] org.hibernate.SQL                        : select s1_0.id,s1_0.city,s1_0.downtown,s1_0.latitude,s1_0.longitude,s1_0.name,s1_0.surcharge from stations s1_0
Hibernate: select s1_0.id,s1_0.city,s1_0.downtown,s1_0.latitude,s1_0.longitude,s1_0.name,s1_0.surcharge from stations s1_0
2026-04-15T20:09:26.274+01:00 DEBUG 13592 --- [gestionUser] [nio-8081-exec-1] m.m.a.RequestResponseBodyMethodProcessor : Using 'application/json', given [application/json, text/plain, */*] and supported [application/json, application/*+json, application/yaml]
2026-04-15T20:09:26.274+01:00 DEBUG 13592 --- [gestionUser] [nio-8081-exec-1] m.m.a.RequestResponseBodyMethodProcessor : Writing [[StationDTO(id=5, name=Barcelone, city=kbeli, surcharge=3.0, downtown=true, latitude=0.0, longitude= (truncated)...]
2026-04-15T20:09:26.279+01:00 DEBUG 13592 --- [gestionUser] [nio-8081-exec-1] o.s.web.servlet.DispatcherServlet        : Completed 200 OK
2026-04-15T20:09:58.184+01:00 DEBUG 13592 --- [gestionUser] [io-8081-exec-10] o.s.security.web.FilterChainProxy        : Securing OPTIONS /api/stations
2026-04-15T20:09:58.184+01:00 DEBUG 13592 --- [gestionUser] [nio-8081-exec-5] o.s.security.web.FilterChainProxy        : Securing OPTIONS /api/trajets
2026-04-15T20:09:58.198+01:00 DEBUG 13592 --- [gestionUser] [nio-8081-exec-3] o.s.security.web.FilterChainProxy        : Securing GET /api/stations
2026-04-15T20:09:58.197+01:00 DEBUG 13592 --- [gestionUser] [nio-8081-exec-4] o.s.security.web.FilterChainProxy        : Securing GET /api/trajets
2026-04-15T20:09:58.200+01:00  INFO 13592 --- [gestionUser] [nio-8081-exec-3] t.e.s.baladna.user.security.JwtFilter    : Request to: /api/stations - Auth header: present
2026-04-15T20:09:58.204+01:00  INFO 13592 --- [gestionUser] [nio-8081-exec-3] t.e.s.baladna.user.security.JwtFilter    : Token extracted (length: 167)
2026-04-15T20:09:58.204+01:00  INFO 13592 --- [gestionUser] [nio-8081-exec-4] t.e.s.baladna.user.security.JwtFilter    : Request to: /api/trajets - Auth header: present
2026-04-15T20:09:58.204+01:00  INFO 13592 --- [gestionUser] [nio-8081-exec-4] t.e.s.baladna.user.security.JwtFilter    : Token extracted (length: 167)
2026-04-15T20:09:58.209+01:00  INFO 13592 --- [gestionUser] [nio-8081-exec-3] t.e.s.baladna.user.security.JwtFilter    : Email extracted from token: ahmedm12@gmail.com
2026-04-15T20:09:58.210+01:00  INFO 13592 --- [gestionUser] [nio-8081-exec-4] t.e.s.baladna.user.security.JwtFilter    : Email extracted from token: ahmedm12@gmail.com
2026-04-15T20:09:58.212+01:00 DEBUG 13592 --- [gestionUser] [nio-8081-exec-3] org.hibernate.SQL                        : select u1_0.id,u1_0.email,u1_0.first_name,u1_0.last_login,u1_0.last_name,u1_0.password,u1_0.preferred_language,u1_0.profile_photo,u1_0.role,u1_0.status from user u1_0 where u1_0.email=?
Hibernate: select u1_0.id,u1_0.email,u1_0.first_name,u1_0.last_login,u1_0.last_name,u1_0.password,u1_0.preferred_language,u1_0.profile_photo,u1_0.role,u1_0.status from user u1_0 where u1_0.email=?
2026-04-15T20:09:58.212+01:00 DEBUG 13592 --- [gestionUser] [nio-8081-exec-4] org.hibernate.SQL                        : select u1_0.id,u1_0.email,u1_0.first_name,u1_0.last_login,u1_0.last_name,u1_0.password,u1_0.preferred_language,u1_0.profile_photo,u1_0.role,u1_0.status from user u1_0 where u1_0.email=?
Hibernate: select u1_0.id,u1_0.email,u1_0.first_name,u1_0.last_login,u1_0.last_name,u1_0.password,u1_0.preferred_language,u1_0.profile_photo,u1_0.role,u1_0.status from user u1_0 where u1_0.email=?
2026-04-15T20:09:58.216+01:00  INFO 13592 --- [gestionUser] [nio-8081-exec-3] t.e.s.baladna.user.security.JwtFilter    : User found: ahmedm12@gmail.com with role: HOST
2026-04-15T20:09:58.216+01:00  INFO 13592 --- [gestionUser] [nio-8081-exec-3] t.e.s.baladna.user.security.JwtFilter    : Setting authentication with role: ROLE_HOST
2026-04-15T20:09:58.216+01:00  INFO 13592 --- [gestionUser] [nio-8081-exec-3] t.e.s.baladna.user.security.JwtFilter    : Authentication set successfully
2026-04-15T20:09:58.220+01:00 DEBUG 13592 --- [gestionUser] [nio-8081-exec-3] o.s.security.web.FilterChainProxy        : Secured GET /api/stations
2026-04-15T20:09:58.220+01:00  INFO 13592 --- [gestionUser] [nio-8081-exec-4] t.e.s.baladna.user.security.JwtFilter    : User found: ahmedm12@gmail.com with role: HOST
2026-04-15T20:09:58.221+01:00 DEBUG 13592 --- [gestionUser] [nio-8081-exec-3] o.s.web.servlet.DispatcherServlet        : GET "/api/stations", parameters={}
2026-04-15T20:09:58.221+01:00  INFO 13592 --- [gestionUser] [nio-8081-exec-4] t.e.s.baladna.user.security.JwtFilter    : Setting authentication with role: ROLE_HOST
2026-04-15T20:09:58.223+01:00 DEBUG 13592 --- [gestionUser] [nio-8081-exec-3] s.w.s.m.m.a.RequestMappingHandlerMapping : Mapped to tn.esprit.spring.baladna.transport.controller.StationController#getAllStations()
2026-04-15T20:09:58.223+01:00  INFO 13592 --- [gestionUser] [nio-8081-exec-4] t.e.s.baladna.user.security.JwtFilter    : Authentication set successfully
2026-04-15T20:09:58.223+01:00 DEBUG 13592 --- [gestionUser] [nio-8081-exec-4] o.s.security.web.FilterChainProxy        : Secured GET /api/trajets
2026-04-15T20:09:58.227+01:00 DEBUG 13592 --- [gestionUser] [nio-8081-exec-4] o.s.web.servlet.DispatcherServlet        : GET "/api/trajets", parameters={}
2026-04-15T20:09:58.228+01:00 DEBUG 13592 --- [gestionUser] [nio-8081-exec-4] s.w.s.m.m.a.RequestMappingHandlerMapping : Mapped to tn.esprit.spring.baladna.transport.controller.TrajetController#getAllTrajets()
2026-04-15T20:09:58.229+01:00 DEBUG 13592 --- [gestionUser] [nio-8081-exec-3] org.hibernate.SQL                        : select s1_0.id,s1_0.city,s1_0.downtown,s1_0.latitude,s1_0.longitude,s1_0.name,s1_0.surcharge from stations s1_0
Hibernate: select s1_0.id,s1_0.city,s1_0.downtown,s1_0.latitude,s1_0.longitude,s1_0.name,s1_0.surcharge from stations s1_0
2026-04-15T20:09:58.229+01:00 DEBUG 13592 --- [gestionUser] [nio-8081-exec-4] org.hibernate.SQL                        : select t1_0.id,t1_0.arrival_station_id,t1_0.departure_station_id,t1_0.distance_km,t1_0.estimated_duration_minutes,t1_0.price_per_km,t1_0.route_geo_json from trajets t1_0
Hibernate: select t1_0.id,t1_0.arrival_station_id,t1_0.departure_station_id,t1_0.distance_km,t1_0.estimated_duration_minutes,t1_0.price_per_km,t1_0.route_geo_json from trajets t1_0
2026-04-15T20:09:58.229+01:00 DEBUG 13592 --- [gestionUser] [nio-8081-exec-3] m.m.a.RequestResponseBodyMethodProcessor : Using 'application/json', given [application/json, text/plain, */*] and supported [application/json, application/*+json, application/yaml]
2026-04-15T20:09:58.229+01:00 DEBUG 13592 --- [gestionUser] [nio-8081-exec-3] m.m.a.RequestResponseBodyMethodProcessor : Writing [[StationDTO(id=5, name=Barcelone, city=kbeli, surcharge=3.0, downtown=true, latitude=0.0, longitude= (truncated)...]
2026-04-15T20:09:58.229+01:00 DEBUG 13592 --- [gestionUser] [nio-8081-exec-4] org.hibernate.SQL                        : select s1_0.id,s1_0.city,s1_0.downtown,s1_0.latitude,s1_0.longitude,s1_0.name,s1_0.surcharge from stations s1_0 where s1_0.id=?
Hibernate: select s1_0.id,s1_0.city,s1_0.downtown,s1_0.latitude,s1_0.longitude,s1_0.name,s1_0.surcharge from stations s1_0 where s1_0.id=?
2026-04-15T20:09:58.243+01:00 DEBUG 13592 --- [gestionUser] [nio-8081-exec-4] org.hibernate.SQL                        : select s1_0.id,s1_0.city,s1_0.downtown,s1_0.latitude,s1_0.longitude,s1_0.name,s1_0.surcharge from stations s1_0 where s1_0.id=?
Hibernate: select s1_0.id,s1_0.city,s1_0.downtown,s1_0.latitude,s1_0.longitude,s1_0.name,s1_0.surcharge from stations s1_0 where s1_0.id=?
2026-04-15T20:09:58.243+01:00 DEBUG 13592 --- [gestionUser] [nio-8081-exec-3] o.s.web.servlet.DispatcherServlet        : Completed 200 OK
2026-04-15T20:09:58.248+01:00 DEBUG 13592 --- [gestionUser] [nio-8081-exec-4] org.hibernate.SQL                        : select s1_0.id,s1_0.city,s1_0.downtown,s1_0.latitude,s1_0.longitude,s1_0.name,s1_0.surcharge from stations s1_0 where s1_0.id=?
Hibernate: select s1_0.id,s1_0.city,s1_0.downtown,s1_0.latitude,s1_0.longitude,s1_0.name,s1_0.surcharge from stations s1_0 where s1_0.id=?
2026-04-15T20:09:58.251+01:00 DEBUG 13592 --- [gestionUser] [nio-8081-exec-4] org.hibernate.SQL                        : select s1_0.id,s1_0.city,s1_0.downtown,s1_0.latitude,s1_0.longitude,s1_0.name,s1_0.surcharge from stations s1_0 where s1_0.id=?
Hibernate: select s1_0.id,s1_0.city,s1_0.downtown,s1_0.latitude,s1_0.longitude,s1_0.name,s1_0.surcharge from stations s1_0 where s1_0.id=?
2026-04-15T20:09:58.255+01:00 DEBUG 13592 --- [gestionUser] [nio-8081-exec-4] org.hibernate.SQL                        : select s1_0.id,s1_0.city,s1_0.downtown,s1_0.latitude,s1_0.longitude,s1_0.name,s1_0.surcharge from stations s1_0 where s1_0.id=?
Hibernate: select s1_0.id,s1_0.city,s1_0.downtown,s1_0.latitude,s1_0.longitude,s1_0.name,s1_0.surcharge from stations s1_0 where s1_0.id=?
2026-04-15T20:09:58.260+01:00 DEBUG 13592 --- [gestionUser] [nio-8081-exec-4] m.m.a.RequestResponseBodyMethodProcessor : Using 'application/json', given [application/json, text/plain, */*] and supported [application/json, application/*+json, application/yaml]
2026-04-15T20:09:58.264+01:00 DEBUG 13592 --- [gestionUser] [nio-8081-exec-4] m.m.a.RequestResponseBodyMethodProcessor : Writing [[TrajetDTO(id=2, departureStationId=5, departureStationName=Barcelone, arrivalStationId=6, arrivalSt (truncated)...]
2026-04-15T20:09:58.266+01:00 DEBUG 13592 --- [gestionUser] [nio-8081-exec-4] o.s.web.servlet.DispatcherServlet        : Completed 200 OK
2026-04-15T20:10:05.600+01:00 DEBUG 13592 --- [gestionUser] [nio-8081-exec-2] o.s.security.web.FilterChainProxy        : Securing OPTIONS /api/trajets/preview?departureStationId=52&arrivalStationId=55
2026-04-15T20:10:05.614+01:00 DEBUG 13592 --- [gestionUser] [nio-8081-exec-6] o.s.security.web.FilterChainProxy        : Securing GET /api/trajets/preview?departureStationId=52&arrivalStationId=55
2026-04-15T20:10:05.616+01:00  INFO 13592 --- [gestionUser] [nio-8081-exec-6] t.e.s.baladna.user.security.JwtFilter    : Request to: /api/trajets/preview - Auth header: present
2026-04-15T20:10:05.618+01:00  INFO 13592 --- [gestionUser] [nio-8081-exec-6] t.e.s.baladna.user.security.JwtFilter    : Token extracted (length: 167)
2026-04-15T20:10:05.624+01:00  INFO 13592 --- [gestionUser] [nio-8081-exec-6] t.e.s.baladna.user.security.JwtFilter    : Email extracted from token: ahmedm12@gmail.com
2026-04-15T20:10:05.629+01:00 DEBUG 13592 --- [gestionUser] [nio-8081-exec-6] org.hibernate.SQL                        : select u1_0.id,u1_0.email,u1_0.first_name,u1_0.last_login,u1_0.last_name,u1_0.password,u1_0.preferred_language,u1_0.profile_photo,u1_0.role,u1_0.status from user u1_0 where u1_0.email=?
Hibernate: select u1_0.id,u1_0.email,u1_0.first_name,u1_0.last_login,u1_0.last_name,u1_0.password,u1_0.preferred_language,u1_0.profile_photo,u1_0.role,u1_0.status from user u1_0 where u1_0.email=?
2026-04-15T20:10:05.634+01:00  INFO 13592 --- [gestionUser] [nio-8081-exec-6] t.e.s.baladna.user.security.JwtFilter    : User found: ahmedm12@gmail.com with role: HOST
2026-04-15T20:10:05.636+01:00  INFO 13592 --- [gestionUser] [nio-8081-exec-6] t.e.s.baladna.user.security.JwtFilter    : Setting authentication with role: ROLE_HOST
2026-04-15T20:10:05.637+01:00  INFO 13592 --- [gestionUser] [nio-8081-exec-6] t.e.s.baladna.user.security.JwtFilter    : Authentication set successfully
2026-04-15T20:10:05.639+01:00 DEBUG 13592 --- [gestionUser] [nio-8081-exec-6] o.s.security.web.FilterChainProxy        : Secured GET /api/trajets/preview?departureStationId=52&arrivalStationId=55
2026-04-15T20:10:05.641+01:00 DEBUG 13592 --- [gestionUser] [nio-8081-exec-6] o.s.web.servlet.DispatcherServlet        : GET "/api/trajets/preview?departureStationId=52&arrivalStationId=55", parameters={masked}
2026-04-15T20:10:05.643+01:00 DEBUG 13592 --- [gestionUser] [nio-8081-exec-6] s.w.s.m.m.a.RequestMappingHandlerMapping : Mapped to tn.esprit.spring.baladna.transport.controller.TrajetController#previewRoute(Long, Long)
2026-04-15T20:10:05.650+01:00 DEBUG 13592 --- [gestionUser] [nio-8081-exec-6] org.hibernate.SQL                        : select s1_0.id,s1_0.city,s1_0.downtown,s1_0.latitude,s1_0.longitude,s1_0.name,s1_0.surcharge from stations s1_0 where s1_0.id=?
Hibernate: select s1_0.id,s1_0.city,s1_0.downtown,s1_0.latitude,s1_0.longitude,s1_0.name,s1_0.surcharge from stations s1_0 where s1_0.id=?
2026-04-15T20:10:05.658+01:00 DEBUG 13592 --- [gestionUser] [nio-8081-exec-6] org.hibernate.SQL                        : select s1_0.id,s1_0.city,s1_0.downtown,s1_0.latitude,s1_0.longitude,s1_0.name,s1_0.surcharge from stations s1_0 where s1_0.id=?
Hibernate: select s1_0.id,s1_0.city,s1_0.downtown,s1_0.latitude,s1_0.longitude,s1_0.name,s1_0.surcharge from stations s1_0 where s1_0.id=?
2026-04-15T20:10:05.669+01:00 DEBUG 13592 --- [gestionUser] [nio-8081-exec-6] o.s.web.client.RestTemplate              : HTTP GET https://router.project-osrm.org/route/v1/driving/10.144919,36.399228;9.277954,36.742968?overview=full&geometries=geojson
2026-04-15T20:10:05.794+01:00 DEBUG 13592 --- [gestionUser] [nio-8081-exec-6] o.s.web.client.RestTemplate              : Accept=[application/json, application/yaml, application/*+json]
2026-04-15T20:10:06.330+01:00 DEBUG 13592 --- [gestionUser] [nio-8081-exec-6] o.s.web.client.RestTemplate              : Response 200 OK
2026-04-15T20:10:06.338+01:00 DEBUG 13592 --- [gestionUser] [nio-8081-exec-6] o.s.web.client.RestTemplate              : Reading to [tn.esprit.spring.baladna.transport.dto.OsrmResponse]
2026-04-15T20:10:06.490+01:00 DEBUG 13592 --- [gestionUser] [nio-8081-exec-6] o.s.w.s.m.m.a.HttpEntityMethodProcessor  : Using 'application/json', given [application/json, text/plain, */*] and supported [application/json, application/*+json, application/yaml]
2026-04-15T20:10:06.493+01:00 DEBUG 13592 --- [gestionUser] [nio-8081-exec-6] o.s.w.s.m.m.a.HttpEntityMethodProcessor  : Writing [RoutePreviewDTO(distanceKm=125.74, estimatedDurationMinutes=112, routeGeoJson={"coordinates":[[10.14 (truncated)...]
2026-04-15T20:10:06.501+01:00 DEBUG 13592 --- [gestionUser] [nio-8081-exec-6] o.s.web.servlet.DispatcherServlet        : Completed 200 OK
2026-04-15T20:10:21.015+01:00 DEBUG 13592 --- [gestionUser] [nio-8081-exec-7] o.s.security.web.FilterChainProxy        : Securing OPTIONS /api/trajets
2026-04-15T20:10:21.023+01:00 DEBUG 13592 --- [gestionUser] [nio-8081-exec-9] o.s.security.web.FilterChainProxy        : Securing POST /api/trajets
2026-04-15T20:10:21.027+01:00  INFO 13592 --- [gestionUser] [nio-8081-exec-9] t.e.s.baladna.user.security.JwtFilter    : Request to: /api/trajets - Auth header: present
2026-04-15T20:10:21.027+01:00  INFO 13592 --- [gestionUser] [nio-8081-exec-9] t.e.s.baladna.user.security.JwtFilter    : Token extracted (length: 167)
2026-04-15T20:10:21.033+01:00  INFO 13592 --- [gestionUser] [nio-8081-exec-9] t.e.s.baladna.user.security.JwtFilter    : Email extracted from token: ahmedm12@gmail.com
2026-04-15T20:10:21.042+01:00 DEBUG 13592 --- [gestionUser] [nio-8081-exec-9] org.hibernate.SQL                        : select u1_0.id,u1_0.email,u1_0.first_name,u1_0.last_login,u1_0.last_name,u1_0.password,u1_0.preferred_language,u1_0.profile_photo,u1_0.role,u1_0.status from user u1_0 where u1_0.email=?
Hibernate: select u1_0.id,u1_0.email,u1_0.first_name,u1_0.last_login,u1_0.last_name,u1_0.password,u1_0.preferred_language,u1_0.profile_photo,u1_0.role,u1_0.status from user u1_0 where u1_0.email=?
2026-04-15T20:10:21.049+01:00  INFO 13592 --- [gestionUser] [nio-8081-exec-9] t.e.s.baladna.user.security.JwtFilter    : User found: ahmedm12@gmail.com with role: HOST
2026-04-15T20:10:21.050+01:00  INFO 13592 --- [gestionUser] [nio-8081-exec-9] t.e.s.baladna.user.security.JwtFilter    : Setting authentication with role: ROLE_HOST
2026-04-15T20:10:21.052+01:00  INFO 13592 --- [gestionUser] [nio-8081-exec-9] t.e.s.baladna.user.security.JwtFilter    : Authentication set successfully
2026-04-15T20:10:21.052+01:00 DEBUG 13592 --- [gestionUser] [nio-8081-exec-9] o.s.security.web.FilterChainProxy        : Secured POST /api/trajets
2026-04-15T20:10:21.056+01:00 DEBUG 13592 --- [gestionUser] [nio-8081-exec-9] o.s.web.servlet.DispatcherServlet        : POST "/api/trajets", parameters={}
2026-04-15T20:10:21.059+01:00 DEBUG 13592 --- [gestionUser] [nio-8081-exec-9] s.w.s.m.m.a.RequestMappingHandlerMapping : Mapped to tn.esprit.spring.baladna.transport.controller.TrajetController#createTrajet(TrajetDTO)
2026-04-15T20:10:21.091+01:00 DEBUG 13592 --- [gestionUser] [nio-8081-exec-9] m.m.a.RequestResponseBodyMethodProcessor : Read "application/json;charset=UTF-8" to [TrajetDTO(id=null, departureStationId=52, departureStationName=null, arrivalStationId=55, arrivalSta (truncated)...]
2026-04-15T20:10:21.193+01:00 DEBUG 13592 --- [gestionUser] [nio-8081-exec-9] org.hibernate.SQL                        : select s1_0.id,s1_0.city,s1_0.downtown,s1_0.latitude,s1_0.longitude,s1_0.name,s1_0.surcharge from stations s1_0 where s1_0.id=?
Hibernate: select s1_0.id,s1_0.city,s1_0.downtown,s1_0.latitude,s1_0.longitude,s1_0.name,s1_0.surcharge from stations s1_0 where s1_0.id=?
2026-04-15T20:10:21.200+01:00 DEBUG 13592 --- [gestionUser] [nio-8081-exec-9] org.hibernate.SQL                        : select s1_0.id,s1_0.city,s1_0.downtown,s1_0.latitude,s1_0.longitude,s1_0.name,s1_0.surcharge from stations s1_0 where s1_0.id=?
Hibernate: select s1_0.id,s1_0.city,s1_0.downtown,s1_0.latitude,s1_0.longitude,s1_0.name,s1_0.surcharge from stations s1_0 where s1_0.id=?
2026-04-15T20:10:21.208+01:00 DEBUG 13592 --- [gestionUser] [nio-8081-exec-9] o.s.web.client.RestTemplate              : HTTP GET https://router.project-osrm.org/route/v1/driving/10.144919,36.399228;9.277954,36.742968?overview=full&geometries=geojson
2026-04-15T20:10:21.209+01:00 DEBUG 13592 --- [gestionUser] [nio-8081-exec-9] o.s.web.client.RestTemplate              : Accept=[application/json, application/yaml, application/*+json]
2026-04-15T20:10:21.543+01:00 DEBUG 13592 --- [gestionUser] [nio-8081-exec-9] o.s.web.client.RestTemplate              : Response 200 OK
2026-04-15T20:10:21.550+01:00 DEBUG 13592 --- [gestionUser] [nio-8081-exec-9] o.s.web.client.RestTemplate              : Reading to [tn.esprit.spring.baladna.transport.dto.OsrmResponse]
2026-04-15T20:10:21.656+01:00 DEBUG 13592 --- [gestionUser] [nio-8081-exec-9] org.hibernate.SQL                        : insert into trajets (arrival_station_id,departure_station_id,distance_km,estimated_duration_minutes,price_per_km,route_geo_json) values (?,?,?,?,?,?)
Hibernate: insert into trajets (arrival_station_id,departure_station_id,distance_km,estimated_duration_minutes,price_per_km,route_geo_json) values (?,?,?,?,?,?)
2026-04-15T20:10:21.701+01:00 DEBUG 13592 --- [gestionUser] [nio-8081-exec-9] o.s.w.s.m.m.a.HttpEntityMethodProcessor  : Using 'application/json', given [application/json, text/plain, */*] and supported [application/json, application/*+json, application/yaml]
2026-04-15T20:10:21.701+01:00 DEBUG 13592 --- [gestionUser] [nio-8081-exec-9] o.s.w.s.m.m.a.HttpEntityMethodProcessor  : Writing [TrajetDTO(id=43, departureStationId=52, departureStationName=?????, Zaghouan, Zaghouan Ville, Déléga (truncated)...]
2026-04-15T20:10:21.709+01:00 DEBUG 13592 --- [gestionUser] [nio-8081-exec-9] o.s.web.servlet.DispatcherServlet        : Completed 200 OK
2026-04-15T20:10:21.735+01:00 DEBUG 13592 --- [gestionUser] [nio-8081-exec-8] o.s.security.web.FilterChainProxy        : Securing GET /api/trajets
2026-04-15T20:10:21.737+01:00  INFO 13592 --- [gestionUser] [nio-8081-exec-8] t.e.s.baladna.user.security.JwtFilter    : Request to: /api/trajets - Auth header: present
2026-04-15T20:10:21.738+01:00  INFO 13592 --- [gestionUser] [nio-8081-exec-8] t.e.s.baladna.user.security.JwtFilter    : Token extracted (length: 167)
2026-04-15T20:10:21.741+01:00  INFO 13592 --- [gestionUser] [nio-8081-exec-8] t.e.s.baladna.user.security.JwtFilter    : Email extracted from token: ahmedm12@gmail.com
2026-04-15T20:10:21.745+01:00 DEBUG 13592 --- [gestionUser] [nio-8081-exec-8] org.hibernate.SQL                        : select u1_0.id,u1_0.email,u1_0.first_name,u1_0.last_login,u1_0.last_name,u1_0.password,u1_0.preferred_language,u1_0.profile_photo,u1_0.role,u1_0.status from user u1_0 where u1_0.email=?
Hibernate: select u1_0.id,u1_0.email,u1_0.first_name,u1_0.last_login,u1_0.last_name,u1_0.password,u1_0.preferred_language,u1_0.profile_photo,u1_0.role,u1_0.status from user u1_0 where u1_0.email=?
2026-04-15T20:10:21.750+01:00  INFO 13592 --- [gestionUser] [nio-8081-exec-8] t.e.s.baladna.user.security.JwtFilter    : User found: ahmedm12@gmail.com with role: HOST
2026-04-15T20:10:21.751+01:00  INFO 13592 --- [gestionUser] [nio-8081-exec-8] t.e.s.baladna.user.security.JwtFilter    : Setting authentication with role: ROLE_HOST
2026-04-15T20:10:21.752+01:00  INFO 13592 --- [gestionUser] [nio-8081-exec-8] t.e.s.baladna.user.security.JwtFilter    : Authentication set successfully
2026-04-15T20:10:21.754+01:00 DEBUG 13592 --- [gestionUser] [nio-8081-exec-8] o.s.security.web.FilterChainProxy        : Secured GET /api/trajets
2026-04-15T20:10:21.755+01:00 DEBUG 13592 --- [gestionUser] [nio-8081-exec-8] o.s.web.servlet.DispatcherServlet        : GET "/api/trajets", parameters={}
2026-04-15T20:10:21.758+01:00 DEBUG 13592 --- [gestionUser] [nio-8081-exec-8] s.w.s.m.m.a.RequestMappingHandlerMapping : Mapped to tn.esprit.spring.baladna.transport.controller.TrajetController#getAllTrajets()
2026-04-15T20:10:21.771+01:00 DEBUG 13592 --- [gestionUser] [nio-8081-exec-8] org.hibernate.SQL                        : select t1_0.id,t1_0.arrival_station_id,t1_0.departure_station_id,t1_0.distance_km,t1_0.estimated_duration_minutes,t1_0.price_per_km,t1_0.route_geo_json from trajets t1_0
Hibernate: select t1_0.id,t1_0.arrival_station_id,t1_0.departure_station_id,t1_0.distance_km,t1_0.estimated_duration_minutes,t1_0.price_per_km,t1_0.route_geo_json from trajets t1_0
2026-04-15T20:10:21.778+01:00 DEBUG 13592 --- [gestionUser] [nio-8081-exec-8] org.hibernate.SQL                        : select s1_0.id,s1_0.city,s1_0.downtown,s1_0.latitude,s1_0.longitude,s1_0.name,s1_0.surcharge from stations s1_0 where s1_0.id=?
Hibernate: select s1_0.id,s1_0.city,s1_0.downtown,s1_0.latitude,s1_0.longitude,s1_0.name,s1_0.surcharge from stations s1_0 where s1_0.id=?
2026-04-15T20:10:21.778+01:00 DEBUG 13592 --- [gestionUser] [nio-8081-exec-8] org.hibernate.SQL                        : select s1_0.id,s1_0.city,s1_0.downtown,s1_0.latitude,s1_0.longitude,s1_0.name,s1_0.surcharge from stations s1_0 where s1_0.id=?
Hibernate: select s1_0.id,s1_0.city,s1_0.downtown,s1_0.latitude,s1_0.longitude,s1_0.name,s1_0.surcharge from stations s1_0 where s1_0.id=?
2026-04-15T20:10:21.778+01:00 DEBUG 13592 --- [gestionUser] [nio-8081-exec-8] org.hibernate.SQL                        : select s1_0.id,s1_0.city,s1_0.downtown,s1_0.latitude,s1_0.longitude,s1_0.name,s1_0.surcharge from stations s1_0 where s1_0.id=?
Hibernate: select s1_0.id,s1_0.city,s1_0.downtown,s1_0.latitude,s1_0.longitude,s1_0.name,s1_0.surcharge from stations s1_0 where s1_0.id=?
2026-04-15T20:10:21.794+01:00 DEBUG 13592 --- [gestionUser] [nio-8081-exec-8] org.hibernate.SQL                        : select s1_0.id,s1_0.city,s1_0.downtown,s1_0.latitude,s1_0.longitude,s1_0.name,s1_0.surcharge from stations s1_0 where s1_0.id=?
Hibernate: select s1_0.id,s1_0.city,s1_0.downtown,s1_0.latitude,s1_0.longitude,s1_0.name,s1_0.surcharge from stations s1_0 where s1_0.id=?
2026-04-15T20:10:21.798+01:00 DEBUG 13592 --- [gestionUser] [nio-8081-exec-8] org.hibernate.SQL                        : select s1_0.id,s1_0.city,s1_0.downtown,s1_0.latitude,s1_0.longitude,s1_0.name,s1_0.surcharge from stations s1_0 where s1_0.id=?
Hibernate: select s1_0.id,s1_0.city,s1_0.downtown,s1_0.latitude,s1_0.longitude,s1_0.name,s1_0.surcharge from stations s1_0 where s1_0.id=?
2026-04-15T20:10:21.802+01:00 DEBUG 13592 --- [gestionUser] [nio-8081-exec-8] org.hibernate.SQL                        : select s1_0.id,s1_0.city,s1_0.downtown,s1_0.latitude,s1_0.longitude,s1_0.name,s1_0.surcharge from stations s1_0 where s1_0.id=?
Hibernate: select s1_0.id,s1_0.city,s1_0.downtown,s1_0.latitude,s1_0.longitude,s1_0.name,s1_0.surcharge from stations s1_0 where s1_0.id=?
2026-04-15T20:10:21.807+01:00 DEBUG 13592 --- [gestionUser] [nio-8081-exec-8] org.hibernate.SQL                        : select s1_0.id,s1_0.city,s1_0.downtown,s1_0.latitude,s1_0.longitude,s1_0.name,s1_0.surcharge from stations s1_0 where s1_0.id=?
Hibernate: select s1_0.id,s1_0.city,s1_0.downtown,s1_0.latitude,s1_0.longitude,s1_0.name,s1_0.surcharge from stations s1_0 where s1_0.id=?
2026-04-15T20:10:21.826+01:00 DEBUG 13592 --- [gestionUser] [nio-8081-exec-8] m.m.a.RequestResponseBodyMethodProcessor : Using 'application/json', given [application/json, text/plain, */*] and supported [application/json, application/*+json, application/yaml]
2026-04-15T20:10:21.829+01:00 DEBUG 13592 --- [gestionUser] [nio-8081-exec-8] m.m.a.RequestResponseBodyMethodProcessor : Writing [[TrajetDTO(id=2, departureStationId=5, departureStationName=Barcelone, arrivalStationId=6, arrivalSt (truncated)...]
2026-04-15T20:10:21.829+01:00 DEBUG 13592 --- [gestionUser] [nio-8081-exec-8] o.s.web.servlet.DispatcherServlet        : Completed 200 OK
2026-04-15T20:10:54.449+01:00 DEBUG 13592 --- [gestionUser] [nio-8081-exec-1] o.s.security.web.FilterChainProxy        : Securing OPTIONS /api/stations
2026-04-15T20:10:54.473+01:00 DEBUG 13592 --- [gestionUser] [io-8081-exec-10] o.s.security.web.FilterChainProxy        : Securing GET /api/stations
2026-04-15T20:10:54.476+01:00  INFO 13592 --- [gestionUser] [io-8081-exec-10] t.e.s.baladna.user.security.JwtFilter    : Request to: /api/stations - Auth header: present
2026-04-15T20:10:54.477+01:00  INFO 13592 --- [gestionUser] [io-8081-exec-10] t.e.s.baladna.user.security.JwtFilter    : Token extracted (length: 167)
2026-04-15T20:10:54.483+01:00  INFO 13592 --- [gestionUser] [io-8081-exec-10] t.e.s.baladna.user.security.JwtFilter    : Email extracted from token: ahmedm12@gmail.com
2026-04-15T20:10:54.486+01:00 DEBUG 13592 --- [gestionUser] [io-8081-exec-10] org.hibernate.SQL                        : select u1_0.id,u1_0.email,u1_0.first_name,u1_0.last_login,u1_0.last_name,u1_0.password,u1_0.preferred_language,u1_0.profile_photo,u1_0.role,u1_0.status from user u1_0 where u1_0.email=?
Hibernate: select u1_0.id,u1_0.email,u1_0.first_name,u1_0.last_login,u1_0.last_name,u1_0.password,u1_0.preferred_language,u1_0.profile_photo,u1_0.role,u1_0.status from user u1_0 where u1_0.email=?
2026-04-15T20:10:54.492+01:00  INFO 13592 --- [gestionUser] [io-8081-exec-10] t.e.s.baladna.user.security.JwtFilter    : User found: ahmedm12@gmail.com with role: HOST
2026-04-15T20:10:54.493+01:00  INFO 13592 --- [gestionUser] [io-8081-exec-10] t.e.s.baladna.user.security.JwtFilter    : Setting authentication with role: ROLE_HOST
2026-04-15T20:10:54.494+01:00  INFO 13592 --- [gestionUser] [io-8081-exec-10] t.e.s.baladna.user.security.JwtFilter    : Authentication set successfully
2026-04-15T20:10:54.494+01:00 DEBUG 13592 --- [gestionUser] [io-8081-exec-10] o.s.security.web.FilterChainProxy        : Secured GET /api/stations
2026-04-15T20:10:54.498+01:00 DEBUG 13592 --- [gestionUser] [io-8081-exec-10] o.s.web.servlet.DispatcherServlet        : GET "/api/stations", parameters={}
2026-04-15T20:10:54.498+01:00 DEBUG 13592 --- [gestionUser] [io-8081-exec-10] s.w.s.m.m.a.RequestMappingHandlerMapping : Mapped to tn.esprit.spring.baladna.transport.controller.StationController#getAllStations()
2026-04-15T20:10:54.506+01:00 DEBUG 13592 --- [gestionUser] [io-8081-exec-10] org.hibernate.SQL                        : select s1_0.id,s1_0.city,s1_0.downtown,s1_0.latitude,s1_0.longitude,s1_0.name,s1_0.surcharge from stations s1_0
Hibernate: select s1_0.id,s1_0.city,s1_0.downtown,s1_0.latitude,s1_0.longitude,s1_0.name,s1_0.surcharge from stations s1_0
2026-04-15T20:10:54.518+01:00 DEBUG 13592 --- [gestionUser] [io-8081-exec-10] m.m.a.RequestResponseBodyMethodProcessor : Using 'application/json', given [application/json, text/plain, */*] and supported [application/json, application/*+json, application/yaml]
2026-04-15T20:10:54.520+01:00 DEBUG 13592 --- [gestionUser] [io-8081-exec-10] m.m.a.RequestResponseBodyMethodProcessor : Writing [[StationDTO(id=5, name=Barcelone, city=kbeli, surcharge=3.0, downtown=true, latitude=0.0, longitude= (truncated)...]
2026-04-15T20:10:54.525+01:00 DEBUG 13592 --- [gestionUser] [io-8081-exec-10] o.s.web.servlet.DispatcherServlet        : Completed 200 OK
2026-04-15T20:10:57.798+01:00 DEBUG 13592 --- [gestionUser] [nio-8081-exec-5] o.s.security.web.FilterChainProxy        : Securing GET /api/stations
2026-04-15T20:10:57.798+01:00 DEBUG 13592 --- [gestionUser] [nio-8081-exec-3] o.s.security.web.FilterChainProxy        : Securing OPTIONS /api/trajets
2026-04-15T20:10:57.805+01:00  INFO 13592 --- [gestionUser] [nio-8081-exec-5] t.e.s.baladna.user.security.JwtFilter    : Request to: /api/stations - Auth header: present
2026-04-15T20:10:57.806+01:00  INFO 13592 --- [gestionUser] [nio-8081-exec-5] t.e.s.baladna.user.security.JwtFilter    : Token extracted (length: 167)
2026-04-15T20:10:57.811+01:00  INFO 13592 --- [gestionUser] [nio-8081-exec-5] t.e.s.baladna.user.security.JwtFilter    : Email extracted from token: ahmedm12@gmail.com
2026-04-15T20:10:57.812+01:00 DEBUG 13592 --- [gestionUser] [nio-8081-exec-4] o.s.security.web.FilterChainProxy        : Securing GET /api/trajets
2026-04-15T20:10:57.814+01:00 DEBUG 13592 --- [gestionUser] [nio-8081-exec-5] org.hibernate.SQL                        : select u1_0.id,u1_0.email,u1_0.first_name,u1_0.last_login,u1_0.last_name,u1_0.password,u1_0.preferred_language,u1_0.profile_photo,u1_0.role,u1_0.status from user u1_0 where u1_0.email=?
Hibernate: select u1_0.id,u1_0.email,u1_0.first_name,u1_0.last_login,u1_0.last_name,u1_0.password,u1_0.preferred_language,u1_0.profile_photo,u1_0.role,u1_0.status from user u1_0 where u1_0.email=?
2026-04-15T20:10:57.814+01:00  INFO 13592 --- [gestionUser] [nio-8081-exec-4] t.e.s.baladna.user.security.JwtFilter    : Request to: /api/trajets - Auth header: present
2026-04-15T20:10:57.817+01:00  INFO 13592 --- [gestionUser] [nio-8081-exec-4] t.e.s.baladna.user.security.JwtFilter    : Token extracted (length: 167)
2026-04-15T20:10:57.819+01:00  INFO 13592 --- [gestionUser] [nio-8081-exec-5] t.e.s.baladna.user.security.JwtFilter    : User found: ahmedm12@gmail.com with role: HOST
2026-04-15T20:10:57.819+01:00  INFO 13592 --- [gestionUser] [nio-8081-exec-5] t.e.s.baladna.user.security.JwtFilter    : Setting authentication with role: ROLE_HOST
2026-04-15T20:10:57.821+01:00  INFO 13592 --- [gestionUser] [nio-8081-exec-4] t.e.s.baladna.user.security.JwtFilter    : Email extracted from token: ahmedm12@gmail.com
2026-04-15T20:10:57.821+01:00  INFO 13592 --- [gestionUser] [nio-8081-exec-5] t.e.s.baladna.user.security.JwtFilter    : Authentication set successfully
2026-04-15T20:10:57.823+01:00 DEBUG 13592 --- [gestionUser] [nio-8081-exec-5] o.s.security.web.FilterChainProxy        : Secured GET /api/stations
2026-04-15T20:10:57.823+01:00 DEBUG 13592 --- [gestionUser] [nio-8081-exec-4] org.hibernate.SQL                        : select u1_0.id,u1_0.email,u1_0.first_name,u1_0.last_login,u1_0.last_name,u1_0.password,u1_0.preferred_language,u1_0.profile_photo,u1_0.role,u1_0.status from user u1_0 where u1_0.email=?
Hibernate: select u1_0.id,u1_0.email,u1_0.first_name,u1_0.last_login,u1_0.last_name,u1_0.password,u1_0.preferred_language,u1_0.profile_photo,u1_0.role,u1_0.status from user u1_0 where u1_0.email=?
2026-04-15T20:10:57.824+01:00 DEBUG 13592 --- [gestionUser] [nio-8081-exec-5] o.s.web.servlet.DispatcherServlet        : GET "/api/stations", parameters={}
2026-04-15T20:10:57.826+01:00 DEBUG 13592 --- [gestionUser] [nio-8081-exec-5] s.w.s.m.m.a.RequestMappingHandlerMapping : Mapped to tn.esprit.spring.baladna.transport.controller.StationController#getAllStations()
2026-04-15T20:10:57.828+01:00  INFO 13592 --- [gestionUser] [nio-8081-exec-4] t.e.s.baladna.user.security.JwtFilter    : User found: ahmedm12@gmail.com with role: HOST
2026-04-15T20:10:57.828+01:00  INFO 13592 --- [gestionUser] [nio-8081-exec-4] t.e.s.baladna.user.security.JwtFilter    : Setting authentication with role: ROLE_HOST
2026-04-15T20:10:57.828+01:00  INFO 13592 --- [gestionUser] [nio-8081-exec-4] t.e.s.baladna.user.security.JwtFilter    : Authentication set successfully
2026-04-15T20:10:57.828+01:00 DEBUG 13592 --- [gestionUser] [nio-8081-exec-4] o.s.security.web.FilterChainProxy        : Secured GET /api/trajets
2026-04-15T20:10:57.828+01:00 DEBUG 13592 --- [gestionUser] [nio-8081-exec-5] org.hibernate.SQL                        : select s1_0.id,s1_0.city,s1_0.downtown,s1_0.latitude,s1_0.longitude,s1_0.name,s1_0.surcharge from stations s1_0
Hibernate: select s1_0.id,s1_0.city,s1_0.downtown,s1_0.latitude,s1_0.longitude,s1_0.name,s1_0.surcharge from stations s1_0
2026-04-15T20:10:57.828+01:00 DEBUG 13592 --- [gestionUser] [nio-8081-exec-4] o.s.web.servlet.DispatcherServlet        : GET "/api/trajets", parameters={}
2026-04-15T20:10:57.828+01:00 DEBUG 13592 --- [gestionUser] [nio-8081-exec-4] s.w.s.m.m.a.RequestMappingHandlerMapping : Mapped to tn.esprit.spring.baladna.transport.controller.TrajetController#getAllTrajets()
2026-04-15T20:10:57.841+01:00 DEBUG 13592 --- [gestionUser] [nio-8081-exec-5] m.m.a.RequestResponseBodyMethodProcessor : Using 'application/json', given [application/json, text/plain, */*] and supported [application/json, application/*+json, application/yaml]
2026-04-15T20:10:57.841+01:00 DEBUG 13592 --- [gestionUser] [nio-8081-exec-4] org.hibernate.SQL                        : select t1_0.id,t1_0.arrival_station_id,t1_0.departure_station_id,t1_0.distance_km,t1_0.estimated_duration_minutes,t1_0.price_per_km,t1_0.route_geo_json from trajets t1_0
Hibernate: select t1_0.id,t1_0.arrival_station_id,t1_0.departure_station_id,t1_0.distance_km,t1_0.estimated_duration_minutes,t1_0.price_per_km,t1_0.route_geo_json from trajets t1_0
2026-04-15T20:10:57.842+01:00 DEBUG 13592 --- [gestionUser] [nio-8081-exec-5] m.m.a.RequestResponseBodyMethodProcessor : Writing [[StationDTO(id=5, name=Barcelone, city=kbeli, surcharge=3.0, downtown=true, latitude=0.0, longitude= (truncated)...]
2026-04-15T20:10:57.847+01:00 DEBUG 13592 --- [gestionUser] [nio-8081-exec-5] o.s.web.servlet.DispatcherServlet        : Completed 200 OK
2026-04-15T20:10:57.848+01:00 DEBUG 13592 --- [gestionUser] [nio-8081-exec-4] org.hibernate.SQL                        : select s1_0.id,s1_0.city,s1_0.downtown,s1_0.latitude,s1_0.longitude,s1_0.name,s1_0.surcharge from stations s1_0 where s1_0.id=?
Hibernate: select s1_0.id,s1_0.city,s1_0.downtown,s1_0.latitude,s1_0.longitude,s1_0.name,s1_0.surcharge from stations s1_0 where s1_0.id=?
2026-04-15T20:10:57.853+01:00 DEBUG 13592 --- [gestionUser] [nio-8081-exec-4] org.hibernate.SQL                        : select s1_0.id,s1_0.city,s1_0.downtown,s1_0.latitude,s1_0.longitude,s1_0.name,s1_0.surcharge from stations s1_0 where s1_0.id=?
Hibernate: select s1_0.id,s1_0.city,s1_0.downtown,s1_0.latitude,s1_0.longitude,s1_0.name,s1_0.surcharge from stations s1_0 where s1_0.id=?
2026-04-15T20:10:57.858+01:00 DEBUG 13592 --- [gestionUser] [nio-8081-exec-4] org.hibernate.SQL                        : select s1_0.id,s1_0.city,s1_0.downtown,s1_0.latitude,s1_0.longitude,s1_0.name,s1_0.surcharge from stations s1_0 where s1_0.id=?
Hibernate: select s1_0.id,s1_0.city,s1_0.downtown,s1_0.latitude,s1_0.longitude,s1_0.name,s1_0.surcharge from stations s1_0 where s1_0.id=?
2026-04-15T20:10:57.862+01:00 DEBUG 13592 --- [gestionUser] [nio-8081-exec-4] org.hibernate.SQL                        : select s1_0.id,s1_0.city,s1_0.downtown,s1_0.latitude,s1_0.longitude,s1_0.name,s1_0.surcharge from stations s1_0 where s1_0.id=?
Hibernate: select s1_0.id,s1_0.city,s1_0.downtown,s1_0.latitude,s1_0.longitude,s1_0.name,s1_0.surcharge from stations s1_0 where s1_0.id=?
2026-04-15T20:10:57.866+01:00 DEBUG 13592 --- [gestionUser] [nio-8081-exec-4] org.hibernate.SQL                        : select s1_0.id,s1_0.city,s1_0.downtown,s1_0.latitude,s1_0.longitude,s1_0.name,s1_0.surcharge from stations s1_0 where s1_0.id=?
Hibernate: select s1_0.id,s1_0.city,s1_0.downtown,s1_0.latitude,s1_0.longitude,s1_0.name,s1_0.surcharge from stations s1_0 where s1_0.id=?
2026-04-15T20:10:57.869+01:00 DEBUG 13592 --- [gestionUser] [nio-8081-exec-4] org.hibernate.SQL                        : select s1_0.id,s1_0.city,s1_0.downtown,s1_0.latitude,s1_0.longitude,s1_0.name,s1_0.surcharge from stations s1_0 where s1_0.id=?
Hibernate: select s1_0.id,s1_0.city,s1_0.downtown,s1_0.latitude,s1_0.longitude,s1_0.name,s1_0.surcharge from stations s1_0 where s1_0.id=?
2026-04-15T20:10:57.873+01:00 DEBUG 13592 --- [gestionUser] [nio-8081-exec-4] org.hibernate.SQL                        : select s1_0.id,s1_0.city,s1_0.downtown,s1_0.latitude,s1_0.longitude,s1_0.name,s1_0.surcharge from stations s1_0 where s1_0.id=?
Hibernate: select s1_0.id,s1_0.city,s1_0.downtown,s1_0.latitude,s1_0.longitude,s1_0.name,s1_0.surcharge from stations s1_0 where s1_0.id=?
2026-04-15T20:10:57.879+01:00 DEBUG 13592 --- [gestionUser] [nio-8081-exec-4] m.m.a.RequestResponseBodyMethodProcessor : Using 'application/json', given [application/json, text/plain, */*] and supported [application/json, application/*+json, application/yaml]
2026-04-15T20:10:57.879+01:00 DEBUG 13592 --- [gestionUser] [nio-8081-exec-4] m.m.a.RequestResponseBodyMethodProcessor : Writing [[TrajetDTO(id=2, departureStationId=5, departureStationName=Barcelone, arrivalStationId=6, arrivalSt (truncated)...]
2026-04-15T20:10:57.879+01:00 DEBUG 13592 --- [gestionUser] [nio-8081-exec-4] o.s.web.servlet.DispatcherServlet        : Completed 200 OK
2026-04-15T20:10:59.802+01:00 DEBUG 13592 --- [gestionUser] [nio-8081-exec-2] o.s.security.web.FilterChainProxy        : Securing OPTIONS /api/stations
2026-04-15T20:10:59.818+01:00 DEBUG 13592 --- [gestionUser] [nio-8081-exec-6] o.s.security.web.FilterChainProxy        : Securing GET /api/stations
2026-04-15T20:10:59.821+01:00  INFO 13592 --- [gestionUser] [nio-8081-exec-6] t.e.s.baladna.user.security.JwtFilter    : Request to: /api/stations - Auth header: present
2026-04-15T20:10:59.823+01:00  INFO 13592 --- [gestionUser] [nio-8081-exec-6] t.e.s.baladna.user.security.JwtFilter    : Token extracted (length: 167)
2026-04-15T20:10:59.827+01:00  INFO 13592 --- [gestionUser] [nio-8081-exec-6] t.e.s.baladna.user.security.JwtFilter    : Email extracted from token: ahmedm12@gmail.com
2026-04-15T20:10:59.829+01:00 DEBUG 13592 --- [gestionUser] [nio-8081-exec-6] org.hibernate.SQL                        : select u1_0.id,u1_0.email,u1_0.first_name,u1_0.last_login,u1_0.last_name,u1_0.password,u1_0.preferred_language,u1_0.profile_photo,u1_0.role,u1_0.status from user u1_0 where u1_0.email=?
Hibernate: select u1_0.id,u1_0.email,u1_0.first_name,u1_0.last_login,u1_0.last_name,u1_0.password,u1_0.preferred_language,u1_0.profile_photo,u1_0.role,u1_0.status from user u1_0 where u1_0.email=?
2026-04-15T20:10:59.832+01:00  INFO 13592 --- [gestionUser] [nio-8081-exec-6] t.e.s.baladna.user.security.JwtFilter    : User found: ahmedm12@gmail.com with role: HOST
2026-04-15T20:10:59.832+01:00  INFO 13592 --- [gestionUser] [nio-8081-exec-6] t.e.s.baladna.user.security.JwtFilter    : Setting authentication with role: ROLE_HOST
2026-04-15T20:10:59.832+01:00  INFO 13592 --- [gestionUser] [nio-8081-exec-6] t.e.s.baladna.user.security.JwtFilter    : Authentication set successfully
2026-04-15T20:10:59.832+01:00 DEBUG 13592 --- [gestionUser] [nio-8081-exec-6] o.s.security.web.FilterChainProxy        : Secured GET /api/stations
2026-04-15T20:10:59.840+01:00 DEBUG 13592 --- [gestionUser] [nio-8081-exec-6] o.s.web.servlet.DispatcherServlet        : GET "/api/stations", parameters={}
2026-04-15T20:10:59.841+01:00 DEBUG 13592 --- [gestionUser] [nio-8081-exec-6] s.w.s.m.m.a.RequestMappingHandlerMapping : Mapped to tn.esprit.spring.baladna.transport.controller.StationController#getAllStations()
2026-04-15T20:10:59.846+01:00 DEBUG 13592 --- [gestionUser] [nio-8081-exec-6] org.hibernate.SQL                        : select s1_0.id,s1_0.city,s1_0.downtown,s1_0.latitude,s1_0.longitude,s1_0.name,s1_0.surcharge from stations s1_0
Hibernate: select s1_0.id,s1_0.city,s1_0.downtown,s1_0.latitude,s1_0.longitude,s1_0.name,s1_0.surcharge from stations s1_0
2026-04-15T20:10:59.854+01:00 DEBUG 13592 --- [gestionUser] [nio-8081-exec-6] m.m.a.RequestResponseBodyMethodProcessor : Using 'application/json', given [application/json, text/plain, */*] and supported [application/json, application/*+json, application/yaml]
2026-04-15T20:10:59.854+01:00 DEBUG 13592 --- [gestionUser] [nio-8081-exec-6] m.m.a.RequestResponseBodyMethodProcessor : Writing [[StationDTO(id=5, name=Barcelone, city=kbeli, surcharge=3.0, downtown=true, latitude=0.0, longitude= (truncated)...]
2026-04-15T20:10:59.858+01:00 DEBUG 13592 --- [gestionUser] [nio-8081-exec-6] o.s.web.servlet.DispatcherServlet        : Completed 200 OK
2026-04-15T20:11:01.468+01:00 DEBUG 13592 --- [gestionUser] [nio-8081-exec-7] o.s.security.web.FilterChainProxy        : Securing GET /api/stations
2026-04-15T20:11:01.468+01:00 DEBUG 13592 --- [gestionUser] [nio-8081-exec-9] o.s.security.web.FilterChainProxy        : Securing GET /api/trajets
2026-04-15T20:11:01.470+01:00  INFO 13592 --- [gestionUser] [nio-8081-exec-7] t.e.s.baladna.user.security.JwtFilter    : Request to: /api/stations - Auth header: present
2026-04-15T20:11:01.471+01:00  INFO 13592 --- [gestionUser] [nio-8081-exec-7] t.e.s.baladna.user.security.JwtFilter    : Token extracted (length: 167)
2026-04-15T20:11:01.471+01:00  INFO 13592 --- [gestionUser] [nio-8081-exec-9] t.e.s.baladna.user.security.JwtFilter    : Request to: /api/trajets - Auth header: present
2026-04-15T20:11:01.474+01:00  INFO 13592 --- [gestionUser] [nio-8081-exec-9] t.e.s.baladna.user.security.JwtFilter    : Token extracted (length: 167)
2026-04-15T20:11:01.476+01:00  INFO 13592 --- [gestionUser] [nio-8081-exec-7] t.e.s.baladna.user.security.JwtFilter    : Email extracted from token: ahmedm12@gmail.com
2026-04-15T20:11:01.477+01:00  INFO 13592 --- [gestionUser] [nio-8081-exec-9] t.e.s.baladna.user.security.JwtFilter    : Email extracted from token: ahmedm12@gmail.com
2026-04-15T20:11:01.477+01:00 DEBUG 13592 --- [gestionUser] [nio-8081-exec-7] org.hibernate.SQL                        : select u1_0.id,u1_0.email,u1_0.first_name,u1_0.last_login,u1_0.last_name,u1_0.password,u1_0.preferred_language,u1_0.profile_photo,u1_0.role,u1_0.status from user u1_0 where u1_0.email=?
Hibernate: select u1_0.id,u1_0.email,u1_0.first_name,u1_0.last_login,u1_0.last_name,u1_0.password,u1_0.preferred_language,u1_0.profile_photo,u1_0.role,u1_0.status from user u1_0 where u1_0.email=?
2026-04-15T20:11:01.479+01:00 DEBUG 13592 --- [gestionUser] [nio-8081-exec-9] org.hibernate.SQL                        : select u1_0.id,u1_0.email,u1_0.first_name,u1_0.last_login,u1_0.last_name,u1_0.password,u1_0.preferred_language,u1_0.profile_photo,u1_0.role,u1_0.status from user u1_0 where u1_0.email=?
Hibernate: select u1_0.id,u1_0.email,u1_0.first_name,u1_0.last_login,u1_0.last_name,u1_0.password,u1_0.preferred_language,u1_0.profile_photo,u1_0.role,u1_0.status from user u1_0 where u1_0.email=?
2026-04-15T20:11:01.483+01:00  INFO 13592 --- [gestionUser] [nio-8081-exec-7] t.e.s.baladna.user.security.JwtFilter    : User found: ahmedm12@gmail.com with role: HOST
2026-04-15T20:11:01.485+01:00  INFO 13592 --- [gestionUser] [nio-8081-exec-7] t.e.s.baladna.user.security.JwtFilter    : Setting authentication with role: ROLE_HOST
2026-04-15T20:11:01.485+01:00  INFO 13592 --- [gestionUser] [nio-8081-exec-9] t.e.s.baladna.user.security.JwtFilter    : User found: ahmedm12@gmail.com with role: HOST
2026-04-15T20:11:01.486+01:00  INFO 13592 --- [gestionUser] [nio-8081-exec-7] t.e.s.baladna.user.security.JwtFilter    : Authentication set successfully
2026-04-15T20:11:01.487+01:00  INFO 13592 --- [gestionUser] [nio-8081-exec-9] t.e.s.baladna.user.security.JwtFilter    : Setting authentication with role: ROLE_HOST
2026-04-15T20:11:01.488+01:00 DEBUG 13592 --- [gestionUser] [nio-8081-exec-7] o.s.security.web.FilterChainProxy        : Secured GET /api/stations
2026-04-15T20:11:01.489+01:00  INFO 13592 --- [gestionUser] [nio-8081-exec-9] t.e.s.baladna.user.security.JwtFilter    : Authentication set successfully
2026-04-15T20:11:01.490+01:00 DEBUG 13592 --- [gestionUser] [nio-8081-exec-7] o.s.web.servlet.DispatcherServlet        : GET "/api/stations", parameters={}
2026-04-15T20:11:01.491+01:00 DEBUG 13592 --- [gestionUser] [nio-8081-exec-9] o.s.security.web.FilterChainProxy        : Secured GET /api/trajets
2026-04-15T20:11:01.492+01:00 DEBUG 13592 --- [gestionUser] [nio-8081-exec-7] s.w.s.m.m.a.RequestMappingHandlerMapping : Mapped to tn.esprit.spring.baladna.transport.controller.StationController#getAllStations()
2026-04-15T20:11:01.493+01:00 DEBUG 13592 --- [gestionUser] [nio-8081-exec-9] o.s.web.servlet.DispatcherServlet        : GET "/api/trajets", parameters={}
2026-04-15T20:11:01.495+01:00 DEBUG 13592 --- [gestionUser] [nio-8081-exec-9] s.w.s.m.m.a.RequestMappingHandlerMapping : Mapped to tn.esprit.spring.baladna.transport.controller.TrajetController#getAllTrajets()
2026-04-15T20:11:01.499+01:00 DEBUG 13592 --- [gestionUser] [nio-8081-exec-7] org.hibernate.SQL                        : select s1_0.id,s1_0.city,s1_0.downtown,s1_0.latitude,s1_0.longitude,s1_0.name,s1_0.surcharge from stations s1_0
Hibernate: select s1_0.id,s1_0.city,s1_0.downtown,s1_0.latitude,s1_0.longitude,s1_0.name,s1_0.surcharge from stations s1_0
2026-04-15T20:11:01.500+01:00 DEBUG 13592 --- [gestionUser] [nio-8081-exec-9] org.hibernate.SQL                        : select t1_0.id,t1_0.arrival_station_id,t1_0.departure_station_id,t1_0.distance_km,t1_0.estimated_duration_minutes,t1_0.price_per_km,t1_0.route_geo_json from trajets t1_0
Hibernate: select t1_0.id,t1_0.arrival_station_id,t1_0.departure_station_id,t1_0.distance_km,t1_0.estimated_duration_minutes,t1_0.price_per_km,t1_0.route_geo_json from trajets t1_0
2026-04-15T20:11:01.507+01:00 DEBUG 13592 --- [gestionUser] [nio-8081-exec-9] org.hibernate.SQL                        : select s1_0.id,s1_0.city,s1_0.downtown,s1_0.latitude,s1_0.longitude,s1_0.name,s1_0.surcharge from stations s1_0 where s1_0.id=?
Hibernate: select s1_0.id,s1_0.city,s1_0.downtown,s1_0.latitude,s1_0.longitude,s1_0.name,s1_0.surcharge from stations s1_0 where s1_0.id=?
2026-04-15T20:11:01.507+01:00 DEBUG 13592 --- [gestionUser] [nio-8081-exec-7] m.m.a.RequestResponseBodyMethodProcessor : Using 'application/json', given [application/json, text/plain, */*] and supported [application/json, application/*+json, application/yaml]
2026-04-15T20:11:01.510+01:00 DEBUG 13592 --- [gestionUser] [nio-8081-exec-7] m.m.a.RequestResponseBodyMethodProcessor : Writing [[StationDTO(id=5, name=Barcelone, city=kbeli, surcharge=3.0, downtown=true, latitude=0.0, longitude= (truncated)...]
2026-04-15T20:11:01.510+01:00 DEBUG 13592 --- [gestionUser] [nio-8081-exec-9] org.hibernate.SQL                        : select s1_0.id,s1_0.city,s1_0.downtown,s1_0.latitude,s1_0.longitude,s1_0.name,s1_0.surcharge from stations s1_0 where s1_0.id=?
Hibernate: select s1_0.id,s1_0.city,s1_0.downtown,s1_0.latitude,s1_0.longitude,s1_0.name,s1_0.surcharge from stations s1_0 where s1_0.id=?
2026-04-15T20:11:01.510+01:00 DEBUG 13592 --- [gestionUser] [nio-8081-exec-7] o.s.web.servlet.DispatcherServlet        : Completed 200 OK
2026-04-15T20:11:01.515+01:00 DEBUG 13592 --- [gestionUser] [nio-8081-exec-9] org.hibernate.SQL                        : select s1_0.id,s1_0.city,s1_0.downtown,s1_0.latitude,s1_0.longitude,s1_0.name,s1_0.surcharge from stations s1_0 where s1_0.id=?
Hibernate: select s1_0.id,s1_0.city,s1_0.downtown,s1_0.latitude,s1_0.longitude,s1_0.name,s1_0.surcharge from stations s1_0 where s1_0.id=?
2026-04-15T20:11:01.517+01:00 DEBUG 13592 --- [gestionUser] [nio-8081-exec-9] org.hibernate.SQL                        : select s1_0.id,s1_0.city,s1_0.downtown,s1_0.latitude,s1_0.longitude,s1_0.name,s1_0.surcharge from stations s1_0 where s1_0.id=?
Hibernate: select s1_0.id,s1_0.city,s1_0.downtown,s1_0.latitude,s1_0.longitude,s1_0.name,s1_0.surcharge from stations s1_0 where s1_0.id=?
2026-04-15T20:11:01.523+01:00 DEBUG 13592 --- [gestionUser] [nio-8081-exec-9] org.hibernate.SQL                        : select s1_0.id,s1_0.city,s1_0.downtown,s1_0.latitude,s1_0.longitude,s1_0.name,s1_0.surcharge from stations s1_0 where s1_0.id=?
Hibernate: select s1_0.id,s1_0.city,s1_0.downtown,s1_0.latitude,s1_0.longitude,s1_0.name,s1_0.surcharge from stations s1_0 where s1_0.id=?
2026-04-15T20:11:01.529+01:00 DEBUG 13592 --- [gestionUser] [nio-8081-exec-9] org.hibernate.SQL                        : select s1_0.id,s1_0.city,s1_0.downtown,s1_0.latitude,s1_0.longitude,s1_0.name,s1_0.surcharge from stations s1_0 where s1_0.id=?
Hibernate: select s1_0.id,s1_0.city,s1_0.downtown,s1_0.latitude,s1_0.longitude,s1_0.name,s1_0.surcharge from stations s1_0 where s1_0.id=?
2026-04-15T20:11:01.529+01:00 DEBUG 13592 --- [gestionUser] [nio-8081-exec-9] org.hibernate.SQL                        : select s1_0.id,s1_0.city,s1_0.downtown,s1_0.latitude,s1_0.longitude,s1_0.name,s1_0.surcharge from stations s1_0 where s1_0.id=?
Hibernate: select s1_0.id,s1_0.city,s1_0.downtown,s1_0.latitude,s1_0.longitude,s1_0.name,s1_0.surcharge from stations s1_0 where s1_0.id=?
2026-04-15T20:11:01.543+01:00 DEBUG 13592 --- [gestionUser] [nio-8081-exec-9] m.m.a.RequestResponseBodyMethodProcessor : Using 'application/json', given [application/json, text/plain, */*] and supported [application/json, application/*+json, application/yaml]
2026-04-15T20:11:01.543+01:00 DEBUG 13592 --- [gestionUser] [nio-8081-exec-9] m.m.a.RequestResponseBodyMethodProcessor : Writing [[TrajetDTO(id=2, departureStationId=5, departureStationName=Barcelone, arrivalStationId=6, arrivalSt (truncated)...]
2026-04-15T20:11:01.551+01:00 DEBUG 13592 --- [gestionUser] [nio-8081-exec-9] o.s.web.servlet.DispatcherServlet        : Completed 200 OK
2026-04-15T20:11:31.132+01:00 DEBUG 13592 --- [gestionUser] [nio-8081-exec-8] o.s.security.web.FilterChainProxy        : Securing OPTIONS /api/stations
2026-04-15T20:11:31.133+01:00 DEBUG 13592 --- [gestionUser] [nio-8081-exec-1] o.s.security.web.FilterChainProxy        : Securing OPTIONS /api/trajets
2026-04-15T20:11:31.135+01:00 DEBUG 13592 --- [gestionUser] [io-8081-exec-10] o.s.security.web.FilterChainProxy        : Securing OPTIONS /api/transports
2026-04-15T20:11:31.142+01:00 DEBUG 13592 --- [gestionUser] [nio-8081-exec-3] o.s.security.web.FilterChainProxy        : Securing GET /api/stations
2026-04-15T20:11:31.142+01:00 DEBUG 13592 --- [gestionUser] [nio-8081-exec-5] o.s.security.web.FilterChainProxy        : Securing GET /api/trajets
2026-04-15T20:11:31.143+01:00 DEBUG 13592 --- [gestionUser] [nio-8081-exec-4] o.s.security.web.FilterChainProxy        : Securing GET /api/transports
2026-04-15T20:11:31.144+01:00  INFO 13592 --- [gestionUser] [nio-8081-exec-3] t.e.s.baladna.user.security.JwtFilter    : Request to: /api/stations - Auth header: present
2026-04-15T20:11:31.145+01:00  INFO 13592 --- [gestionUser] [nio-8081-exec-5] t.e.s.baladna.user.security.JwtFilter    : Request to: /api/trajets - Auth header: present
2026-04-15T20:11:31.146+01:00  INFO 13592 --- [gestionUser] [nio-8081-exec-4] t.e.s.baladna.user.security.JwtFilter    : Request to: /api/transports - Auth header: present
2026-04-15T20:11:31.146+01:00  INFO 13592 --- [gestionUser] [nio-8081-exec-3] t.e.s.baladna.user.security.JwtFilter    : Token extracted (length: 167)
2026-04-15T20:11:31.148+01:00  INFO 13592 --- [gestionUser] [nio-8081-exec-5] t.e.s.baladna.user.security.JwtFilter    : Token extracted (length: 167)
2026-04-15T20:11:31.149+01:00  INFO 13592 --- [gestionUser] [nio-8081-exec-4] t.e.s.baladna.user.security.JwtFilter    : Token extracted (length: 167)
2026-04-15T20:11:31.153+01:00  INFO 13592 --- [gestionUser] [nio-8081-exec-3] t.e.s.baladna.user.security.JwtFilter    : Email extracted from token: ahmedm12@gmail.com
2026-04-15T20:11:31.154+01:00  INFO 13592 --- [gestionUser] [nio-8081-exec-4] t.e.s.baladna.user.security.JwtFilter    : Email extracted from token: ahmedm12@gmail.com
2026-04-15T20:11:31.154+01:00  INFO 13592 --- [gestionUser] [nio-8081-exec-5] t.e.s.baladna.user.security.JwtFilter    : Email extracted from token: ahmedm12@gmail.com
2026-04-15T20:11:31.156+01:00 DEBUG 13592 --- [gestionUser] [nio-8081-exec-3] org.hibernate.SQL                        : select u1_0.id,u1_0.email,u1_0.first_name,u1_0.last_login,u1_0.last_name,u1_0.password,u1_0.preferred_language,u1_0.profile_photo,u1_0.role,u1_0.status from user u1_0 where u1_0.email=?
Hibernate: select u1_0.id,u1_0.email,u1_0.first_name,u1_0.last_login,u1_0.last_name,u1_0.password,u1_0.preferred_language,u1_0.profile_photo,u1_0.role,u1_0.status from user u1_0 where u1_0.email=?
2026-04-15T20:11:31.157+01:00 DEBUG 13592 --- [gestionUser] [nio-8081-exec-5] org.hibernate.SQL                        : select u1_0.id,u1_0.email,u1_0.first_name,u1_0.last_login,u1_0.last_name,u1_0.password,u1_0.preferred_language,u1_0.profile_photo,u1_0.role,u1_0.status from user u1_0 where u1_0.email=?
2026-04-15T20:11:31.157+01:00 DEBUG 13592 --- [gestionUser] [nio-8081-exec-4] org.hibernate.SQL                        : select u1_0.id,u1_0.email,u1_0.first_name,u1_0.last_login,u1_0.last_name,u1_0.password,u1_0.preferred_language,u1_0.profile_photo,u1_0.role,u1_0.status from user u1_0 where u1_0.email=?
Hibernate: select u1_0.id,u1_0.email,u1_0.first_name,u1_0.last_login,u1_0.last_name,u1_0.password,u1_0.preferred_language,u1_0.profile_photo,u1_0.role,u1_0.status from user u1_0 where u1_0.email=?
Hibernate: select u1_0.id,u1_0.email,u1_0.first_name,u1_0.last_login,u1_0.last_name,u1_0.password,u1_0.preferred_language,u1_0.profile_photo,u1_0.role,u1_0.status from user u1_0 where u1_0.email=?
2026-04-15T20:11:31.159+01:00  INFO 13592 --- [gestionUser] [nio-8081-exec-3] t.e.s.baladna.user.security.JwtFilter    : User found: ahmedm12@gmail.com with role: HOST
2026-04-15T20:11:31.159+01:00  INFO 13592 --- [gestionUser] [nio-8081-exec-3] t.e.s.baladna.user.security.JwtFilter    : Setting authentication with role: ROLE_HOST
2026-04-15T20:11:31.164+01:00  INFO 13592 --- [gestionUser] [nio-8081-exec-4] t.e.s.baladna.user.security.JwtFilter    : User found: ahmedm12@gmail.com with role: HOST
2026-04-15T20:11:31.164+01:00  INFO 13592 --- [gestionUser] [nio-8081-exec-4] t.e.s.baladna.user.security.JwtFilter    : Setting authentication with role: ROLE_HOST
2026-04-15T20:11:31.164+01:00  INFO 13592 --- [gestionUser] [nio-8081-exec-3] t.e.s.baladna.user.security.JwtFilter    : Authentication set successfully
2026-04-15T20:11:31.164+01:00  INFO 13592 --- [gestionUser] [nio-8081-exec-5] t.e.s.baladna.user.security.JwtFilter    : User found: ahmedm12@gmail.com with role: HOST
2026-04-15T20:11:31.167+01:00  INFO 13592 --- [gestionUser] [nio-8081-exec-4] t.e.s.baladna.user.security.JwtFilter    : Authentication set successfully
2026-04-15T20:11:31.167+01:00 DEBUG 13592 --- [gestionUser] [nio-8081-exec-3] o.s.security.web.FilterChainProxy        : Secured GET /api/stations
2026-04-15T20:11:31.167+01:00  INFO 13592 --- [gestionUser] [nio-8081-exec-5] t.e.s.baladna.user.security.JwtFilter    : Setting authentication with role: ROLE_HOST
2026-04-15T20:11:31.167+01:00 DEBUG 13592 --- [gestionUser] [nio-8081-exec-4] o.s.security.web.FilterChainProxy        : Secured GET /api/transports
2026-04-15T20:11:31.171+01:00 DEBUG 13592 --- [gestionUser] [nio-8081-exec-3] o.s.web.servlet.DispatcherServlet        : GET "/api/stations", parameters={}
2026-04-15T20:11:31.171+01:00  INFO 13592 --- [gestionUser] [nio-8081-exec-5] t.e.s.baladna.user.security.JwtFilter    : Authentication set successfully
2026-04-15T20:11:31.172+01:00 DEBUG 13592 --- [gestionUser] [nio-8081-exec-4] o.s.web.servlet.DispatcherServlet        : GET "/api/transports", parameters={}
2026-04-15T20:11:31.173+01:00 DEBUG 13592 --- [gestionUser] [nio-8081-exec-3] s.w.s.m.m.a.RequestMappingHandlerMapping : Mapped to tn.esprit.spring.baladna.transport.controller.StationController#getAllStations()
2026-04-15T20:11:31.174+01:00 DEBUG 13592 --- [gestionUser] [nio-8081-exec-5] o.s.security.web.FilterChainProxy        : Secured GET /api/trajets
2026-04-15T20:11:31.175+01:00 DEBUG 13592 --- [gestionUser] [nio-8081-exec-4] s.w.s.m.m.a.RequestMappingHandlerMapping : Mapped to tn.esprit.spring.baladna.transport.controller.TransportController#getAllTransports()
2026-04-15T20:11:31.177+01:00 DEBUG 13592 --- [gestionUser] [nio-8081-exec-5] o.s.web.servlet.DispatcherServlet        : GET "/api/trajets", parameters={}
2026-04-15T20:11:31.178+01:00 DEBUG 13592 --- [gestionUser] [nio-8081-exec-5] s.w.s.m.m.a.RequestMappingHandlerMapping : Mapped to tn.esprit.spring.baladna.transport.controller.TrajetController#getAllTrajets()
2026-04-15T20:11:31.181+01:00 DEBUG 13592 --- [gestionUser] [nio-8081-exec-3] org.hibernate.SQL                        : select s1_0.id,s1_0.city,s1_0.downtown,s1_0.latitude,s1_0.longitude,s1_0.name,s1_0.surcharge from stations s1_0
Hibernate: select s1_0.id,s1_0.city,s1_0.downtown,s1_0.latitude,s1_0.longitude,s1_0.name,s1_0.surcharge from stations s1_0
2026-04-15T20:11:31.182+01:00 DEBUG 13592 --- [gestionUser] [nio-8081-exec-4] org.hibernate.SQL                        : select t1_0.id,t1_0.available_seats,t1_0.base_price,t1_0.departure_date,t1_0.departure_point,t1_0.status,t1_0.total_capacity,t1_0.traffic_jam,t1_0.trajet_id,t1_0.weather,t1_0.weather_source from transports t1_0
Hibernate: select t1_0.id,t1_0.available_seats,t1_0.base_price,t1_0.departure_date,t1_0.departure_point,t1_0.status,t1_0.total_capacity,t1_0.traffic_jam,t1_0.trajet_id,t1_0.weather,t1_0.weather_source from transports t1_0
2026-04-15T20:11:31.182+01:00 DEBUG 13592 --- [gestionUser] [nio-8081-exec-5] org.hibernate.SQL                        : select t1_0.id,t1_0.arrival_station_id,t1_0.departure_station_id,t1_0.distance_km,t1_0.estimated_duration_minutes,t1_0.price_per_km,t1_0.route_geo_json from trajets t1_0
Hibernate: select t1_0.id,t1_0.arrival_station_id,t1_0.departure_station_id,t1_0.distance_km,t1_0.estimated_duration_minutes,t1_0.price_per_km,t1_0.route_geo_json from trajets t1_0
2026-04-15T20:11:31.186+01:00 DEBUG 13592 --- [gestionUser] [nio-8081-exec-4] org.hibernate.SQL                        : select t1_0.id,t1_0.arrival_station_id,as1_0.id,as1_0.city,as1_0.downtown,as1_0.latitude,as1_0.longitude,as1_0.name,as1_0.surcharge,t1_0.departure_station_id,ds1_0.id,ds1_0.city,ds1_0.downtown,ds1_0.latitude,ds1_0.longitude,ds1_0.name,ds1_0.surcharge,t1_0.distance_km,t1_0.estimated_duration_minutes,t1_0.price_per_km,t1_0.route_geo_json from trajets t1_0 join stations as1_0 on as1_0.id=t1_0.arrival_station_id join stations ds1_0 on ds1_0.id=t1_0.departure_station_id where t1_0.id=?
Hibernate: select t1_0.id,t1_0.arrival_station_id,as1_0.id,as1_0.city,as1_0.downtown,as1_0.latitude,as1_0.longitude,as1_0.name,as1_0.surcharge,t1_0.departure_station_id,ds1_0.id,ds1_0.city,ds1_0.downtown,ds1_0.latitude,ds1_0.longitude,ds1_0.name,ds1_0.surcharge,t1_0.distance_km,t1_0.estimated_duration_minutes,t1_0.price_per_km,t1_0.route_geo_json from trajets t1_0 join stations as1_0 on as1_0.id=t1_0.arrival_station_id join stations ds1_0 on ds1_0.id=t1_0.departure_station_id where t1_0.id=?
2026-04-15T20:11:31.189+01:00 DEBUG 13592 --- [gestionUser] [nio-8081-exec-3] m.m.a.RequestResponseBodyMethodProcessor : Using 'application/json', given [application/json, text/plain, */*] and supported [application/json, application/*+json, application/yaml]
2026-04-15T20:11:31.190+01:00 DEBUG 13592 --- [gestionUser] [nio-8081-exec-5] org.hibernate.SQL                        : select s1_0.id,s1_0.city,s1_0.downtown,s1_0.latitude,s1_0.longitude,s1_0.name,s1_0.surcharge from stations s1_0 where s1_0.id=?
Hibernate: select s1_0.id,s1_0.city,s1_0.downtown,s1_0.latitude,s1_0.longitude,s1_0.name,s1_0.surcharge from stations s1_0 where s1_0.id=?
2026-04-15T20:11:31.191+01:00 DEBUG 13592 --- [gestionUser] [nio-8081-exec-3] m.m.a.RequestResponseBodyMethodProcessor : Writing [[StationDTO(id=5, name=Barcelone, city=kbeli, surcharge=3.0, downtown=true, latitude=0.0, longitude= (truncated)...]
2026-04-15T20:11:31.194+01:00 DEBUG 13592 --- [gestionUser] [nio-8081-exec-4] m.m.a.RequestResponseBodyMethodProcessor : Using 'application/json', given [application/json, text/plain, */*] and supported [application/json, application/*+json, application/yaml]
2026-04-15T20:11:31.194+01:00 DEBUG 13592 --- [gestionUser] [nio-8081-exec-5] org.hibernate.SQL                        : select s1_0.id,s1_0.city,s1_0.downtown,s1_0.latitude,s1_0.longitude,s1_0.name,s1_0.surcharge from stations s1_0 where s1_0.id=?
Hibernate: select s1_0.id,s1_0.city,s1_0.downtown,s1_0.latitude,s1_0.longitude,s1_0.name,s1_0.surcharge from stations s1_0 where s1_0.id=?
2026-04-15T20:11:31.196+01:00 DEBUG 13592 --- [gestionUser] [nio-8081-exec-3] o.s.web.servlet.DispatcherServlet        : Completed 200 OK
2026-04-15T20:11:31.196+01:00 DEBUG 13592 --- [gestionUser] [nio-8081-exec-4] m.m.a.RequestResponseBodyMethodProcessor : Writing [[TransportDTO(id=3, departurePoint=Zied, departureDate=2026-04-22T21:53, realDepartureDate=2026-04-2 (truncated)...]
2026-04-15T20:11:31.200+01:00 DEBUG 13592 --- [gestionUser] [nio-8081-exec-5] org.hibernate.SQL                        : select s1_0.id,s1_0.city,s1_0.downtown,s1_0.latitude,s1_0.longitude,s1_0.name,s1_0.surcharge from stations s1_0 where s1_0.id=?
Hibernate: select s1_0.id,s1_0.city,s1_0.downtown,s1_0.latitude,s1_0.longitude,s1_0.name,s1_0.surcharge from stations s1_0 where s1_0.id=?
2026-04-15T20:11:31.201+01:00 DEBUG 13592 --- [gestionUser] [nio-8081-exec-4] o.s.web.servlet.DispatcherServlet        : Completed 200 OK
2026-04-15T20:11:31.205+01:00 DEBUG 13592 --- [gestionUser] [nio-8081-exec-5] org.hibernate.SQL                        : select s1_0.id,s1_0.city,s1_0.downtown,s1_0.latitude,s1_0.longitude,s1_0.name,s1_0.surcharge from stations s1_0 where s1_0.id=?
Hibernate: select s1_0.id,s1_0.city,s1_0.downtown,s1_0.latitude,s1_0.longitude,s1_0.name,s1_0.surcharge from stations s1_0 where s1_0.id=?
2026-04-15T20:11:31.208+01:00 DEBUG 13592 --- [gestionUser] [nio-8081-exec-5] org.hibernate.SQL                        : select s1_0.id,s1_0.city,s1_0.downtown,s1_0.latitude,s1_0.longitude,s1_0.name,s1_0.surcharge from stations s1_0 where s1_0.id=?
Hibernate: select s1_0.id,s1_0.city,s1_0.downtown,s1_0.latitude,s1_0.longitude,s1_0.name,s1_0.surcharge from stations s1_0 where s1_0.id=?
2026-04-15T20:11:31.209+01:00 DEBUG 13592 --- [gestionUser] [nio-8081-exec-5] org.hibernate.SQL                        : select s1_0.id,s1_0.city,s1_0.downtown,s1_0.latitude,s1_0.longitude,s1_0.name,s1_0.surcharge from stations s1_0 where s1_0.id=?
Hibernate: select s1_0.id,s1_0.city,s1_0.downtown,s1_0.latitude,s1_0.longitude,s1_0.name,s1_0.surcharge from stations s1_0 where s1_0.id=?
2026-04-15T20:11:31.216+01:00 DEBUG 13592 --- [gestionUser] [nio-8081-exec-5] org.hibernate.SQL                        : select s1_0.id,s1_0.city,s1_0.downtown,s1_0.latitude,s1_0.longitude,s1_0.name,s1_0.surcharge from stations s1_0 where s1_0.id=?
Hibernate: select s1_0.id,s1_0.city,s1_0.downtown,s1_0.latitude,s1_0.longitude,s1_0.name,s1_0.surcharge from stations s1_0 where s1_0.id=?
2026-04-15T20:11:31.225+01:00 DEBUG 13592 --- [gestionUser] [nio-8081-exec-5] m.m.a.RequestResponseBodyMethodProcessor : Using 'application/json', given [application/json, text/plain, */*] and supported [application/json, application/*+json, application/yaml]
2026-04-15T20:11:31.228+01:00 DEBUG 13592 --- [gestionUser] [nio-8081-exec-5] m.m.a.RequestResponseBodyMethodProcessor : Writing [[TrajetDTO(id=2, departureStationId=5, departureStationName=Barcelone, arrivalStationId=6, arrivalSt (truncated)...]
2026-04-15T20:11:31.232+01:00 DEBUG 13592 --- [gestionUser] [nio-8081-exec-5] o.s.web.servlet.DispatcherServlet        : Completed 200 OK
2026-04-15T20:11:56.771+01:00 DEBUG 13592 --- [gestionUser] [nio-8081-exec-2] o.s.security.web.FilterChainProxy        : Securing OPTIONS /api/transports
2026-04-15T20:11:56.784+01:00 DEBUG 13592 --- [gestionUser] [nio-8081-exec-6] o.s.security.web.FilterChainProxy        : Securing POST /api/transports
2026-04-15T20:11:56.784+01:00  INFO 13592 --- [gestionUser] [nio-8081-exec-6] t.e.s.baladna.user.security.JwtFilter    : Request to: /api/transports - Auth header: present
2026-04-15T20:11:56.791+01:00  INFO 13592 --- [gestionUser] [nio-8081-exec-6] t.e.s.baladna.user.security.JwtFilter    : Token extracted (length: 167)
2026-04-15T20:11:56.797+01:00  INFO 13592 --- [gestionUser] [nio-8081-exec-6] t.e.s.baladna.user.security.JwtFilter    : Email extracted from token: ahmedm12@gmail.com
2026-04-15T20:11:56.802+01:00 DEBUG 13592 --- [gestionUser] [nio-8081-exec-6] org.hibernate.SQL                        : select u1_0.id,u1_0.email,u1_0.first_name,u1_0.last_login,u1_0.last_name,u1_0.password,u1_0.preferred_language,u1_0.profile_photo,u1_0.role,u1_0.status from user u1_0 where u1_0.email=?
Hibernate: select u1_0.id,u1_0.email,u1_0.first_name,u1_0.last_login,u1_0.last_name,u1_0.password,u1_0.preferred_language,u1_0.profile_photo,u1_0.role,u1_0.status from user u1_0 where u1_0.email=?
2026-04-15T20:11:56.810+01:00  INFO 13592 --- [gestionUser] [nio-8081-exec-6] t.e.s.baladna.user.security.JwtFilter    : User found: ahmedm12@gmail.com with role: HOST
2026-04-15T20:11:56.814+01:00  INFO 13592 --- [gestionUser] [nio-8081-exec-6] t.e.s.baladna.user.security.JwtFilter    : Setting authentication with role: ROLE_HOST
2026-04-15T20:11:56.816+01:00  INFO 13592 --- [gestionUser] [nio-8081-exec-6] t.e.s.baladna.user.security.JwtFilter    : Authentication set successfully
2026-04-15T20:11:56.816+01:00 DEBUG 13592 --- [gestionUser] [nio-8081-exec-6] o.s.security.web.FilterChainProxy        : Secured POST /api/transports
2026-04-15T20:11:56.818+01:00 DEBUG 13592 --- [gestionUser] [nio-8081-exec-6] o.s.web.servlet.DispatcherServlet        : POST "/api/transports", parameters={}
2026-04-15T20:11:56.819+01:00 DEBUG 13592 --- [gestionUser] [nio-8081-exec-6] s.w.s.m.m.a.RequestMappingHandlerMapping : Mapped to tn.esprit.spring.baladna.transport.controller.TransportController#createTransport(TransportDTO)
2026-04-15T20:11:56.895+01:00 DEBUG 13592 --- [gestionUser] [nio-8081-exec-6] m.m.a.RequestResponseBodyMethodProcessor : Read "application/json;charset=UTF-8" to [TransportDTO(id=null, departurePoint=?????, Zaghouan, Zaghouan Ville, Délégation Zaghouan, Gouvernor (truncated)...]
2026-04-15T20:11:56.929+01:00 DEBUG 13592 --- [gestionUser] [nio-8081-exec-6] org.hibernate.SQL                        : select t1_0.id,t1_0.arrival_station_id,as1_0.id,as1_0.city,as1_0.downtown,as1_0.latitude,as1_0.longitude,as1_0.name,as1_0.surcharge,t1_0.departure_station_id,ds1_0.id,ds1_0.city,ds1_0.downtown,ds1_0.latitude,ds1_0.longitude,ds1_0.name,ds1_0.surcharge,t1_0.distance_km,t1_0.estimated_duration_minutes,t1_0.price_per_km,t1_0.route_geo_json from trajets t1_0 join stations as1_0 on as1_0.id=t1_0.arrival_station_id join stations ds1_0 on ds1_0.id=t1_0.departure_station_id where t1_0.id=?
Hibernate: select t1_0.id,t1_0.arrival_station_id,as1_0.id,as1_0.city,as1_0.downtown,as1_0.latitude,as1_0.longitude,as1_0.name,as1_0.surcharge,t1_0.departure_station_id,ds1_0.id,ds1_0.city,ds1_0.downtown,ds1_0.latitude,ds1_0.longitude,ds1_0.name,ds1_0.surcharge,t1_0.distance_km,t1_0.estimated_duration_minutes,t1_0.price_per_km,t1_0.route_geo_json from trajets t1_0 join stations as1_0 on as1_0.id=t1_0.arrival_station_id join stations ds1_0 on ds1_0.id=t1_0.departure_station_id where t1_0.id=?
2026-04-15T20:11:56.950+01:00 DEBUG 13592 --- [gestionUser] [nio-8081-exec-6] o.s.web.client.RestTemplate              : HTTP GET https://api.open-meteo.com/v1/forecast?latitude=36.399228&longitude=10.144919&hourly=weather_code&timezone=auto&start_date=2026-04-17&end_date=2026-04-17
2026-04-15T20:11:56.964+01:00 DEBUG 13592 --- [gestionUser] [nio-8081-exec-6] o.s.web.client.RestTemplate              : Accept=[application/json, application/yaml, application/*+json]
2026-04-15T20:11:57.548+01:00 DEBUG 13592 --- [gestionUser] [nio-8081-exec-6] o.s.web.client.RestTemplate              : Response 200 OK
2026-04-15T20:11:57.550+01:00 DEBUG 13592 --- [gestionUser] [nio-8081-exec-6] o.s.web.client.RestTemplate              : Reading to [tn.esprit.spring.baladna.transport.dto.OpenMeteoResponse]
2026-04-15T20:11:57.577+01:00 DEBUG 13592 --- [gestionUser] [nio-8081-exec-6] org.hibernate.SQL                        : insert into transports (available_seats,base_price,departure_date,departure_point,status,total_capacity,traffic_jam,trajet_id,weather,weather_source) values (?,?,?,?,?,?,?,?,?,?)
Hibernate: insert into transports (available_seats,base_price,departure_date,departure_point,status,total_capacity,traffic_jam,trajet_id,weather,weather_source) values (?,?,?,?,?,?,?,?,?,?)
2026-04-15T20:11:57.599+01:00 DEBUG 13592 --- [gestionUser] [nio-8081-exec-6] o.s.w.s.m.m.a.HttpEntityMethodProcessor  : Using 'application/json', given [application/json, text/plain, */*] and supported [application/json, application/*+json, application/yaml]
2026-04-15T20:11:57.600+01:00 DEBUG 13592 --- [gestionUser] [nio-8081-exec-6] o.s.w.s.m.m.a.HttpEntityMethodProcessor  : Writing [TransportDTO(id=19, departurePoint=?????, Zaghouan, Zaghouan Ville, Délégation Zaghouan, Gouvernorat (truncated)...]
2026-04-15T20:11:57.604+01:00 DEBUG 13592 --- [gestionUser] [nio-8081-exec-6] o.s.web.servlet.DispatcherServlet        : Completed 200 OK
2026-04-15T20:11:57.622+01:00 DEBUG 13592 --- [gestionUser] [nio-8081-exec-7] o.s.security.web.FilterChainProxy        : Securing GET /api/transports
2026-04-15T20:11:57.623+01:00  INFO 13592 --- [gestionUser] [nio-8081-exec-7] t.e.s.baladna.user.security.JwtFilter    : Request to: /api/transports - Auth header: present
2026-04-15T20:11:57.625+01:00  INFO 13592 --- [gestionUser] [nio-8081-exec-7] t.e.s.baladna.user.security.JwtFilter    : Token extracted (length: 167)
2026-04-15T20:11:57.629+01:00  INFO 13592 --- [gestionUser] [nio-8081-exec-7] t.e.s.baladna.user.security.JwtFilter    : Email extracted from token: ahmedm12@gmail.com
2026-04-15T20:11:57.631+01:00 DEBUG 13592 --- [gestionUser] [nio-8081-exec-7] org.hibernate.SQL                        : select u1_0.id,u1_0.email,u1_0.first_name,u1_0.last_login,u1_0.last_name,u1_0.password,u1_0.preferred_language,u1_0.profile_photo,u1_0.role,u1_0.status from user u1_0 where u1_0.email=?
Hibernate: select u1_0.id,u1_0.email,u1_0.first_name,u1_0.last_login,u1_0.last_name,u1_0.password,u1_0.preferred_language,u1_0.profile_photo,u1_0.role,u1_0.status from user u1_0 where u1_0.email=?
2026-04-15T20:11:57.631+01:00  INFO 13592 --- [gestionUser] [nio-8081-exec-7] t.e.s.baladna.user.security.JwtFilter    : User found: ahmedm12@gmail.com with role: HOST
2026-04-15T20:11:57.631+01:00  INFO 13592 --- [gestionUser] [nio-8081-exec-7] t.e.s.baladna.user.security.JwtFilter    : Setting authentication with role: ROLE_HOST
2026-04-15T20:11:57.631+01:00  INFO 13592 --- [gestionUser] [nio-8081-exec-7] t.e.s.baladna.user.security.JwtFilter    : Authentication set successfully
2026-04-15T20:11:57.631+01:00 DEBUG 13592 --- [gestionUser] [nio-8081-exec-7] o.s.security.web.FilterChainProxy        : Secured GET /api/transports
2026-04-15T20:11:57.640+01:00 DEBUG 13592 --- [gestionUser] [nio-8081-exec-7] o.s.web.servlet.DispatcherServlet        : GET "/api/transports", parameters={}
2026-04-15T20:11:57.640+01:00 DEBUG 13592 --- [gestionUser] [nio-8081-exec-7] s.w.s.m.m.a.RequestMappingHandlerMapping : Mapped to tn.esprit.spring.baladna.transport.controller.TransportController#getAllTransports()
2026-04-15T20:11:57.645+01:00 DEBUG 13592 --- [gestionUser] [nio-8081-exec-7] org.hibernate.SQL                        : select t1_0.id,t1_0.available_seats,t1_0.base_price,t1_0.departure_date,t1_0.departure_point,t1_0.status,t1_0.total_capacity,t1_0.traffic_jam,t1_0.trajet_id,t1_0.weather,t1_0.weather_source from transports t1_0
Hibernate: select t1_0.id,t1_0.available_seats,t1_0.base_price,t1_0.departure_date,t1_0.departure_point,t1_0.status,t1_0.total_capacity,t1_0.traffic_jam,t1_0.trajet_id,t1_0.weather,t1_0.weather_source from transports t1_0
2026-04-15T20:11:57.652+01:00 DEBUG 13592 --- [gestionUser] [nio-8081-exec-7] org.hibernate.SQL                        : select t1_0.id,t1_0.arrival_station_id,as1_0.id,as1_0.city,as1_0.downtown,as1_0.latitude,as1_0.longitude,as1_0.name,as1_0.surcharge,t1_0.departure_station_id,ds1_0.id,ds1_0.city,ds1_0.downtown,ds1_0.latitude,ds1_0.longitude,ds1_0.name,ds1_0.surcharge,t1_0.distance_km,t1_0.estimated_duration_minutes,t1_0.price_per_km,t1_0.route_geo_json from trajets t1_0 join stations as1_0 on as1_0.id=t1_0.arrival_station_id join stations ds1_0 on ds1_0.id=t1_0.departure_station_id where t1_0.id=?
Hibernate: select t1_0.id,t1_0.arrival_station_id,as1_0.id,as1_0.city,as1_0.downtown,as1_0.latitude,as1_0.longitude,as1_0.name,as1_0.surcharge,t1_0.departure_station_id,ds1_0.id,ds1_0.city,ds1_0.downtown,ds1_0.latitude,ds1_0.longitude,ds1_0.name,ds1_0.surcharge,t1_0.distance_km,t1_0.estimated_duration_minutes,t1_0.price_per_km,t1_0.route_geo_json from trajets t1_0 join stations as1_0 on as1_0.id=t1_0.arrival_station_id join stations ds1_0 on ds1_0.id=t1_0.departure_station_id where t1_0.id=?
2026-04-15T20:11:57.657+01:00 DEBUG 13592 --- [gestionUser] [nio-8081-exec-7] org.hibernate.SQL                        : select t1_0.id,t1_0.arrival_station_id,as1_0.id,as1_0.city,as1_0.downtown,as1_0.latitude,as1_0.longitude,as1_0.name,as1_0.surcharge,t1_0.departure_station_id,ds1_0.id,ds1_0.city,ds1_0.downtown,ds1_0.latitude,ds1_0.longitude,ds1_0.name,ds1_0.surcharge,t1_0.distance_km,t1_0.estimated_duration_minutes,t1_0.price_per_km,t1_0.route_geo_json from trajets t1_0 join stations as1_0 on as1_0.id=t1_0.arrival_station_id join stations ds1_0 on ds1_0.id=t1_0.departure_station_id where t1_0.id=?
Hibernate: select t1_0.id,t1_0.arrival_station_id,as1_0.id,as1_0.city,as1_0.downtown,as1_0.latitude,as1_0.longitude,as1_0.name,as1_0.surcharge,t1_0.departure_station_id,ds1_0.id,ds1_0.city,ds1_0.downtown,ds1_0.latitude,ds1_0.longitude,ds1_0.name,ds1_0.surcharge,t1_0.distance_km,t1_0.estimated_duration_minutes,t1_0.price_per_km,t1_0.route_geo_json from trajets t1_0 join stations as1_0 on as1_0.id=t1_0.arrival_station_id join stations ds1_0 on ds1_0.id=t1_0.departure_station_id where t1_0.id=?
2026-04-15T20:11:57.667+01:00 DEBUG 13592 --- [gestionUser] [nio-8081-exec-7] m.m.a.RequestResponseBodyMethodProcessor : Using 'application/json', given [application/json, text/plain, */*] and supported [application/json, application/*+json, application/yaml]
2026-04-15T20:11:57.667+01:00 DEBUG 13592 --- [gestionUser] [nio-8081-exec-7] m.m.a.RequestResponseBodyMethodProcessor : Writing [[TransportDTO(id=3, departurePoint=Zied, departureDate=2026-04-22T21:53, realDepartureDate=2026-04-2 (truncated)...]
2026-04-15T20:11:57.671+01:00 DEBUG 13592 --- [gestionUser] [nio-8081-exec-7] o.s.web.servlet.DispatcherServlet        : Completed 200 OK
[ERROR] Failed to execute goal org.springframework.boot:spring-boot-maven-plugin:4.0.2:run (default-cli) on project gestionUser: Process terminated with exit code: 1073807364 -> [Help 1]
[ERROR] 
[ERROR] To see the full stack trace of the errors, re-run Maven with the -e switch.
[ERROR] Re-run Maven using the -X switch to enable full debug logging.
[ERROR] 
[ERROR] For more information about the errors and possible solutions, please read the following articles:
[ERROR] [Help 1] http://cwiki.apache.org/confluence/display/MAVEN/MojoExecutionException
