
  .   ____          _            __ _ _
 /\\ / ___'_ __ _ _(_)_ __  __ _ \ \ \ \
( ( )\___ | '_ | '_| | '_ \/ _` | \ \ \ \
 \\/  ___)| |_)| | | | | || (_| |  ) ) ) )
  '  |____| .__|_| |_|_| |_\__, | / / / /
 =========|_|==============|___/=/_/_/_/

 :: Spring Boot ::                (v4.0.2)

2026-04-14T21:33:25.000+01:00  INFO 10256 --- [gestionUser] [           main] t.e.s.baladna.GestionUserApplication     : Starting GestionUserApplication using Java 25.0.2 with PID 10256 (C:\Users\kacem\Bureau\baladna_git_main1\baladna-main1\baladna-backend-develop\target\classes started by kacem in C:\Users\kacem\Bureau\baladna_git_main1\baladna-main1\baladna-backend-develop)
2026-04-14T21:33:25.014+01:00  INFO 10256 --- [gestionUser] [           main] t.e.s.baladna.GestionUserApplication     : No active profile set, falling back to 1 default profile: "default"
2026-04-14T21:33:25.016+01:00 DEBUG 10256 --- [gestionUser] [           main] o.s.boot.SpringApplication               : Loading source class tn.esprit.spring.baladna.GestionUserApplication
2026-04-14T21:33:25.169+01:00 DEBUG 10256 --- [gestionUser] [           main] ConfigServletWebServerApplicationContext : Refreshing org.springframework.boot.web.server.servlet.context.AnnotationConfigServletWebServerApplicationContext@6aa61224
2026-04-14T21:33:27.573+01:00  INFO 10256 --- [gestionUser] [           main] .s.d.r.c.RepositoryConfigurationDelegate : Bootstrapping Spring Data JPA repositories in DEFAULT mode.
2026-04-14T21:33:27.619+01:00 DEBUG 10256 --- [gestionUser] [           main] o.s.b.a.AutoConfigurationPackages        : @EnableAutoConfiguration was declared on a class in the package 'tn.esprit.spring.baladna'. Automatic @Repository and @Entity scanning is enabled.
2026-04-14T21:33:27.912+01:00  INFO 10256 --- [gestionUser] [           main] .s.d.r.c.RepositoryConfigurationDelegate : Finished Spring Data repository scanning in 313 ms. Found 15 JPA repository interfaces.
2026-04-14T21:33:29.592+01:00 DEBUG 10256 --- [gestionUser] [           main] o.s.b.t.s.TomcatServletWebServerFactory  : Code archive: C:\Users\kacem\.m2\repository\org\springframework\boot\spring-boot-web-server\4.0.2\spring-boot-web-server-4.0.2.jar
2026-04-14T21:33:29.599+01:00 DEBUG 10256 --- [gestionUser] [           main] o.s.b.t.s.TomcatServletWebServerFactory  : Code archive: C:\Users\kacem\.m2\repository\org\springframework\boot\spring-boot-web-server\4.0.2\spring-boot-web-server-4.0.2.jar
2026-04-14T21:33:29.603+01:00 DEBUG 10256 --- [gestionUser] [           main] o.s.b.t.s.TomcatServletWebServerFactory  : None of the document roots [src/main/webapp, public, static] point to a directory and will be ignored.
2026-04-14T21:33:29.724+01:00  INFO 10256 --- [gestionUser] [           main] o.s.boot.tomcat.TomcatWebServer          : Tomcat initialized with port 8081 (http)
2026-04-14T21:33:29.779+01:00  INFO 10256 --- [gestionUser] [           main] o.apache.catalina.core.StandardService   : Starting service [Tomcat]
2026-04-14T21:33:29.781+01:00  INFO 10256 --- [gestionUser] [           main] o.apache.catalina.core.StandardEngine    : Starting Servlet engine: [Apache Tomcat/11.0.15]
2026-04-14T21:33:29.981+01:00 DEBUG 10256 --- [gestionUser] [           main] b.w.c.s.WebApplicationContextInitializer : Published root WebApplicationContext as ServletContext attribute with name [org.springframework.web.context.WebApplicationContext.ROOT]
2026-04-14T21:33:29.990+01:00  INFO 10256 --- [gestionUser] [           main] b.w.c.s.WebApplicationContextInitializer : Root WebApplicationContext: initialization completed in 4820 ms
2026-04-14T21:33:30.398+01:00  INFO 10256 --- [gestionUser] [           main] org.hibernate.orm.jpa                    : HHH008540: Processing PersistenceUnitInfo [name: default]
2026-04-14T21:33:30.530+01:00  INFO 10256 --- [gestionUser] [           main] org.hibernate.orm.core                   : HHH000001: Hibernate ORM core version 7.2.1.Final
2026-04-14T21:33:31.582+01:00  INFO 10256 --- [gestionUser] [           main] o.s.o.j.p.SpringPersistenceUnitInfo      : No LoadTimeWeaver setup: ignoring JPA class transformer
2026-04-14T21:33:31.655+01:00  INFO 10256 --- [gestionUser] [           main] com.zaxxer.hikari.HikariDataSource       : HikariPool-1 - Starting...
2026-04-14T21:33:32.019+01:00  INFO 10256 --- [gestionUser] [           main] com.zaxxer.hikari.pool.HikariPool        : HikariPool-1 - Added connection com.mysql.cj.jdbc.ConnectionImpl@6baee63b
2026-04-14T21:33:32.029+01:00  INFO 10256 --- [gestionUser] [           main] com.zaxxer.hikari.HikariDataSource       : HikariPool-1 - Start completed.
2026-04-14T21:33:32.141+01:00  WARN 10256 --- [gestionUser] [           main] org.hibernate.orm.core                   : HHH000511: The 5.5.5 version for [org.hibernate.dialect.MySQLDialect] is no longer supported, hence certain features may not work properly.The minimum supported version is 8.0.0. Check the community dialects project for available legacy versions.
2026-04-14T21:33:32.195+01:00  INFO 10256 --- [gestionUser] [           main] org.hibernate.orm.connections.pooling    : HHH10001005: Database info:
	Database JDBC URL [jdbc:mysql://localhost:3306/baladna?&createDatabaseIfNotExist=true]
	Database driver: MySQL Connector/J
	Database dialect: MySQLDialect
	Database version: 5.5.5
	Default catalog/schema: baladna/undefined
	Autocommit mode: undefined/unknown
	Isolation level: REPEATABLE_READ [default REPEATABLE_READ]
	JDBC fetch size: none
	Pool: DataSourceConnectionProvider
	Minimum pool size: undefined/unknown
	Maximum pool size: undefined/unknown
2026-04-14T21:33:36.281+01:00  INFO 10256 --- [gestionUser] [           main] org.hibernate.orm.core                   : HHH000489: No JTA platform available (set 'hibernate.transaction.jta.platform' to enable JTA platform integration)
2026-04-14T21:33:36.951+01:00  INFO 10256 --- [gestionUser] [           main] j.LocalContainerEntityManagerFactoryBean : Initialized JPA EntityManagerFactory for persistence unit 'default'
2026-04-14T21:33:37.164+01:00  INFO 10256 --- [gestionUser] [           main] o.s.d.j.r.query.QueryEnhancerFactories   : Hibernate is in classpath; If applicable, HQL parser will be used.
2026-04-14T21:33:37.782+01:00 DEBUG 10256 --- [gestionUser] [           main] o.s.b.w.s.ServletContextInitializerBeans : Mapping filters: springSecurityFilterChain urls=[/*] order=-100, characterEncodingFilter urls=[/*] order=-2147483648, formContentFilter urls=[/*] order=-9900, requestContextFilter urls=[/*] order=-105, jwtFilter urls=[/*] order=2147483647
2026-04-14T21:33:37.788+01:00 DEBUG 10256 --- [gestionUser] [           main] o.s.b.w.s.ServletContextInitializerBeans : Mapping servlets: dispatcherServlet urls=[/]
2026-04-14T21:33:37.861+01:00 DEBUG 10256 --- [gestionUser] [           main] o.s.b.s.f.OrderedRequestContextFilter    : Filter 'requestContextFilter' configured for use
2026-04-14T21:33:37.870+01:00 DEBUG 10256 --- [gestionUser] [           main] o.s.b.s.f.OrderedCharacterEncodingFilter : Filter 'characterEncodingFilter' configured for use
2026-04-14T21:33:37.871+01:00 DEBUG 10256 --- [gestionUser] [           main] .DelegatingFilterProxyRegistrationBean$1 : Filter 'springSecurityFilterChain' configured for use
2026-04-14T21:33:37.872+01:00 DEBUG 10256 --- [gestionUser] [           main] o.s.b.s.filter.OrderedFormContentFilter  : Filter 'formContentFilter' configured for use
2026-04-14T21:33:41.273+01:00  WARN 10256 --- [gestionUser] [           main] JpaBaseConfiguration$JpaWebConfiguration : spring.jpa.open-in-view is enabled by default. Therefore, database queries may be performed during view rendering. Explicitly configure spring.jpa.open-in-view to disable this warning
2026-04-14T21:33:41.544+01:00  WARN 10256 --- [gestionUser] [           main] .s.a.UserDetailsServiceAutoConfiguration : 

Using generated security password: 1a686ed0-f970-4284-802e-1ef926d44dc1

This generated password is for development use only. Your security configuration must be updated before running your application in production.

2026-04-14T21:33:41.648+01:00  INFO 10256 --- [gestionUser] [           main] r$InitializeUserDetailsManagerConfigurer : Global AuthenticationManager configured with UserDetailsService bean with name inMemoryUserDetailsManager
2026-04-14T21:33:42.049+01:00 DEBUG 10256 --- [gestionUser] [           main] o.s.s.web.DefaultSecurityFilterChain     : Will secure any request with filters: DisableEncodeUrlFilter, WebAsyncManagerIntegrationFilter, SecurityContextHolderFilter, HeaderWriterFilter, CorsFilter, LogoutFilter, JwtFilter, RequestCacheAwareFilter, SecurityContextHolderAwareRequestFilter, AnonymousAuthenticationFilter, SessionManagementFilter, ExceptionTranslationFilter, AuthorizationFilter
2026-04-14T21:33:42.560+01:00 DEBUG 10256 --- [gestionUser] [           main] s.w.s.m.m.a.RequestMappingHandlerMapping : 98 mappings in 'requestMappingHandlerMapping'
2026-04-14T21:33:42.705+01:00 DEBUG 10256 --- [gestionUser] [           main] o.s.w.s.handler.SimpleUrlHandlerMapping  : Patterns [/webjars/**, /**, /swagger-ui*/*swagger-initializer.js, /swagger-ui*/**] in 'resourceHandlerMapping'
2026-04-14T21:33:42.787+01:00 DEBUG 10256 --- [gestionUser] [           main] s.w.s.m.m.a.RequestMappingHandlerAdapter : ControllerAdvice beans: 0 @ModelAttribute, 0 @InitBinder, 2 RequestBodyAdvice, 1 ResponseBodyAdvice
2026-04-14T21:33:42.975+01:00 DEBUG 10256 --- [gestionUser] [           main] .m.m.a.ExceptionHandlerExceptionResolver : ControllerAdvice beans: 1 @ExceptionHandler, 1 ResponseBodyAdvice
2026-04-14T21:33:43.617+01:00  INFO 10256 --- [gestionUser] [           main] o.s.boot.tomcat.TomcatWebServer          : Tomcat started on port 8081 (http) with context path '/'
2026-04-14T21:33:43.674+01:00 DEBUG 10256 --- [gestionUser] [           main] .s.b.a.l.ConditionEvaluationReportLogger : 


============================
CONDITIONS EVALUATION REPORT
============================


Positive matches:
-----------------

   AopAutoConfiguration matched:
      - @ConditionalOnBooleanProperty (spring.aop.auto=true) matched (OnPropertyCondition)

   AopAutoConfiguration.AspectJAutoProxyingConfiguration matched:
      - @ConditionalOnClass found required class 'org.aspectj.weaver.Advice' (OnClassCondition)

   AopAutoConfiguration.AspectJAutoProxyingConfiguration.CglibAutoProxyConfiguration matched:
      - @ConditionalOnBooleanProperty (spring.aop.proxy-target-class=true) matched (OnPropertyCondition)

   ApplicationAvailabilityAutoConfiguration#applicationAvailability matched:
      - @ConditionalOnMissingBean (types: org.springframework.boot.availability.ApplicationAvailability; SearchStrategy: all) did not find any beans (OnBeanCondition)

   DataJpaRepositoriesAutoConfiguration matched:
      - @ConditionalOnClass found required class 'org.springframework.data.jpa.repository.JpaRepository' (OnClassCondition)
      - @ConditionalOnBooleanProperty (spring.data.jpa.repositories.enabled=true) matched (OnPropertyCondition)
      - @ConditionalOnBean (types: javax.sql.DataSource; SearchStrategy: all) found bean 'dataSource'; @ConditionalOnMissingBean (types: org.springframework.data.jpa.repository.support.JpaRepositoryFactoryBean,org.springframework.data.jpa.repository.config.JpaRepositoryConfigExtension; SearchStrategy: all) did not find any beans (OnBeanCondition)

   DataSourceAutoConfiguration matched:
      - @ConditionalOnClass found required classes 'javax.sql.DataSource', 'org.springframework.jdbc.datasource.embedded.EmbeddedDatabaseType' (OnClassCondition)
      - @ConditionalOnMissingBean (types: io.r2dbc.spi.ConnectionFactory; SearchStrategy: all) did not find any beans (OnBeanCondition)

   DataSourceAutoConfiguration.PooledDataSourceConfiguration matched:
      - AnyNestedCondition 1 matched 1 did not; NestedCondition on DataSourceAutoConfiguration.PooledDataSourceCondition.PooledDataSourceAvailable PooledDataSource found supported DataSource; NestedCondition on DataSourceAutoConfiguration.PooledDataSourceCondition.ExplicitType @ConditionalOnProperty (spring.datasource.type) did not find property 'spring.datasource.type' (DataSourceAutoConfiguration.PooledDataSourceCondition)
      - @ConditionalOnMissingBean (types: javax.sql.DataSource,javax.sql.XADataSource; SearchStrategy: all) did not find any beans (OnBeanCondition)

   DataSourceAutoConfiguration.PooledDataSourceConfiguration#jdbcConnectionDetails matched:
      - @ConditionalOnMissingBean (types: org.springframework.boot.jdbc.autoconfigure.JdbcConnectionDetails; SearchStrategy: all) did not find any beans (OnBeanCondition)

   DataSourceConfiguration.Hikari matched:
      - @ConditionalOnClass found required class 'com.zaxxer.hikari.HikariDataSource' (OnClassCondition)
      - @ConditionalOnProperty (spring.datasource.type=com.zaxxer.hikari.HikariDataSource) matched (OnPropertyCondition)
      - @ConditionalOnMissingBean (types: javax.sql.DataSource; SearchStrategy: all) did not find any beans (OnBeanCondition)

   DataSourceInitializationAutoConfiguration matched:
      - @ConditionalOnClass found required class 'org.springframework.jdbc.datasource.init.DatabasePopulator' (OnClassCondition)
      - SQL InitializationDatabase Initialization default value is EMBEDDED (OnSqlInitializationCondition)
      - @ConditionalOnSingleCandidate (types: javax.sql.DataSource; SearchStrategy: all) found a single bean 'dataSource'; @ConditionalOnMissingBean (types: org.springframework.boot.sql.autoconfigure.init.ApplicationScriptDatabaseInitializer; SearchStrategy: all) did not find any beans (OnBeanCondition)

   DataSourcePoolMetadataProvidersConfiguration.HikariPoolDataSourceMetadataProviderConfiguration matched:
      - @ConditionalOnClass found required class 'com.zaxxer.hikari.HikariDataSource' (OnClassCondition)

   DataSourceTransactionManagerAutoConfiguration matched:
      - @ConditionalOnClass found required classes 'javax.sql.DataSource', 'org.springframework.jdbc.core.JdbcTemplate', 'org.springframework.transaction.TransactionManager' (OnClassCondition)

   DataSourceTransactionManagerAutoConfiguration.JdbcTransactionManagerConfiguration matched:
      - @ConditionalOnSingleCandidate (types: javax.sql.DataSource; SearchStrategy: all) found a single bean 'dataSource' (OnBeanCondition)

   DataWebAutoConfiguration matched:
      - @ConditionalOnClass found required classes 'org.springframework.data.web.PageableHandlerMethodArgumentResolver', 'org.springframework.web.servlet.config.annotation.WebMvcConfigurer' (OnClassCondition)
      - found 'session' scope (OnWebApplicationCondition)
      - @ConditionalOnMissingBean (types: org.springframework.data.web.PageableHandlerMethodArgumentResolver; SearchStrategy: all) did not find any beans (OnBeanCondition)

   DataWebAutoConfiguration#pageableCustomizer matched:
      - @ConditionalOnMissingBean (types: org.springframework.data.web.config.PageableHandlerMethodArgumentResolverCustomizer; SearchStrategy: all) did not find any beans (OnBeanCondition)

   DataWebAutoConfiguration#sortCustomizer matched:
      - @ConditionalOnMissingBean (types: org.springframework.data.web.config.SortHandlerMethodArgumentResolverCustomizer; SearchStrategy: all) did not find any beans (OnBeanCondition)

   DataWebAutoConfiguration#springDataWebSettings matched:
      - @ConditionalOnMissingBean (types: org.springframework.data.web.config.SpringDataWebSettings; SearchStrategy: all) did not find any beans (OnBeanCondition)

   DispatcherServletAutoConfiguration matched:
      - @ConditionalOnClass found required class 'org.springframework.web.servlet.DispatcherServlet' (OnClassCondition)
      - found 'session' scope (OnWebApplicationCondition)

   DispatcherServletAutoConfiguration.DispatcherServletConfiguration matched:
      - @ConditionalOnClass found required class 'jakarta.servlet.ServletRegistration' (OnClassCondition)
      - Default DispatcherServlet did not find dispatcher servlet beans (DispatcherServletAutoConfiguration.DefaultDispatcherServletCondition)

   DispatcherServletAutoConfiguration.DispatcherServletRegistrationConfiguration matched:
      - @ConditionalOnClass found required class 'jakarta.servlet.ServletRegistration' (OnClassCondition)
      - DispatcherServlet Registration did not find servlet registration bean (DispatcherServletAutoConfiguration.DispatcherServletRegistrationCondition)

   DispatcherServletAutoConfiguration.DispatcherServletRegistrationConfiguration#dispatcherServletRegistration matched:
      - @ConditionalOnBean (names: dispatcherServlet types: org.springframework.web.servlet.DispatcherServlet; SearchStrategy: all) found bean 'dispatcherServlet' (OnBeanCondition)

   ErrorMvcAutoConfiguration matched:
      - @ConditionalOnClass found required classes 'jakarta.servlet.Servlet', 'org.springframework.web.servlet.DispatcherServlet' (OnClassCondition)
      - found 'session' scope (OnWebApplicationCondition)

   ErrorMvcAutoConfiguration#basicErrorController matched:
      - @ConditionalOnMissingBean (types: org.springframework.boot.webmvc.error.ErrorController; SearchStrategy: current) did not find any beans (OnBeanCondition)

   ErrorMvcAutoConfiguration#errorAttributes matched:
      - @ConditionalOnMissingBean (types: org.springframework.boot.webmvc.error.ErrorAttributes; SearchStrategy: current) did not find any beans (OnBeanCondition)

   ErrorMvcAutoConfiguration.DefaultErrorViewResolverConfiguration#conventionErrorViewResolver matched:
      - @ConditionalOnBean (types: org.springframework.web.servlet.DispatcherServlet; SearchStrategy: all) found bean 'dispatcherServlet'; @ConditionalOnMissingBean (types: org.springframework.boot.webmvc.autoconfigure.error.ErrorViewResolver; SearchStrategy: all) did not find any beans (OnBeanCondition)

   ErrorMvcAutoConfiguration.WhitelabelErrorViewConfiguration matched:
      - @ConditionalOnBooleanProperty (spring.web.error.whitelabel.enabled=true) matched (OnPropertyCondition)
      - ErrorTemplate Missing did not find error template view (ErrorMvcAutoConfiguration.ErrorTemplateMissingCondition)

   ErrorMvcAutoConfiguration.WhitelabelErrorViewConfiguration#beanNameViewResolver matched:
      - @ConditionalOnMissingBean (types: org.springframework.web.servlet.view.BeanNameViewResolver; SearchStrategy: all) did not find any beans (OnBeanCondition)

   ErrorMvcAutoConfiguration.WhitelabelErrorViewConfiguration#defaultErrorView matched:
      - @ConditionalOnMissingBean (names: error; SearchStrategy: all) did not find any beans (OnBeanCondition)

   HibernateJpaAutoConfiguration matched:
      - @ConditionalOnClass found required classes 'org.springframework.orm.jpa.LocalContainerEntityManagerFactoryBean', 'jakarta.persistence.EntityManager', 'org.hibernate.engine.spi.SessionImplementor' (OnClassCondition)

   HibernateJpaConfiguration matched:
      - @ConditionalOnSingleCandidate (types: javax.sql.DataSource; SearchStrategy: all) found a single bean 'dataSource' (OnBeanCondition)

   HttpEncodingAutoConfiguration matched:
      - @ConditionalOnClass found required class 'org.springframework.web.filter.CharacterEncodingFilter' (OnClassCondition)
      - found 'session' scope (OnWebApplicationCondition)
      - @ConditionalOnBooleanProperty (spring.servlet.encoding.enabled=true) matched (OnPropertyCondition)

   HttpEncodingAutoConfiguration#characterEncodingFilter matched:
      - @ConditionalOnMissingBean (types: org.springframework.web.filter.CharacterEncodingFilter; SearchStrategy: all) did not find any beans (OnBeanCondition)

   HttpMessageConvertersAutoConfiguration matched:
      - @ConditionalOnClass found required class 'org.springframework.http.converter.HttpMessageConverter' (OnClassCondition)
      - NoneNestedConditions 0 matched 1 did not; NestedCondition on HttpMessageConvertersAutoConfiguration.NotReactiveWebApplicationCondition.ReactiveWebApplication did not find reactive web application classes (HttpMessageConvertersAutoConfiguration.NotReactiveWebApplicationCondition)

   HttpMessageConvertersAutoConfiguration.StringHttpMessageConverterConfiguration#stringHttpMessageConvertersCustomizer matched:
      - @ConditionalOnMissingBean (types: org.springframework.http.converter.StringHttpMessageConverter; SearchStrategy: all) did not find any beans (OnBeanCondition)

   JacksonAutoConfiguration matched:
      - @ConditionalOnClass found required class 'tools.jackson.databind.json.JsonMapper' (OnClassCondition)

   JacksonAutoConfiguration#jacksonJsonMapper matched:
      - @ConditionalOnMissingBean (types: tools.jackson.databind.json.JsonMapper; SearchStrategy: all) did not find any beans (OnBeanCondition)

   JacksonAutoConfiguration#jsonMapperBuilder matched:
      - @ConditionalOnMissingBean (types: tools.jackson.databind.json.JsonMapper$Builder; SearchStrategy: all) did not find any beans (OnBeanCondition)

   JacksonAutoConfiguration.JsonProblemDetailsConfiguration matched:
      - @ConditionalOnClass found required class 'org.springframework.http.ProblemDetail' (OnClassCondition)

   JacksonHttpMessageConvertersConfiguration.JacksonJsonHttpMessageConverterConfiguration matched:
      - @ConditionalOnClass found required class 'tools.jackson.databind.json.JsonMapper' (OnClassCondition)
      - @ConditionalOnProperty (spring.http.converters.preferred-json-mapper=jackson) matched (OnPropertyCondition)
      - @ConditionalOnBean (types: tools.jackson.databind.json.JsonMapper; SearchStrategy: all) found bean 'jacksonJsonMapper' (OnBeanCondition)

   JacksonHttpMessageConvertersConfiguration.JacksonJsonHttpMessageConverterConfiguration#jacksonJsonHttpMessageConvertersCustomizer matched:
      - @ConditionalOnMissingBean (types: org.springframework.http.converter.json.JacksonJsonHttpMessageConverter ignored: org.springframework.hateoas.server.mvc.TypeConstrainedJacksonJsonHttpMessageConverter,org.springframework.data.rest.webmvc.alps.AlpsJacksonJsonHttpMessageConverter; SearchStrategy: all) did not find any beans (OnBeanCondition)

   JdbcClientAutoConfiguration matched:
      - @ConditionalOnSingleCandidate (types: org.springframework.jdbc.core.namedparam.NamedParameterJdbcTemplate; SearchStrategy: all) found a single bean 'namedParameterJdbcTemplate'; @ConditionalOnMissingBean (types: org.springframework.jdbc.core.simple.JdbcClient; SearchStrategy: all) did not find any beans (OnBeanCondition)

   JdbcTemplateAutoConfiguration matched:
      - @ConditionalOnClass found required classes 'javax.sql.DataSource', 'org.springframework.jdbc.core.JdbcTemplate' (OnClassCondition)
      - @ConditionalOnSingleCandidate (types: javax.sql.DataSource; SearchStrategy: all) found a single bean 'dataSource' (OnBeanCondition)

   JdbcTemplateConfiguration matched:
      - @ConditionalOnMissingBean (types: org.springframework.jdbc.core.JdbcOperations; SearchStrategy: all) did not find any beans (OnBeanCondition)

   JpaBaseConfiguration#entityManagerFactory matched:
      - @ConditionalOnMissingBean (types: org.springframework.orm.jpa.LocalContainerEntityManagerFactoryBean,jakarta.persistence.EntityManagerFactory; SearchStrategy: all) did not find any beans (OnBeanCondition)

   JpaBaseConfiguration#entityManagerFactoryBuilder matched:
      - @ConditionalOnMissingBean (types: org.springframework.boot.jpa.EntityManagerFactoryBuilder; SearchStrategy: all) did not find any beans (OnBeanCondition)

   JpaBaseConfiguration#jpaVendorAdapter matched:
      - @ConditionalOnMissingBean (types: org.springframework.orm.jpa.JpaVendorAdapter; SearchStrategy: all) did not find any beans (OnBeanCondition)

   JpaBaseConfiguration#transactionManager matched:
      - @ConditionalOnMissingBean (types: org.springframework.transaction.TransactionManager; SearchStrategy: all) did not find any beans (OnBeanCondition)

   JpaBaseConfiguration.JpaWebConfiguration matched:
      - @ConditionalOnClass found required class 'org.springframework.web.servlet.config.annotation.WebMvcConfigurer' (OnClassCondition)
      - found 'session' scope (OnWebApplicationCondition)
      - @ConditionalOnBooleanProperty (spring.jpa.open-in-view=true) matched (OnPropertyCondition)
      - @ConditionalOnMissingBean (types: org.springframework.orm.jpa.support.OpenEntityManagerInViewInterceptor,org.springframework.orm.jpa.support.OpenEntityManagerInViewFilter; SearchStrategy: all) did not find any beans (OnBeanCondition)

   JpaBaseConfiguration.PersistenceManagedTypesConfiguration matched:
      - @ConditionalOnMissingBean (types: org.springframework.orm.jpa.LocalContainerEntityManagerFactoryBean,jakarta.persistence.EntityManagerFactory; SearchStrategy: all) did not find any beans (OnBeanCondition)

   JpaBaseConfiguration.PersistenceManagedTypesConfiguration#persistenceManagedTypes matched:
      - @ConditionalOnMissingBean (types: org.springframework.orm.jpa.persistenceunit.PersistenceManagedTypes; SearchStrategy: all) did not find any beans (OnBeanCondition)

   JtaAutoConfiguration matched:
      - @ConditionalOnClass found required class 'jakarta.transaction.Transaction' (OnClassCondition)
      - @ConditionalOnBooleanProperty (spring.jta.enabled=true) matched (OnPropertyCondition)

   LifecycleAutoConfiguration#defaultLifecycleProcessor matched:
      - @ConditionalOnMissingBean (names: lifecycleProcessor; SearchStrategy: current) did not find any beans (OnBeanCondition)

   MultipartAutoConfiguration matched:
      - @ConditionalOnClass found required classes 'jakarta.servlet.Servlet', 'org.springframework.web.multipart.support.StandardServletMultipartResolver', 'jakarta.servlet.MultipartConfigElement' (OnClassCondition)
      - found 'session' scope (OnWebApplicationCondition)
      - @ConditionalOnBooleanProperty (spring.servlet.multipart.enabled=true) matched (OnPropertyCondition)

   MultipartAutoConfiguration#multipartConfigElement matched:
      - @ConditionalOnMissingBean (types: jakarta.servlet.MultipartConfigElement; SearchStrategy: all) did not find any beans (OnBeanCondition)

   MultipartAutoConfiguration#multipartResolver matched:
      - @ConditionalOnMissingBean (types: org.springframework.web.multipart.MultipartResolver; SearchStrategy: all) did not find any beans (OnBeanCondition)

   NamedParameterJdbcTemplateConfiguration matched:
      - @ConditionalOnSingleCandidate (types: org.springframework.jdbc.core.JdbcTemplate; SearchStrategy: all) found a single bean 'jdbcTemplate'; @ConditionalOnMissingBean (types: org.springframework.jdbc.core.namedparam.NamedParameterJdbcOperations; SearchStrategy: all) did not find any beans (OnBeanCondition)

   PersistenceExceptionTranslationAutoConfiguration matched:
      - @ConditionalOnClass found required class 'org.springframework.dao.annotation.PersistenceExceptionTranslationPostProcessor' (OnClassCondition)

   PersistenceExceptionTranslationAutoConfiguration#persistenceExceptionTranslationPostProcessor matched:
      - @ConditionalOnBooleanProperty (spring.persistence.exceptiontranslation.enabled=true) matched (OnPropertyCondition)
      - @ConditionalOnMissingBean (types: org.springframework.dao.annotation.PersistenceExceptionTranslationPostProcessor; SearchStrategy: all) did not find any beans (OnBeanCondition)

   PropertyPlaceholderAutoConfiguration#propertySourcesPlaceholderConfigurer matched:
      - @ConditionalOnMissingBean (types: org.springframework.context.support.PropertySourcesPlaceholderConfigurer; SearchStrategy: current) did not find any beans (OnBeanCondition)

   SecurityAutoConfiguration matched:
      - @ConditionalOnClass found required class 'org.springframework.security.authentication.DefaultAuthenticationEventPublisher' (OnClassCondition)

   SecurityAutoConfiguration#authenticationEventPublisher matched:
      - @ConditionalOnMissingBean (types: org.springframework.security.authentication.AuthenticationEventPublisher; SearchStrategy: all) did not find any beans (OnBeanCondition)

   SecurityFilterAutoConfiguration matched:
      - @ConditionalOnClass found required classes 'org.springframework.security.web.context.AbstractSecurityWebApplicationInitializer', 'org.springframework.security.config.http.SessionCreationPolicy' (OnClassCondition)
      - found 'session' scope (OnWebApplicationCondition)

   SecurityFilterAutoConfiguration#securityFilterChainRegistration matched:
      - @ConditionalOnBean (names: springSecurityFilterChain; SearchStrategy: all) found bean 'springSecurityFilterChain' (OnBeanCondition)

   ServletWebSecurityAutoConfiguration matched:
      - @ConditionalOnClass found required class 'org.springframework.security.config.annotation.web.configuration.EnableWebSecurity' (OnClassCondition)
      - found 'session' scope (OnWebApplicationCondition)

   ServletWebSecurityAutoConfiguration.EnableWebSecurityConfiguration matched:
      - @ConditionalOnClass found required class 'org.springframework.security.config.annotation.web.configuration.EnableWebSecurity' (OnClassCondition)
      - @ConditionalOnMissingBean (names: springSecurityFilterChain; SearchStrategy: all) did not find any beans (OnBeanCondition)

   ServletWebSecurityAutoConfiguration.PathPatternRequestMatcherBuilderConfiguration matched:
      - @ConditionalOnClass found required class 'org.springframework.boot.webmvc.autoconfigure.DispatcherServletPath' (OnClassCondition)
      - @ConditionalOnBean (types: org.springframework.boot.webmvc.autoconfigure.DispatcherServletPath; SearchStrategy: all) found bean 'dispatcherServletRegistration' (OnBeanCondition)

   ServletWebSecurityAutoConfiguration.PathPatternRequestMatcherBuilderConfiguration#pathPatternRequestMatcherBuilder matched:
      - @ConditionalOnMissingBean (types: org.springframework.security.web.servlet.util.matcher.PathPatternRequestMatcher$Builder; SearchStrategy: all) did not find any beans (OnBeanCondition)

   SpringDocConfigProperties matched:
      - @ConditionalOnProperty (springdoc.api-docs.enabled) matched (OnPropertyCondition)
      - @ConditionalOnBean (types: org.springdoc.core.configuration.SpringDocConfiguration; SearchStrategy: all) found bean 'org.springdoc.core.configuration.SpringDocConfiguration' (OnBeanCondition)

   SpringDocConfiguration matched:
      - @ConditionalOnWebApplication (required) found 'session' scope (OnWebApplicationCondition)
      - @ConditionalOnProperty (springdoc.api-docs.enabled) matched (OnPropertyCondition)

   SpringDocConfiguration#fileSupportConverter matched:
      - @ConditionalOnMissingBean (types: org.springdoc.core.converters.FileSupportConverter; SearchStrategy: all) did not find any beans (OnBeanCondition)

   SpringDocConfiguration#globalOpenApiCustomizer matched:
      - @ConditionalOnMissingBean (types: org.springdoc.core.customizers.GlobalOpenApiCustomizer; SearchStrategy: all) did not find any beans (OnBeanCondition)

   SpringDocConfiguration#openAPIBuilder matched:
      - @ConditionalOnMissingBean (types: org.springdoc.core.service.OpenAPIService; SearchStrategy: all) did not find any beans (OnBeanCondition)

   SpringDocConfiguration#operationBuilder matched:
      - @ConditionalOnMissingBean (types: org.springdoc.core.service.OperationService; SearchStrategy: all) did not find any beans (OnBeanCondition)

   SpringDocConfiguration#parameterBuilder matched:
      - @ConditionalOnMissingBean (types: org.springdoc.core.service.GenericParameterService; SearchStrategy: all) did not find any beans (OnBeanCondition)

   SpringDocConfiguration#parameterObjectNamingStrategyCustomizer matched:
      - @ConditionalOnMissingBean (types: org.springdoc.core.customizers.ParameterObjectNamingStrategyCustomizer; SearchStrategy: all) did not find any beans (OnBeanCondition)

   SpringDocConfiguration#polymorphicModelConverter matched:
      - @ConditionalOnProperty (springdoc.model-converters.polymorphic-converter.enabled) matched (OnPropertyCondition)
      - @ConditionalOnMissingBean (types: org.springdoc.core.converters.PolymorphicModelConverter; SearchStrategy: all) did not find any beans (OnBeanCondition)

   SpringDocConfiguration#requestBodyBuilder matched:
      - @ConditionalOnMissingBean (types: org.springdoc.core.service.RequestBodyService; SearchStrategy: all) did not find any beans (OnBeanCondition)

   SpringDocConfiguration#responseSupportConverter matched:
      - @ConditionalOnMissingBean (types: org.springdoc.core.converters.ResponseSupportConverter; SearchStrategy: all) did not find any beans (OnBeanCondition)

   SpringDocConfiguration#schemaPropertyDeprecatingConverter matched:
      - @ConditionalOnProperty (springdoc.model-converters.deprecating-converter.enabled) matched (OnPropertyCondition)
      - @ConditionalOnMissingBean (types: org.springdoc.core.converters.SchemaPropertyDeprecatingConverter; SearchStrategy: all) did not find any beans (OnBeanCondition)

   SpringDocConfiguration#securityParser matched:
      - @ConditionalOnMissingBean (types: org.springdoc.core.service.SecurityService; SearchStrategy: all) did not find any beans (OnBeanCondition)

   SpringDocConfiguration#springDocCustomizers matched:
      - @ConditionalOnMissingBean (types: org.springdoc.core.customizers.SpringDocCustomizers; SearchStrategy: all) did not find any beans (OnBeanCondition)

   SpringDocConfiguration#springDocProviders matched:
      - @ConditionalOnMissingBean (types: org.springdoc.core.providers.SpringDocProviders; SearchStrategy: all) did not find any beans (OnBeanCondition)

   SpringDocConfiguration#springdocObjectMapperProvider matched:
      - @ConditionalOnMissingBean (types: org.springdoc.core.providers.ObjectMapperProvider; SearchStrategy: all) did not find any beans (OnBeanCondition)

   SpringDocConfiguration.QuerydslProvider matched:
      - @ConditionalOnClass found required class 'org.springframework.data.querydsl.binding.QuerydslBindingsFactory' (OnClassCondition)

   SpringDocConfiguration.QuerydslProvider#queryDslQuerydslPredicateOperationCustomizer matched:
      - @ConditionalOnMissingBean (types: org.springdoc.core.customizers.QuerydslPredicateOperationCustomizer; SearchStrategy: all) did not find any beans (OnBeanCondition)

   SpringDocConfiguration.WebConversionServiceConfiguration matched:
      - @ConditionalOnClass found required class 'org.springframework.boot.autoconfigure.web.format.WebConversionService' (OnClassCondition)

   SpringDocPageableConfiguration matched:
      - @ConditionalOnClass found required class 'org.springframework.data.domain.Pageable' (OnClassCondition)
      - @ConditionalOnWebApplication (required) found 'session' scope (OnWebApplicationCondition)
      - @ConditionalOnProperty (springdoc.api-docs.enabled) matched (OnPropertyCondition)
      - @ConditionalOnBean (types: org.springdoc.core.configuration.SpringDocConfiguration; SearchStrategy: all) found bean 'org.springdoc.core.configuration.SpringDocConfiguration' (OnBeanCondition)

   SpringDocPageableConfiguration#dataRestDelegatingMethodParameterCustomizer matched:
      - @ConditionalOnMissingBean (types: org.springdoc.core.customizers.DataRestDelegatingMethodParameterCustomizer; SearchStrategy: all) did not find any beans (OnBeanCondition)

   SpringDocPageableConfiguration#pageOpenAPIConverter matched:
      - @ConditionalOnClass found required classes 'org.springframework.data.web.PagedModel', 'org.springframework.data.web.config.SpringDataWebSettings' (OnClassCondition)
      - @ConditionalOnMissingBean (types: org.springdoc.core.converters.PageOpenAPIConverter; SearchStrategy: all) did not find any beans (OnBeanCondition)

   SpringDocPageableConfiguration#pageableOpenAPIConverter matched:
      - @ConditionalOnProperty (springdoc.model-converters.pageable-converter.enabled) matched (OnPropertyCondition)
      - @ConditionalOnMissingBean (types: org.springdoc.core.converters.PageableOpenAPIConverter; SearchStrategy: all) did not find any beans (OnBeanCondition)

   SpringDocSecurityConfiguration matched:
      - @ConditionalOnClass found required class 'org.springframework.security.web.SecurityFilterChain' (OnClassCondition)
      - @ConditionalOnWebApplication (required) found 'session' scope (OnWebApplicationCondition)
      - @ConditionalOnExpression (#{${springdoc.api-docs.enabled:true} and ${springdoc.enable-spring-security:true}}) resulted in true (OnExpressionCondition)
      - @ConditionalOnBean (types: org.springdoc.core.configuration.SpringDocConfiguration; SearchStrategy: all) found bean 'org.springdoc.core.configuration.SpringDocConfiguration' (OnBeanCondition)

   SpringDocSecurityConfiguration.SpringSecurityLoginEndpointConfiguration matched:
      - @ConditionalOnClass found required class 'jakarta.servlet.Filter' (OnClassCondition)

   SpringDocSortConfiguration matched:
      - @ConditionalOnClass found required class 'org.springframework.data.domain.Sort' (OnClassCondition)
      - @ConditionalOnWebApplication (required) found 'session' scope (OnWebApplicationCondition)
      - @ConditionalOnProperty (springdoc.api-docs.enabled) matched (OnPropertyCondition)
      - @ConditionalOnBean (types: org.springdoc.core.configuration.SpringDocConfiguration; SearchStrategy: all) found bean 'org.springdoc.core.configuration.SpringDocConfiguration' (OnBeanCondition)

   SpringDocSortConfiguration#sortOpenAPIConverter matched:
      - @ConditionalOnProperty (springdoc.sort-converter.enabled) matched (OnPropertyCondition)
      - @ConditionalOnMissingBean (types: org.springdoc.core.converters.SortOpenAPIConverter; SearchStrategy: all) did not find any beans (OnBeanCondition)

   SpringDocUIConfiguration matched:
      - @ConditionalOnWebApplication (required) found 'session' scope (OnWebApplicationCondition)
      - @ConditionalOnBean (types: org.springdoc.core.configuration.SpringDocConfiguration; SearchStrategy: all) found bean 'org.springdoc.core.configuration.SpringDocConfiguration' (OnBeanCondition)

   SpringDocWebMvcConfiguration matched:
      - found 'session' scope (OnWebApplicationCondition)
      - @ConditionalOnProperty (springdoc.api-docs.enabled) matched (OnPropertyCondition)
      - @ConditionalOnBean (types: org.springdoc.core.configuration.SpringDocConfiguration; SearchStrategy: all) found bean 'org.springdoc.core.configuration.SpringDocConfiguration' (OnBeanCondition)

   SpringDocWebMvcConfiguration#openApiResource matched:
      - @ConditionalOnExpression (#{(${springdoc.use-management-port:false} == false ) and ${springdoc.enable-default-api-docs:true}}) resulted in true (OnExpressionCondition)
      - @ConditionalOnMissingBean (types: org.springdoc.webmvc.api.OpenApiWebMvcResource; SearchStrategy: all) did not find any beans (OnBeanCondition)

   SpringDocWebMvcConfiguration#requestBuilder matched:
      - @ConditionalOnMissingBean (types: org.springdoc.webmvc.core.service.RequestService; SearchStrategy: all) did not find any beans (OnBeanCondition)

   SpringDocWebMvcConfiguration#responseBuilder matched:
      - @ConditionalOnMissingBean (types: org.springdoc.core.service.GenericResponseService; SearchStrategy: all) did not find any beans (OnBeanCondition)

   SpringDocWebMvcConfiguration#springWebProvider matched:
      - @ConditionalOnMissingBean (types: org.springdoc.core.providers.SpringWebProvider; SearchStrategy: all) did not find any beans (OnBeanCondition)

   SpringDocWebMvcConfiguration.SpringDocWebMvcRouterConfiguration matched:
      - @ConditionalOnClass found required class 'org.springframework.web.servlet.function.RouterFunction' (OnClassCondition)

   SpringDocWebMvcConfiguration.SpringDocWebMvcRouterConfiguration#routerFunctionProvider matched:
      - @ConditionalOnMissingBean (types: org.springdoc.webmvc.core.providers.RouterFunctionWebMvcProvider; SearchStrategy: all) did not find any beans (OnBeanCondition)

   SslAutoConfiguration#sslBundleRegistry matched:
      - @ConditionalOnMissingBean (types: org.springframework.boot.ssl.SslBundleRegistry,org.springframework.boot.ssl.SslBundles; SearchStrategy: all) did not find any beans (OnBeanCondition)

   SwaggerConfig matched:
      - found 'session' scope (OnWebApplicationCondition)
      - @ConditionalOnProperty (springdoc.swagger-ui.enabled) matched (OnPropertyCondition)
      - @ConditionalOnBean (types: org.springdoc.core.configuration.SpringDocConfiguration; SearchStrategy: all) found bean 'org.springdoc.core.configuration.SpringDocConfiguration' (OnBeanCondition)

   SwaggerConfig#indexPageTransformer matched:
      - @ConditionalOnMissingBean (types: org.springdoc.webmvc.ui.SwaggerIndexTransformer; SearchStrategy: all) did not find any beans (OnBeanCondition)

   SwaggerConfig#swaggerConfigResource matched:
      - @ConditionalOnProperty (springdoc.use-management-port=false) matched (OnPropertyCondition)
      - @ConditionalOnMissingBean (types: org.springdoc.webmvc.ui.SwaggerConfigResource; SearchStrategy: all) did not find any beans (OnBeanCondition)

   SwaggerConfig#swaggerResourceResolver matched:
      - @ConditionalOnMissingBean (types: org.springdoc.webmvc.ui.SwaggerResourceResolver; SearchStrategy: all) did not find any beans (OnBeanCondition)

   SwaggerConfig#swaggerWebMvcConfigurer matched:
      - @ConditionalOnMissingBean (types: org.springdoc.webmvc.ui.SwaggerWebMvcConfigurer; SearchStrategy: all) did not find any beans (OnBeanCondition)

   SwaggerConfig#swaggerWelcome matched:
      - @ConditionalOnProperty (springdoc.use-management-port=false) matched (OnPropertyCondition)
      - @ConditionalOnMissingBean (types: org.springdoc.webmvc.ui.SwaggerWelcomeWebMvc; SearchStrategy: all) did not find any beans (OnBeanCondition)

   SwaggerUiConfigProperties matched:
      - @ConditionalOnProperty (springdoc.swagger-ui.enabled) matched (OnPropertyCondition)
      - @ConditionalOnBean (types: org.springdoc.core.configuration.SpringDocConfiguration; SearchStrategy: all) found bean 'org.springdoc.core.configuration.SpringDocConfiguration' (OnBeanCondition)

   SwaggerUiOAuthProperties matched:
      - @ConditionalOnProperty (springdoc.swagger-ui.enabled) matched (OnPropertyCondition)
      - @ConditionalOnBean (types: org.springdoc.core.configuration.SpringDocConfiguration; SearchStrategy: all) found bean 'org.springdoc.core.configuration.SpringDocConfiguration' (OnBeanCondition)

   TaskExecutionAutoConfiguration matched:
      - @ConditionalOnClass found required class 'org.springframework.scheduling.concurrent.ThreadPoolTaskExecutor' (OnClassCondition)

   TaskExecutorConfigurations.AsyncConfigurerConfiguration matched:
      - @ConditionalOnMissingBean (types: org.springframework.scheduling.annotation.AsyncConfigurer; SearchStrategy: all) did not find any beans (OnBeanCondition)

   TaskExecutorConfigurations.SimpleAsyncTaskExecutorBuilderConfiguration#simpleAsyncTaskExecutorBuilder matched:
      - @ConditionalOnMissingBean (types: org.springframework.boot.task.SimpleAsyncTaskExecutorBuilder; SearchStrategy: all) did not find any beans (OnBeanCondition)
      - @ConditionalOnThreading found PLATFORM (OnThreadingCondition)

   TaskExecutorConfigurations.TaskExecutorConfiguration matched:
      - AnyNestedCondition 1 matched 1 did not; NestedCondition on TaskExecutorConfigurations.OnExecutorCondition.ModelCondition @ConditionalOnProperty (spring.task.execution.mode=force) did not find property 'spring.task.execution.mode'; NestedCondition on TaskExecutorConfigurations.OnExecutorCondition.ExecutorBeanCondition @ConditionalOnMissingBean (types: java.util.concurrent.Executor; SearchStrategy: all) did not find any beans (TaskExecutorConfigurations.OnExecutorCondition)

   TaskExecutorConfigurations.TaskExecutorConfiguration#applicationTaskExecutor matched:
      - @ConditionalOnThreading found PLATFORM (OnThreadingCondition)

   TaskExecutorConfigurations.ThreadPoolTaskExecutorBuilderConfiguration#threadPoolTaskExecutorBuilder matched:
      - @ConditionalOnMissingBean (types: org.springframework.boot.task.ThreadPoolTaskExecutorBuilder; SearchStrategy: all) did not find any beans (OnBeanCondition)

   TaskSchedulingAutoConfiguration matched:
      - @ConditionalOnClass found required class 'org.springframework.scheduling.concurrent.ThreadPoolTaskScheduler' (OnClassCondition)

   TaskSchedulingConfigurations.SimpleAsyncTaskSchedulerBuilderConfiguration#simpleAsyncTaskSchedulerBuilder matched:
      - @ConditionalOnMissingBean (types: org.springframework.boot.task.SimpleAsyncTaskSchedulerBuilder; SearchStrategy: all) did not find any beans (OnBeanCondition)
      - @ConditionalOnThreading found PLATFORM (OnThreadingCondition)

   TaskSchedulingConfigurations.ThreadPoolTaskSchedulerBuilderConfiguration#threadPoolTaskSchedulerBuilder matched:
      - @ConditionalOnMissingBean (types: org.springframework.boot.task.ThreadPoolTaskSchedulerBuilder; SearchStrategy: all) did not find any beans (OnBeanCondition)

   TomcatServletWebServerAutoConfiguration matched:
      - @ConditionalOnClass found required classes 'jakarta.servlet.ServletRequest', 'org.apache.catalina.startup.Tomcat', 'org.apache.coyote.UpgradeProtocol', 'org.springframework.boot.tomcat.servlet.TomcatServletWebServerFactory' (OnClassCondition)
      - found 'session' scope (OnWebApplicationCondition)

   TomcatServletWebServerAutoConfiguration#tomcatServletWebServerFactory matched:
      - @ConditionalOnMissingBean (types: org.springframework.boot.web.server.servlet.ServletWebServerFactory; SearchStrategy: current) did not find any beans (OnBeanCondition)

   TomcatWebServerConfiguration matched:
      - @ConditionalOnWarDeployment the application is not deployed as a WAR file. (OnWarDeploymentCondition)

   TomcatWebServerConfiguration.TomcatWebSocketConfiguration matched:
      - @ConditionalOnClass found required class 'org.apache.tomcat.websocket.server.WsSci' (OnClassCondition)

   TransactionAutoConfiguration matched:
      - @ConditionalOnClass found required class 'org.springframework.transaction.PlatformTransactionManager' (OnClassCondition)

   TransactionAutoConfiguration.EnableTransactionManagementConfiguration matched:
      - @ConditionalOnBean (types: org.springframework.transaction.TransactionManager; SearchStrategy: all) found bean 'transactionManager'; @ConditionalOnMissingBean (types: org.springframework.transaction.annotation.AbstractTransactionManagementConfiguration; SearchStrategy: all) did not find any beans (OnBeanCondition)

   TransactionAutoConfiguration.EnableTransactionManagementConfiguration.CglibAutoProxyConfiguration matched:
      - @ConditionalOnBooleanProperty (spring.aop.proxy-target-class=true) matched (OnPropertyCondition)

   TransactionAutoConfiguration.TransactionTemplateConfiguration matched:
      - @ConditionalOnSingleCandidate (types: org.springframework.transaction.PlatformTransactionManager; SearchStrategy: all) found a single bean 'transactionManager' (OnBeanCondition)

   TransactionAutoConfiguration.TransactionTemplateConfiguration#transactionTemplate matched:
      - @ConditionalOnMissingBean (types: org.springframework.transaction.support.TransactionOperations; SearchStrategy: all) did not find any beans (OnBeanCondition)

   TransactionManagerCustomizationAutoConfiguration matched:
      - @ConditionalOnClass found required class 'org.springframework.transaction.PlatformTransactionManager' (OnClassCondition)

   TransactionManagerCustomizationAutoConfiguration#platformTransactionManagerCustomizers matched:
      - @ConditionalOnMissingBean (types: org.springframework.boot.transaction.autoconfigure.TransactionManagerCustomizers; SearchStrategy: all) did not find any beans (OnBeanCondition)

   UserDetailsServiceAutoConfiguration matched:
      - @ConditionalOnClass found required class 'org.springframework.security.authentication.AuthenticationManager' (OnClassCondition)
      - found 'session' scope (OnWebApplicationCondition)
      - AnyNestedCondition 1 matched 2 did not; NestedCondition on MissingAlternativeUserDetailsManagerOrUserPropertiesConfigured.PasswordConfigured @ConditionalOnProperty (spring.security.user.password) did not find property 'spring.security.user.password'; NestedCondition on MissingAlternativeUserDetailsManagerOrUserPropertiesConfigured.NameConfigured @ConditionalOnProperty (spring.security.user.name) did not find property 'spring.security.user.name'; NestedCondition on MissingAlternativeUserDetailsManagerOrUserPropertiesConfigured.MissingAlternative @ConditionalOnMissingClass did not find unwanted classes 'org.springframework.security.oauth2.client.registration.ClientRegistrationRepository', 'org.springframework.security.oauth2.server.resource.introspection.OpaqueTokenIntrospector', 'org.springframework.security.saml2.provider.service.registration.RelyingPartyRegistrationRepository' (MissingAlternativeUserDetailsManagerOrUserPropertiesConfigured)
      - @ConditionalOnMissingBean (types: org.springframework.security.authentication.AuthenticationManager,org.springframework.security.authentication.AuthenticationProvider,org.springframework.security.core.userdetails.UserDetailsService,org.springframework.security.authentication.AuthenticationManagerResolver,org.springframework.security.oauth2.jwt.JwtDecoder; SearchStrategy: all) did not find any beans (OnBeanCondition)

   ValidationAutoConfiguration matched:
      - @ConditionalOnClass found required class 'jakarta.validation.executable.ExecutableValidator' (OnClassCondition)
      - @ConditionalOnResource found location classpath:META-INF/services/jakarta.validation.spi.ValidationProvider (OnResourceCondition)

   ValidationAutoConfiguration#defaultValidator matched:
      - @ConditionalOnMissingBean (types: jakarta.validation.Validator; SearchStrategy: all) did not find any beans (OnBeanCondition)

   ValidationAutoConfiguration#methodValidationPostProcessor matched:
      - @ConditionalOnMissingBean (types: org.springframework.validation.beanvalidation.MethodValidationPostProcessor; SearchStrategy: current) did not find any beans (OnBeanCondition)

   WebMvcAutoConfiguration matched:
      - @ConditionalOnClass found required classes 'jakarta.servlet.Servlet', 'org.springframework.web.servlet.DispatcherServlet', 'org.springframework.web.servlet.config.annotation.WebMvcConfigurer' (OnClassCondition)
      - found 'session' scope (OnWebApplicationCondition)
      - @ConditionalOnMissingBean (types: org.springframework.web.servlet.config.annotation.WebMvcConfigurationSupport; SearchStrategy: all) did not find any beans (OnBeanCondition)

   WebMvcAutoConfiguration#formContentFilter matched:
      - @ConditionalOnBooleanProperty (spring.mvc.formcontent.filter.enabled=true) matched (OnPropertyCondition)
      - @ConditionalOnMissingBean (types: org.springframework.web.filter.FormContentFilter; SearchStrategy: all) did not find any beans (OnBeanCondition)

   WebMvcAutoConfiguration.EnableWebMvcConfiguration#flashMapManager matched:
      - @ConditionalOnMissingBean (names: flashMapManager; SearchStrategy: all) did not find any beans (OnBeanCondition)

   WebMvcAutoConfiguration.EnableWebMvcConfiguration#localeResolver matched:
      - @ConditionalOnMissingBean (names: localeResolver; SearchStrategy: all) did not find any beans (OnBeanCondition)

   WebMvcAutoConfiguration.EnableWebMvcConfiguration#viewNameTranslator matched:
      - @ConditionalOnMissingBean (names: viewNameTranslator; SearchStrategy: all) did not find any beans (OnBeanCondition)

   WebMvcAutoConfiguration.ResourceChainCustomizerConfiguration matched:
      - @ConditionalOnEnabledResourceChain found class org.webjars.WebJarVersionLocator (OnEnabledResourceChainCondition)

   WebMvcAutoConfiguration.WebMvcAutoConfigurationAdapter#defaultViewResolver matched:
      - @ConditionalOnMissingBean (types: org.springframework.web.servlet.view.InternalResourceViewResolver; SearchStrategy: all) did not find any beans (OnBeanCondition)

   WebMvcAutoConfiguration.WebMvcAutoConfigurationAdapter#requestContextFilter matched:
      - @ConditionalOnMissingBean (types: org.springframework.web.context.request.RequestContextListener,org.springframework.web.filter.RequestContextFilter; SearchStrategy: all) did not find any beans (OnBeanCondition)

   WebMvcAutoConfiguration.WebMvcAutoConfigurationAdapter#viewResolver matched:
      - @ConditionalOnBean (types: org.springframework.web.servlet.ViewResolver; SearchStrategy: all) found beans 'defaultViewResolver', 'beanNameViewResolver', 'mvcViewResolver'; @ConditionalOnMissingBean (names: viewResolver types: org.springframework.web.servlet.view.ContentNegotiatingViewResolver; SearchStrategy: all) did not find any beans (OnBeanCondition)


Negative matches:
-----------------

   AopAutoConfiguration.AspectJAutoProxyingConfiguration.JdkDynamicAutoProxyConfiguration:
      Did not match:
         - @ConditionalOnBooleanProperty (spring.aop.proxy-target-class=false) did not find property 'spring.aop.proxy-target-class' (OnPropertyCondition)

   AopAutoConfiguration.ClassProxyingConfiguration:
      Did not match:
         - @ConditionalOnMissingClass found unwanted class 'org.aspectj.weaver.Advice' (OnClassCondition)

   DataJpaRepositoriesAutoConfiguration#entityManagerFactoryBootstrapExecutorCustomizer:
      Did not match:
         - AnyNestedCondition 0 matched 2 did not; NestedCondition on DataJpaRepositoriesAutoConfiguration.BootstrapExecutorCondition.LazyBootstrapMode @ConditionalOnProperty (spring.data.jpa.repositories.bootstrap-mode=lazy) did not find property 'spring.data.jpa.repositories.bootstrap-mode'; NestedCondition on DataJpaRepositoriesAutoConfiguration.BootstrapExecutorCondition.DeferredBootstrapMode @ConditionalOnProperty (spring.data.jpa.repositories.bootstrap-mode=deferred) did not find property 'spring.data.jpa.repositories.bootstrap-mode' (DataJpaRepositoriesAutoConfiguration.BootstrapExecutorCondition)

   DataRepositoryMetricsAutoConfiguration:
      Did not match:
         - @ConditionalOnBean did not find required type 'io.micrometer.core.instrument.MeterRegistry' (OnBeanCondition)

   DataSourceAutoConfiguration.EmbeddedDatabaseConfiguration:
      Did not match:
         - EmbeddedDataSource spring.datasource.url is set (DataSourceAutoConfiguration.EmbeddedDatabaseCondition)

   DataSourceCheckpointRestoreConfiguration:
      Did not match:
         - @ConditionalOnClass did not find required class 'org.crac.Resource' (OnClassCondition)

   DataSourceConfiguration.Dbcp2:
      Did not match:
         - @ConditionalOnClass did not find required class 'org.apache.commons.dbcp2.BasicDataSource' (OnClassCondition)

   DataSourceConfiguration.Generic:
      Did not match:
         - @ConditionalOnProperty (spring.datasource.type) did not find property 'spring.datasource.type' (OnPropertyCondition)

   DataSourceConfiguration.OracleUcp:
      Did not match:
         - @ConditionalOnClass did not find required classes 'oracle.ucp.jdbc.PoolDataSourceImpl', 'oracle.jdbc.OracleConnection' (OnClassCondition)

   DataSourceConfiguration.Tomcat:
      Did not match:
         - @ConditionalOnClass did not find required class 'org.apache.tomcat.jdbc.pool.DataSource' (OnClassCondition)

   DataSourceHealthContributorAutoConfiguration:
      Did not match:
         - @ConditionalOnClass did not find required class 'org.springframework.boot.health.autoconfigure.contributor.ConditionalOnEnabledHealthIndicator' (OnClassCondition)

   DataSourceJmxConfiguration:
      Did not match:
         - @ConditionalOnBooleanProperty (spring.jmx.enabled=true) did not find property 'spring.jmx.enabled' (OnPropertyCondition)

   DataSourcePoolMetadataProvidersConfiguration.CommonsDbcp2PoolDataSourceMetadataProviderConfiguration:
      Did not match:
         - @ConditionalOnClass did not find required class 'org.apache.commons.dbcp2.BasicDataSource' (OnClassCondition)

   DataSourcePoolMetadataProvidersConfiguration.OracleUcpPoolDataSourceMetadataProviderConfiguration:
      Did not match:
         - @ConditionalOnClass did not find required classes 'oracle.ucp.jdbc.PoolDataSource', 'oracle.jdbc.OracleConnection' (OnClassCondition)

   DataSourcePoolMetadataProvidersConfiguration.TomcatDataSourcePoolMetadataProviderConfiguration:
      Did not match:
         - @ConditionalOnClass did not find required class 'org.apache.tomcat.jdbc.pool.DataSource' (OnClassCondition)

   DataSourcePoolMetricsAutoConfiguration:
      Did not match:
         - @ConditionalOnClass did not find required class 'io.micrometer.core.instrument.MeterRegistry' (OnClassCondition)

   DataSourceTransactionManagerAutoConfiguration.JdbcTransactionManagerConfiguration#transactionManager:
      Did not match:
         - @ConditionalOnMissingBean (types: org.springframework.transaction.TransactionManager; SearchStrategy: all) found beans of type 'org.springframework.transaction.TransactionManager' transactionManager (OnBeanCondition)

   DispatcherServletAutoConfiguration.DispatcherServletConfiguration#multipartResolver:
      Did not match:
         - @ConditionalOnBean (types: org.springframework.web.multipart.MultipartResolver; SearchStrategy: all) did not find any beans of type org.springframework.web.multipart.MultipartResolver (OnBeanCondition)

   GsonHttpMessageConvertersConfiguration:
      Did not match:
         - @ConditionalOnClass did not find required class 'com.google.gson.Gson' (OnClassCondition)

   HibernateMetricsAutoConfiguration:
      Did not match:
         - @ConditionalOnClass did not find required class 'io.micrometer.core.instrument.MeterRegistry' (OnClassCondition)

   Jackson2HttpMessageConvertersConfiguration.MappingJackson2HttpMessageConverterConfiguration:
      Did not match:
         - AnyNestedCondition 0 matched 2 did not; NestedCondition on Jackson2HttpMessageConvertersConfiguration.PreferJackson2OrJacksonUnavailableCondition.JacksonUnavailable @ConditionalOnMissingBean (types: org.springframework.boot.http.converter.autoconfigure.JacksonHttpMessageConvertersConfiguration$JacksonJsonHttpMessageConvertersCustomizer; SearchStrategy: all) found beans of type 'org.springframework.boot.http.converter.autoconfigure.JacksonHttpMessageConvertersConfiguration$JacksonJsonHttpMessageConvertersCustomizer' jacksonJsonHttpMessageConvertersCustomizer; NestedCondition on Jackson2HttpMessageConvertersConfiguration.PreferJackson2OrJacksonUnavailableCondition.Jackson2Preferred @ConditionalOnProperty (spring.http.converters.preferred-json-mapper=jackson2) did not find property 'spring.http.converters.preferred-json-mapper' (Jackson2HttpMessageConvertersConfiguration.PreferJackson2OrJacksonUnavailableCondition)
      Matched:
         - @ConditionalOnClass found required class 'com.fasterxml.jackson.databind.ObjectMapper' (OnClassCondition)

   Jackson2HttpMessageConvertersConfiguration.MappingJackson2XmlHttpMessageConverterConfiguration:
      Did not match:
         - @ConditionalOnClass did not find required class 'tools.jackson.dataformat.xml.XmlMapper' (OnClassCondition)

   JacksonAutoConfiguration.CborConfiguration:
      Did not match:
         - @ConditionalOnClass did not find required class 'tools.jackson.dataformat.cbor.CBORMapper' (OnClassCondition)

   JacksonAutoConfiguration.XmlConfiguration:
      Did not match:
         - @ConditionalOnClass did not find required class 'tools.jackson.dataformat.xml.XmlMapper' (OnClassCondition)

   JacksonHttpMessageConvertersConfiguration.JacksonXmlHttpMessageConverterConfiguration:
      Did not match:
         - @ConditionalOnClass did not find required class 'tools.jackson.dataformat.xml.XmlMapper' (OnClassCondition)

   JmxAutoConfiguration:
      Did not match:
         - @ConditionalOnBooleanProperty (spring.jmx.enabled=true) did not find property 'spring.jmx.enabled' (OnPropertyCondition)
      Matched:
         - @ConditionalOnClass found required class 'org.springframework.jmx.export.MBeanExporter' (OnClassCondition)

   JndiDataSourceAutoConfiguration:
      Did not match:
         - @ConditionalOnProperty (spring.datasource.jndi-name) did not find property 'spring.datasource.jndi-name' (OnPropertyCondition)
      Matched:
         - @ConditionalOnClass found required classes 'javax.sql.DataSource', 'org.springframework.jdbc.datasource.embedded.EmbeddedDatabaseType' (OnClassCondition)

   JndiJtaConfiguration:
      Did not match:
         - @ConditionalOnJndi JNDI environment is not available (OnJndiCondition)
      Matched:
         - @ConditionalOnClass found required class 'org.springframework.transaction.jta.JtaTransactionManager' (OnClassCondition)

   JsonbHttpMessageConvertersConfiguration:
      Did not match:
         - @ConditionalOnClass did not find required class 'jakarta.json.bind.Jsonb' (OnClassCondition)

   KotlinSerializationHttpMessageConvertersConfiguration:
      Did not match:
         - @ConditionalOnClass did not find required classes 'kotlinx.serialization.Serializable', 'kotlinx.serialization.json.Json' (OnClassCondition)

   ManagementWebSecurityAutoConfiguration:
      Did not match:
         - @ConditionalOnClass did not find required class 'org.springframework.boot.actuate.autoconfigure.endpoint.web.WebEndpointAutoConfiguration' (OnClassCondition)

   MessageSourceAutoConfiguration:
      Did not match:
         - ResourceBundle did not find bundle with basename messages (MessageSourceAutoConfiguration.ResourceBundleCondition)

   MultipleOpenApiSupportConfiguration:
      Did not match:
         - AnyNestedCondition 0 matched 2 did not; NestedCondition on MultipleOpenApiSupportCondition.OnActuatorDifferentPort @ConditionalOnProperty (springdoc.show-actuator) did not find property 'springdoc.show-actuator'; NestedCondition on MultipleOpenApiSupportCondition.OnMultipleOpenApiSupportCondition AnyNestedCondition 0 matched 3 did not; NestedCondition on MultipleOpenApiGroupsCondition.OnListGroupedOpenApiBean @ConditionalOnBean (types: org.springdoc.core.models.GroupedOpenApi; SearchStrategy: all) did not find any beans of type org.springdoc.core.models.GroupedOpenApi; NestedCondition on MultipleOpenApiGroupsCondition.OnGroupConfigProperty @ConditionalOnProperty (springdoc.group-configs[0].group) did not find property 'springdoc.group-configs[0].group'; NestedCondition on MultipleOpenApiGroupsCondition.OnGroupedOpenApiBean @ConditionalOnBean (types: org.springdoc.core.models.GroupedOpenApi; SearchStrategy: all) did not find any beans of type org.springdoc.core.models.GroupedOpenApi (MultipleOpenApiSupportCondition)
      Matched:
         - found 'session' scope (OnWebApplicationCondition)
         - @ConditionalOnProperty (springdoc.api-docs.enabled) matched (OnPropertyCondition)

   MultipleOpenApiSupportConfiguration.SpringDocWebMvcActuatorDifferentConfiguration:
      Did not match:
         - @ConditionalOnClass did not find required class 'org.springframework.boot.actuate.endpoint.web.servlet.WebMvcEndpointHandlerMapping' (OnClassCondition)
         - Ancestor org.springdoc.webmvc.core.configuration.MultipleOpenApiSupportConfiguration did not match (ConditionEvaluationReport.AncestorsMatchedCondition)

   ProjectInfoAutoConfiguration#buildProperties:
      Did not match:
         - @ConditionalOnResource did not find resource '${spring.info.build.location:classpath:META-INF/build-info.properties}' (OnResourceCondition)

   ProjectInfoAutoConfiguration#gitProperties:
      Did not match:
         - GitResource did not find git info at classpath:git.properties (ProjectInfoAutoConfiguration.GitResourceAvailableCondition)

   RSocketSecurityAutoConfiguration:
      Did not match:
         - @ConditionalOnClass did not find required class 'org.springframework.boot.rsocket.server.RSocketServerCustomizer' (OnClassCondition)

   ReactiveManagementWebSecurityAutoConfiguration:
      Did not match:
         - @ConditionalOnClass did not find required class 'org.springframework.boot.actuate.autoconfigure.endpoint.web.WebEndpointAutoConfiguration' (OnClassCondition)

   ReactiveUserDetailsServiceAutoConfiguration:
      Did not match:
         - AnyNestedCondition 0 matched 2 did not; NestedCondition on ReactiveUserDetailsServiceAutoConfiguration.RSocketEnabledOrReactiveWebApplication.ReactiveWebApplicationCondition did not find reactive web application classes; NestedCondition on ReactiveUserDetailsServiceAutoConfiguration.RSocketEnabledOrReactiveWebApplication.RSocketSecurityEnabledCondition @ConditionalOnBean (types: org.springframework.messaging.rsocket.annotation.support.RSocketMessageHandler; SearchStrategy: all) did not find any beans of type org.springframework.messaging.rsocket.annotation.support.RSocketMessageHandler (ReactiveUserDetailsServiceAutoConfiguration.RSocketEnabledOrReactiveWebApplication)
      Matched:
         - @ConditionalOnClass found required class 'org.springframework.security.authentication.ReactiveAuthenticationManager' (OnClassCondition)
         - AnyNestedCondition 1 matched 2 did not; NestedCondition on MissingAlternativeUserDetailsManagerOrUserPropertiesConfigured.PasswordConfigured @ConditionalOnProperty (spring.security.user.password) did not find property 'spring.security.user.password'; NestedCondition on MissingAlternativeUserDetailsManagerOrUserPropertiesConfigured.NameConfigured @ConditionalOnProperty (spring.security.user.name) did not find property 'spring.security.user.name'; NestedCondition on MissingAlternativeUserDetailsManagerOrUserPropertiesConfigured.MissingAlternative @ConditionalOnMissingClass did not find unwanted classes 'org.springframework.security.oauth2.client.registration.ClientRegistrationRepository', 'org.springframework.security.oauth2.server.resource.introspection.OpaqueTokenIntrospector', 'org.springframework.security.saml2.provider.service.registration.RelyingPartyRegistrationRepository' (MissingAlternativeUserDetailsManagerOrUserPropertiesConfigured)

   ReactiveWebSecurityAutoConfiguration:
      Did not match:
         - @ConditionalOnClass did not find required class 'reactor.core.publisher.Flux' (OnClassCondition)

   SecurityAutoConfiguration.SecurityDataConfiguration:
      Did not match:
         - @ConditionalOnClass did not find required class 'org.springframework.security.data.repository.query.SecurityEvaluationContextExtension' (OnClassCondition)

   ServletHttpExchangesAutoConfiguration:
      Did not match:
         - @ConditionalOnBean did not find required type 'org.springframework.boot.actuate.web.exchanges.HttpExchangeRepository' (OnBeanCondition)

   ServletManagementContextAutoConfiguration:
      Did not match:
         - @ConditionalOnClass did not find required class 'org.springframework.boot.actuate.autoconfigure.endpoint.web.WebEndpointProperties' (OnClassCondition)

   ServletMappingsAutoConfiguration:
      Did not match:
         - @ConditionalOnClass did not find required class 'org.springframework.boot.actuate.autoconfigure.endpoint.condition.ConditionalOnAvailableEndpoint' (OnClassCondition)

   ServletWebSecurityAutoConfiguration.SecurityFilterChainConfiguration:
      Did not match:
         - AllNestedConditions 1 matched 1 did not; NestedCondition on DefaultWebSecurityCondition.Beans @ConditionalOnMissingBean (types: org.springframework.security.web.SecurityFilterChain; SearchStrategy: all) found beans of type 'org.springframework.security.web.SecurityFilterChain' filterChain; NestedCondition on DefaultWebSecurityCondition.Classes @ConditionalOnClass found required classes 'org.springframework.security.web.SecurityFilterChain', 'org.springframework.security.config.annotation.web.builders.HttpSecurity' (DefaultWebSecurityCondition)

   ServletWebServerConfiguration#forwardedHeaderFilter:
      Did not match:
         - @ConditionalOnProperty (server.forward-headers-strategy=framework) did not find property 'server.forward-headers-strategy' (OnPropertyCondition)

   SpringApplicationAdminJmxAutoConfiguration:
      Did not match:
         - @ConditionalOnBooleanProperty (spring.application.admin.enabled=true) did not find property 'spring.application.admin.enabled' (OnPropertyCondition)

   SpringDocConfiguration#propertiesResolverForSchema:
      Did not match:
         - @ConditionalOnProperty (springdoc.api-docs.resolve-schema-properties) did not find property 'springdoc.api-docs.resolve-schema-properties' (OnPropertyCondition)

   SpringDocConfiguration#propertyCustomizingConverter:
      Did not match:
         - @ConditionalOnBean (types: org.springdoc.core.customizers.PropertyCustomizer; SearchStrategy: all) did not find any beans of type org.springdoc.core.customizers.PropertyCustomizer (OnBeanCondition)

   SpringDocConfiguration#springdocBeanFactoryPostProcessor:
      Did not match:
         - AnyNestedCondition 0 matched 2 did not; NestedCondition on CacheOrGroupedOpenApiCondition.OnCacheDisabled found non-matching nested conditions @ConditionalOnProperty (springdoc.cache.disabled) did not find property 'springdoc.cache.disabled'; NestedCondition on CacheOrGroupedOpenApiCondition.OnMultipleOpenApiSupportCondition AnyNestedCondition 0 matched 2 did not; NestedCondition on MultipleOpenApiSupportCondition.OnActuatorDifferentPort @ConditionalOnProperty (springdoc.show-actuator) did not find property 'springdoc.show-actuator'; NestedCondition on MultipleOpenApiSupportCondition.OnMultipleOpenApiSupportCondition AnyNestedCondition 0 matched 3 did not; NestedCondition on MultipleOpenApiGroupsCondition.OnListGroupedOpenApiBean @ConditionalOnBean (types: org.springdoc.core.models.GroupedOpenApi; SearchStrategy: all) did not find any beans of type org.springdoc.core.models.GroupedOpenApi; NestedCondition on MultipleOpenApiGroupsCondition.OnGroupConfigProperty @ConditionalOnProperty (springdoc.group-configs[0].group) did not find property 'springdoc.group-configs[0].group'; NestedCondition on MultipleOpenApiGroupsCondition.OnGroupedOpenApiBean @ConditionalOnBean (types: org.springdoc.core.models.GroupedOpenApi; SearchStrategy: all) did not find any beans of type org.springdoc.core.models.GroupedOpenApi (CacheOrGroupedOpenApiCondition)
      Matched:
         - @ConditionalOnClass found required class 'org.springframework.boot.context.properties.bind.BindResult' (OnClassCondition)

   SpringDocConfiguration#springdocBeanFactoryPostProcessor2:
      Did not match:
         - @ConditionalOnMissingClass found unwanted class 'org.springframework.boot.context.properties.bind.BindResult' (OnClassCondition)

   SpringDocConfiguration.SpringDocActuatorConfiguration:
      Did not match:
         - @ConditionalOnClass did not find required class 'org.springframework.boot.actuate.autoconfigure.endpoint.web.WebEndpointProperties' (OnClassCondition)

   SpringDocConfiguration.SpringDocRepositoryRestConfiguration:
      Did not match:
         - @ConditionalOnClass did not find required class 'org.springframework.data.rest.core.config.RepositoryRestConfiguration' (OnClassCondition)

   SpringDocConfiguration.SpringDocSpringDataWebPropertiesProvider:
      Did not match:
         - @ConditionalOnClass did not find required class 'org.springframework.boot.autoconfigure.data.web.SpringDataWebProperties' (OnClassCondition)

   SpringDocConfiguration.SpringDocWebFluxSupportConfiguration:
      Did not match:
         - @ConditionalOnClass did not find required class 'reactor.core.publisher.Flux' (OnClassCondition)

   SpringDocDataRestConfiguration:
      Did not match:
         - @ConditionalOnClass did not find required class 'org.springframework.data.rest.core.config.RepositoryRestConfiguration' (OnClassCondition)

   SpringDocFunctionCatalogConfiguration:
      Did not match:
         - @ConditionalOnClass did not find required class 'org.springframework.cloud.function.web.function.FunctionEndpointInitializer' (OnClassCondition)

   SpringDocGroovyConfiguration:
      Did not match:
         - @ConditionalOnClass did not find required class 'groovy.lang.MetaClass' (OnClassCondition)

   SpringDocHateoasConfiguration:
      Did not match:
         - @ConditionalOnClass did not find required class 'org.springframework.hateoas.server.LinkRelationProvider' (OnClassCondition)

   SpringDocJacksonKotlinModuleConfiguration:
      Did not match:
         - @ConditionalOnClass did not find required class 'com.fasterxml.jackson.module.kotlin.KotlinModule' (OnClassCondition)

   SpringDocJavadocConfiguration:
      Did not match:
         - @ConditionalOnClass did not find required class 'com.github.therapi.runtimejavadoc.CommentFormatter' (OnClassCondition)

   SpringDocKotlinConfiguration:
      Did not match:
         - @ConditionalOnClass did not find required class 'kotlin.coroutines.Continuation' (OnClassCondition)

   SpringDocKotlinxConfiguration:
      Did not match:
         - @ConditionalOnClass did not find required class 'kotlinx.coroutines.flow.Flow' (OnClassCondition)

   SpringDocSecurityConfiguration.SpringDocSecurityOAuth2ClientConfiguration:
      Did not match:
         - @ConditionalOnClass did not find required class 'org.springframework.security.oauth2.client.annotation.RegisteredOAuth2AuthorizedClient' (OnClassCondition)

   SpringDocSecurityConfiguration.SpringDocSecurityOAuth2Configuration:
      Did not match:
         - @ConditionalOnClass did not find required class 'org.springframework.security.oauth2.server.authorization.OAuth2AuthorizationService' (OnClassCondition)

   SpringDocSecurityConfiguration.SpringSecurityLoginEndpointConfiguration#springSecurityLoginEndpointCustomizer:
      Did not match:
         - @ConditionalOnProperty (springdoc.show-login-endpoint) did not find property 'springdoc.show-login-endpoint' (OnPropertyCondition)

   SpringDocSortConfiguration#dataRestDelegatingMethodParameterCustomizer:
      Did not match:
         - @ConditionalOnMissingBean (types: org.springdoc.core.customizers.DataRestDelegatingMethodParameterCustomizer; SearchStrategy: all) found beans of type 'org.springdoc.core.customizers.DataRestDelegatingMethodParameterCustomizer' dataRestDelegatingMethodParameterCustomizer (OnBeanCondition)

   SpringDocWebMvcConfiguration.SpringDocWebMvcActuatorConfiguration:
      Did not match:
         - @ConditionalOnClass did not find required class 'org.springframework.boot.actuate.endpoint.web.servlet.WebMvcEndpointHandlerMapping' (OnClassCondition)

   SwaggerConfig#springWebProvider:
      Did not match:
         - @ConditionalOnMissingBean (types: org.springdoc.core.providers.SpringWebProvider; SearchStrategy: all) found beans of type 'org.springdoc.core.providers.SpringWebProvider' springWebProvider (OnBeanCondition)

   SwaggerConfig#swaggerUiHome:
      Did not match:
         - @ConditionalOnProperty (springdoc.swagger-ui.use-root-path=true) did not find property 'springdoc.swagger-ui.use-root-path' (OnPropertyCondition)

   SwaggerConfig.SwaggerActuatorWelcomeConfiguration:
      Did not match:
         - @ConditionalOnClass did not find required class 'org.springframework.boot.actuate.endpoint.web.servlet.WebMvcEndpointHandlerMapping' (OnClassCondition)

   TaskExecutorConfigurations.AsyncConfigurerWrapperConfiguration:
      Did not match:
         - @ConditionalOnBean (types: org.springframework.scheduling.annotation.AsyncConfigurer; SearchStrategy: all) did not find any beans of type org.springframework.scheduling.annotation.AsyncConfigurer (OnBeanCondition)

   TaskExecutorConfigurations.SimpleAsyncTaskExecutorBuilderConfiguration#simpleAsyncTaskExecutorBuilderVirtualThreads:
      Did not match:
         - @ConditionalOnMissingBean (types: org.springframework.boot.task.SimpleAsyncTaskExecutorBuilder; SearchStrategy: all) found beans of type 'org.springframework.boot.task.SimpleAsyncTaskExecutorBuilder' simpleAsyncTaskExecutorBuilder (OnBeanCondition)

   TaskExecutorConfigurations.TaskExecutorConfiguration#applicationTaskExecutorVirtualThreads:
      Did not match:
         - @ConditionalOnThreading did not find VIRTUAL (OnThreadingCondition)

   TaskSchedulingAutoConfiguration#scheduledBeanLazyInitializationExcludeFilter:
      Did not match:
         - @ConditionalOnBean (names: org.springframework.scheduling.config.internalScheduledAnnotationProcessor; SearchStrategy: all) did not find any beans named org.springframework.scheduling.config.internalScheduledAnnotationProcessor (OnBeanCondition)

   TaskSchedulingConfigurations.SimpleAsyncTaskSchedulerBuilderConfiguration#simpleAsyncTaskSchedulerBuilderVirtualThreads:
      Did not match:
         - @ConditionalOnMissingBean (types: org.springframework.boot.task.SimpleAsyncTaskSchedulerBuilder; SearchStrategy: all) found beans of type 'org.springframework.boot.task.SimpleAsyncTaskSchedulerBuilder' simpleAsyncTaskSchedulerBuilder (OnBeanCondition)

   TaskSchedulingConfigurations.TaskSchedulerConfiguration:
      Did not match:
         - @ConditionalOnBean (names: org.springframework.scheduling.config.internalScheduledAnnotationProcessor; SearchStrategy: all) did not find any beans named org.springframework.scheduling.config.internalScheduledAnnotationProcessor (OnBeanCondition)

   TomcatMetricsAutoConfiguration:
      Did not match:
         - @ConditionalOnClass did not find required class 'io.micrometer.core.instrument.binder.tomcat.TomcatMetrics' (OnClassCondition)

   TomcatReactiveManagementContextAutoConfiguration:
      Did not match:
         - @ConditionalOnClass did not find required class 'org.springframework.boot.actuate.autoconfigure.web.server.ManagementContextFactory' (OnClassCondition)

   TomcatReactiveWebServerAutoConfiguration:
      Did not match:
         - @ConditionalOnWebApplication did not find reactive web application classes (OnWebApplicationCondition)

   TomcatServletManagementContextAutoConfiguration:
      Did not match:
         - @ConditionalOnClass did not find required class 'org.springframework.boot.actuate.autoconfigure.web.server.ManagementContextFactory' (OnClassCondition)

   TomcatServletWebServerAutoConfiguration#tomcatForwardedHeaderFilterCustomizer:
      Did not match:
         - @ConditionalOnProperty (server.forward-headers-strategy=framework) did not find property 'server.forward-headers-strategy' (OnPropertyCondition)

   TomcatWebServerConfiguration#tomcatVirtualThreadsProtocolHandlerCustomizer:
      Did not match:
         - @ConditionalOnThreading did not find VIRTUAL (OnThreadingCondition)

   TransactionAutoConfiguration#transactionalOperator:
      Did not match:
         - @ConditionalOnSingleCandidate (types: org.springframework.transaction.ReactiveTransactionManager; SearchStrategy: all) did not find any beans (OnBeanCondition)

   TransactionAutoConfiguration.AspectJTransactionManagementConfiguration:
      Did not match:
         - @ConditionalOnBean (types: org.springframework.transaction.aspectj.AbstractTransactionAspect; SearchStrategy: all) did not find any beans of type org.springframework.transaction.aspectj.AbstractTransactionAspect (OnBeanCondition)

   TransactionAutoConfiguration.EnableTransactionManagementConfiguration.JdkDynamicAutoProxyConfiguration:
      Did not match:
         - @ConditionalOnBooleanProperty (spring.aop.proxy-target-class=false) did not find property 'spring.aop.proxy-target-class' (OnPropertyCondition)

   WebMvcAutoConfiguration#hiddenHttpMethodFilter:
      Did not match:
         - @ConditionalOnBooleanProperty (spring.mvc.hiddenmethod.filter.enabled=true) did not find property 'spring.mvc.hiddenmethod.filter.enabled' (OnPropertyCondition)

   WebMvcAutoConfiguration.ProblemDetailsErrorHandlingConfiguration:
      Did not match:
         - @ConditionalOnBooleanProperty (spring.mvc.problemdetails.enabled=true) did not find property 'spring.mvc.problemdetails.enabled' (OnPropertyCondition)

   WebMvcAutoConfiguration.WebMvcAutoConfigurationAdapter#beanNameViewResolver:
      Did not match:
         - @ConditionalOnMissingBean (types: org.springframework.web.servlet.view.BeanNameViewResolver; SearchStrategy: all) found beans of type 'org.springframework.web.servlet.view.BeanNameViewResolver' beanNameViewResolver (OnBeanCondition)

   WebMvcHealthEndpointExtensionAutoConfiguration:
      Did not match:
         - @ConditionalOnClass did not find required class 'org.springframework.boot.health.actuate.endpoint.HealthEndpoint' (OnClassCondition)

   WebMvcMappingsAutoConfiguration:
      Did not match:
         - @ConditionalOnClass did not find required class 'org.springframework.boot.actuate.autoconfigure.endpoint.condition.ConditionalOnAvailableEndpoint' (OnClassCondition)

   WebMvcObservationAutoConfiguration:
      Did not match:
         - @ConditionalOnClass did not find required class 'org.springframework.boot.micrometer.observation.autoconfigure.ObservationProperties' (OnClassCondition)

   XADataSourceAutoConfiguration:
      Did not match:
         - @ConditionalOnBean (types: org.springframework.boot.jdbc.XADataSourceWrapper; SearchStrategy: all) did not find any beans of type org.springframework.boot.jdbc.XADataSourceWrapper (OnBeanCondition)
      Matched:
         - @ConditionalOnClass found required classes 'javax.sql.DataSource', 'jakarta.transaction.TransactionManager', 'org.springframework.jdbc.datasource.embedded.EmbeddedDatabaseType' (OnClassCondition)


Exclusions:
-----------

    None


Unconditional classes:
----------------------

    org.springframework.boot.autoconfigure.context.ConfigurationPropertiesAutoConfiguration

    org.springframework.boot.autoconfigure.ssl.SslAutoConfiguration

    org.springframework.boot.autoconfigure.context.PropertyPlaceholderAutoConfiguration

    org.springframework.boot.autoconfigure.context.LifecycleAutoConfiguration

    org.springdoc.core.configuration.SpringDocSpecPropertiesConfiguration

    org.springframework.boot.autoconfigure.availability.ApplicationAvailabilityAutoConfiguration

    org.springframework.boot.autoconfigure.info.ProjectInfoAutoConfiguration



2026-04-14T21:33:43.682+01:00  INFO 10256 --- [gestionUser] [           main] t.e.s.baladna.GestionUserApplication     : Started GestionUserApplication in 19.794 seconds (process running for 20.788)
2026-04-14T21:33:43.687+01:00 DEBUG 10256 --- [gestionUser] [           main] o.s.b.a.ApplicationAvailabilityBean      : Application availability state LivenessState changed to CORRECT
2026-04-14T21:33:43.693+01:00 DEBUG 10256 --- [gestionUser] [           main] o.s.b.a.ApplicationAvailabilityBean      : Application availability state ReadinessState changed to ACCEPTING_TRAFFIC
2026-04-14T21:34:08.492+01:00  INFO 10256 --- [gestionUser] [nio-8081-exec-1] o.a.c.c.C.[Tomcat].[localhost].[/]       : Initializing Spring DispatcherServlet 'dispatcherServlet'
2026-04-14T21:34:08.492+01:00  INFO 10256 --- [gestionUser] [nio-8081-exec-1] o.s.web.servlet.DispatcherServlet        : Initializing Servlet 'dispatcherServlet'
2026-04-14T21:34:08.496+01:00 DEBUG 10256 --- [gestionUser] [nio-8081-exec-1] o.s.web.servlet.DispatcherServlet        : Detected StandardServletMultipartResolver
2026-04-14T21:34:08.496+01:00 DEBUG 10256 --- [gestionUser] [nio-8081-exec-1] o.s.web.servlet.DispatcherServlet        : Detected AcceptHeaderLocaleResolver
2026-04-14T21:34:08.498+01:00 DEBUG 10256 --- [gestionUser] [nio-8081-exec-1] o.s.web.servlet.DispatcherServlet        : Detected org.springframework.web.servlet.view.DefaultRequestToViewNameTranslator@99caac2
2026-04-14T21:34:08.498+01:00 DEBUG 10256 --- [gestionUser] [nio-8081-exec-1] o.s.web.servlet.DispatcherServlet        : Detected org.springframework.web.servlet.support.SessionFlashMapManager@6026c754
2026-04-14T21:34:08.498+01:00 DEBUG 10256 --- [gestionUser] [nio-8081-exec-1] o.s.web.servlet.DispatcherServlet        : enableLoggingRequestDetails='false': request parameters and headers will be masked to prevent unsafe logging of potentially sensitive data
2026-04-14T21:34:08.498+01:00  INFO 10256 --- [gestionUser] [nio-8081-exec-1] o.s.web.servlet.DispatcherServlet        : Completed initialization in 2 ms
2026-04-14T21:34:08.524+01:00 DEBUG 10256 --- [gestionUser] [nio-8081-exec-1] o.s.security.web.FilterChainProxy        : Securing POST /api/auth/login
2026-04-14T21:34:08.553+01:00 DEBUG 10256 --- [gestionUser] [nio-8081-exec-1] o.s.s.w.a.AnonymousAuthenticationFilter  : Set SecurityContextHolder to anonymous SecurityContext
2026-04-14T21:34:08.557+01:00 DEBUG 10256 --- [gestionUser] [nio-8081-exec-1] o.s.security.web.FilterChainProxy        : Secured POST /api/auth/login
2026-04-14T21:34:08.568+01:00 DEBUG 10256 --- [gestionUser] [nio-8081-exec-1] o.s.web.servlet.DispatcherServlet        : POST "/api/auth/login", parameters={}
2026-04-14T21:34:08.589+01:00 DEBUG 10256 --- [gestionUser] [nio-8081-exec-1] s.w.s.m.m.a.RequestMappingHandlerMapping : Mapped to tn.esprit.spring.baladna.user.controller.AuthController#login(LoginRequest)
2026-04-14T21:34:08.777+01:00 DEBUG 10256 --- [gestionUser] [nio-8081-exec-1] m.m.a.RequestResponseBodyMethodProcessor : Read "application/json;charset=UTF-8" to [LoginRequest(email=host.transport.test.session@example.com, password=Test1234!)]
2026-04-14T21:34:09.021+01:00 DEBUG 10256 --- [gestionUser] [nio-8081-exec-1] org.hibernate.SQL                        : select u1_0.id,u1_0.email,u1_0.first_name,u1_0.last_login,u1_0.last_name,u1_0.password,u1_0.preferred_language,u1_0.profile_photo,u1_0.role,u1_0.status from user u1_0 where u1_0.email=?
Hibernate: select u1_0.id,u1_0.email,u1_0.first_name,u1_0.last_login,u1_0.last_name,u1_0.password,u1_0.preferred_language,u1_0.profile_photo,u1_0.role,u1_0.status from user u1_0 where u1_0.email=?
2026-04-14T21:34:09.481+01:00 DEBUG 10256 --- [gestionUser] [nio-8081-exec-1] org.hibernate.SQL                        : insert into activity_log (action,timestamp,user_id,id) values (?,?,?,?)
Hibernate: insert into activity_log (action,timestamp,user_id,id) values (?,?,?,?)
2026-04-14T21:34:09.725+01:00 DEBUG 10256 --- [gestionUser] [nio-8081-exec-1] org.hibernate.SQL                        : insert into session (expires_at,token,user_id,id) values (?,?,?,?)
Hibernate: insert into session (expires_at,token,user_id,id) values (?,?,?,?)
2026-04-14T21:34:09.771+01:00 DEBUG 10256 --- [gestionUser] [nio-8081-exec-1] o.s.w.s.m.m.a.HttpEntityMethodProcessor  : Using 'application/json', given [*/*] and supported [application/json, application/*+json, application/yaml]
2026-04-14T21:34:09.774+01:00 DEBUG 10256 --- [gestionUser] [nio-8081-exec-1] o.s.w.s.m.m.a.HttpEntityMethodProcessor  : Writing [AuthResponse(accessToken=eyJhbGciOiJIUzI1NiJ9.eyJzdWIiOiJob3N0LnRyYW5zcG9ydC50ZXN0LnNlc3Npb25AZXhhbX (truncated)...]
2026-04-14T21:34:09.835+01:00 DEBUG 10256 --- [gestionUser] [nio-8081-exec-1] o.s.web.servlet.DispatcherServlet        : Completed 200 OK
2026-04-14T21:34:37.507+01:00 DEBUG 10256 --- [gestionUser] [nio-8081-exec-4] o.s.security.web.FilterChainProxy        : Securing GET /api/trajets
2026-04-14T21:34:37.516+01:00  INFO 10256 --- [gestionUser] [nio-8081-exec-4] t.e.s.baladna.user.security.JwtFilter    : Request to: /api/trajets - Auth header: present
2026-04-14T21:34:37.516+01:00  INFO 10256 --- [gestionUser] [nio-8081-exec-4] t.e.s.baladna.user.security.JwtFilter    : Token extracted (length: 195)
2026-04-14T21:34:37.585+01:00  INFO 10256 --- [gestionUser] [nio-8081-exec-4] t.e.s.baladna.user.security.JwtFilter    : Email extracted from token: host.transport.test.session@example.com
2026-04-14T21:34:37.672+01:00 DEBUG 10256 --- [gestionUser] [nio-8081-exec-4] org.hibernate.SQL                        : select u1_0.id,u1_0.email,u1_0.first_name,u1_0.last_login,u1_0.last_name,u1_0.password,u1_0.preferred_language,u1_0.profile_photo,u1_0.role,u1_0.status from user u1_0 where u1_0.email=?
Hibernate: select u1_0.id,u1_0.email,u1_0.first_name,u1_0.last_login,u1_0.last_name,u1_0.password,u1_0.preferred_language,u1_0.profile_photo,u1_0.role,u1_0.status from user u1_0 where u1_0.email=?
2026-04-14T21:34:37.687+01:00  INFO 10256 --- [gestionUser] [nio-8081-exec-4] t.e.s.baladna.user.security.JwtFilter    : User found: host.transport.test.session@example.com with role: HOST
2026-04-14T21:34:37.689+01:00  INFO 10256 --- [gestionUser] [nio-8081-exec-4] t.e.s.baladna.user.security.JwtFilter    : Setting authentication with role: ROLE_HOST
2026-04-14T21:34:37.696+01:00  INFO 10256 --- [gestionUser] [nio-8081-exec-4] t.e.s.baladna.user.security.JwtFilter    : Authentication set successfully
2026-04-14T21:34:37.696+01:00 DEBUG 10256 --- [gestionUser] [nio-8081-exec-4] o.s.security.web.FilterChainProxy        : Secured GET /api/trajets
2026-04-14T21:34:37.696+01:00 DEBUG 10256 --- [gestionUser] [nio-8081-exec-4] o.s.web.servlet.DispatcherServlet        : GET "/api/trajets", parameters={}
2026-04-14T21:34:37.700+01:00 DEBUG 10256 --- [gestionUser] [nio-8081-exec-4] s.w.s.m.m.a.RequestMappingHandlerMapping : Mapped to tn.esprit.spring.baladna.transport.controller.TrajetController#getAllTrajets()
2026-04-14T21:34:37.735+01:00 DEBUG 10256 --- [gestionUser] [nio-8081-exec-4] org.hibernate.SQL                        : select t1_0.id,t1_0.arrival_station_id,t1_0.departure_station_id,t1_0.distance_km,t1_0.estimated_duration_minutes,t1_0.price_per_km,t1_0.route_geo_json from trajets t1_0
Hibernate: select t1_0.id,t1_0.arrival_station_id,t1_0.departure_station_id,t1_0.distance_km,t1_0.estimated_duration_minutes,t1_0.price_per_km,t1_0.route_geo_json from trajets t1_0
2026-04-14T21:34:37.753+01:00 DEBUG 10256 --- [gestionUser] [nio-8081-exec-4] org.hibernate.SQL                        : select s1_0.id,s1_0.city,s1_0.downtown,s1_0.latitude,s1_0.longitude,s1_0.name,s1_0.surcharge from stations s1_0 where s1_0.id=?
Hibernate: select s1_0.id,s1_0.city,s1_0.downtown,s1_0.latitude,s1_0.longitude,s1_0.name,s1_0.surcharge from stations s1_0 where s1_0.id=?
2026-04-14T21:34:37.757+01:00 DEBUG 10256 --- [gestionUser] [nio-8081-exec-4] org.hibernate.SQL                        : select s1_0.id,s1_0.city,s1_0.downtown,s1_0.latitude,s1_0.longitude,s1_0.name,s1_0.surcharge from stations s1_0 where s1_0.id=?
Hibernate: select s1_0.id,s1_0.city,s1_0.downtown,s1_0.latitude,s1_0.longitude,s1_0.name,s1_0.surcharge from stations s1_0 where s1_0.id=?
2026-04-14T21:34:37.765+01:00 DEBUG 10256 --- [gestionUser] [nio-8081-exec-4] org.hibernate.SQL                        : select s1_0.id,s1_0.city,s1_0.downtown,s1_0.latitude,s1_0.longitude,s1_0.name,s1_0.surcharge from stations s1_0 where s1_0.id=?
Hibernate: select s1_0.id,s1_0.city,s1_0.downtown,s1_0.latitude,s1_0.longitude,s1_0.name,s1_0.surcharge from stations s1_0 where s1_0.id=?
2026-04-14T21:34:37.769+01:00 DEBUG 10256 --- [gestionUser] [nio-8081-exec-4] org.hibernate.SQL                        : select s1_0.id,s1_0.city,s1_0.downtown,s1_0.latitude,s1_0.longitude,s1_0.name,s1_0.surcharge from stations s1_0 where s1_0.id=?
Hibernate: select s1_0.id,s1_0.city,s1_0.downtown,s1_0.latitude,s1_0.longitude,s1_0.name,s1_0.surcharge from stations s1_0 where s1_0.id=?
2026-04-14T21:34:37.771+01:00 DEBUG 10256 --- [gestionUser] [nio-8081-exec-4] org.hibernate.SQL                        : select s1_0.id,s1_0.city,s1_0.downtown,s1_0.latitude,s1_0.longitude,s1_0.name,s1_0.surcharge from stations s1_0 where s1_0.id=?
Hibernate: select s1_0.id,s1_0.city,s1_0.downtown,s1_0.latitude,s1_0.longitude,s1_0.name,s1_0.surcharge from stations s1_0 where s1_0.id=?
2026-04-14T21:34:37.778+01:00 DEBUG 10256 --- [gestionUser] [nio-8081-exec-4] org.hibernate.SQL                        : select s1_0.id,s1_0.city,s1_0.downtown,s1_0.latitude,s1_0.longitude,s1_0.name,s1_0.surcharge from stations s1_0 where s1_0.id=?
Hibernate: select s1_0.id,s1_0.city,s1_0.downtown,s1_0.latitude,s1_0.longitude,s1_0.name,s1_0.surcharge from stations s1_0 where s1_0.id=?
2026-04-14T21:34:37.787+01:00 DEBUG 10256 --- [gestionUser] [nio-8081-exec-4] org.hibernate.SQL                        : select s1_0.id,s1_0.city,s1_0.downtown,s1_0.latitude,s1_0.longitude,s1_0.name,s1_0.surcharge from stations s1_0 where s1_0.id=?
Hibernate: select s1_0.id,s1_0.city,s1_0.downtown,s1_0.latitude,s1_0.longitude,s1_0.name,s1_0.surcharge from stations s1_0 where s1_0.id=?
2026-04-14T21:34:37.788+01:00 DEBUG 10256 --- [gestionUser] [nio-8081-exec-4] org.hibernate.SQL                        : select s1_0.id,s1_0.city,s1_0.downtown,s1_0.latitude,s1_0.longitude,s1_0.name,s1_0.surcharge from stations s1_0 where s1_0.id=?
Hibernate: select s1_0.id,s1_0.city,s1_0.downtown,s1_0.latitude,s1_0.longitude,s1_0.name,s1_0.surcharge from stations s1_0 where s1_0.id=?
2026-04-14T21:34:37.795+01:00 DEBUG 10256 --- [gestionUser] [nio-8081-exec-4] org.hibernate.SQL                        : select s1_0.id,s1_0.city,s1_0.downtown,s1_0.latitude,s1_0.longitude,s1_0.name,s1_0.surcharge from stations s1_0 where s1_0.id=?
Hibernate: select s1_0.id,s1_0.city,s1_0.downtown,s1_0.latitude,s1_0.longitude,s1_0.name,s1_0.surcharge from stations s1_0 where s1_0.id=?
2026-04-14T21:34:37.798+01:00 DEBUG 10256 --- [gestionUser] [nio-8081-exec-4] org.hibernate.SQL                        : select s1_0.id,s1_0.city,s1_0.downtown,s1_0.latitude,s1_0.longitude,s1_0.name,s1_0.surcharge from stations s1_0 where s1_0.id=?
Hibernate: select s1_0.id,s1_0.city,s1_0.downtown,s1_0.latitude,s1_0.longitude,s1_0.name,s1_0.surcharge from stations s1_0 where s1_0.id=?
2026-04-14T21:34:37.803+01:00 DEBUG 10256 --- [gestionUser] [nio-8081-exec-4] org.hibernate.SQL                        : select s1_0.id,s1_0.city,s1_0.downtown,s1_0.latitude,s1_0.longitude,s1_0.name,s1_0.surcharge from stations s1_0 where s1_0.id=?
Hibernate: select s1_0.id,s1_0.city,s1_0.downtown,s1_0.latitude,s1_0.longitude,s1_0.name,s1_0.surcharge from stations s1_0 where s1_0.id=?
2026-04-14T21:34:37.807+01:00 DEBUG 10256 --- [gestionUser] [nio-8081-exec-4] org.hibernate.SQL                        : select s1_0.id,s1_0.city,s1_0.downtown,s1_0.latitude,s1_0.longitude,s1_0.name,s1_0.surcharge from stations s1_0 where s1_0.id=?
Hibernate: select s1_0.id,s1_0.city,s1_0.downtown,s1_0.latitude,s1_0.longitude,s1_0.name,s1_0.surcharge from stations s1_0 where s1_0.id=?
2026-04-14T21:34:37.813+01:00 DEBUG 10256 --- [gestionUser] [nio-8081-exec-4] org.hibernate.SQL                        : select s1_0.id,s1_0.city,s1_0.downtown,s1_0.latitude,s1_0.longitude,s1_0.name,s1_0.surcharge from stations s1_0 where s1_0.id=?
Hibernate: select s1_0.id,s1_0.city,s1_0.downtown,s1_0.latitude,s1_0.longitude,s1_0.name,s1_0.surcharge from stations s1_0 where s1_0.id=?
2026-04-14T21:34:37.813+01:00 DEBUG 10256 --- [gestionUser] [nio-8081-exec-4] org.hibernate.SQL                        : select s1_0.id,s1_0.city,s1_0.downtown,s1_0.latitude,s1_0.longitude,s1_0.name,s1_0.surcharge from stations s1_0 where s1_0.id=?
Hibernate: select s1_0.id,s1_0.city,s1_0.downtown,s1_0.latitude,s1_0.longitude,s1_0.name,s1_0.surcharge from stations s1_0 where s1_0.id=?
2026-04-14T21:34:37.824+01:00 DEBUG 10256 --- [gestionUser] [nio-8081-exec-4] org.hibernate.SQL                        : select s1_0.id,s1_0.city,s1_0.downtown,s1_0.latitude,s1_0.longitude,s1_0.name,s1_0.surcharge from stations s1_0 where s1_0.id=?
Hibernate: select s1_0.id,s1_0.city,s1_0.downtown,s1_0.latitude,s1_0.longitude,s1_0.name,s1_0.surcharge from stations s1_0 where s1_0.id=?
2026-04-14T21:34:37.841+01:00 DEBUG 10256 --- [gestionUser] [nio-8081-exec-4] m.m.a.RequestResponseBodyMethodProcessor : Using 'application/json', given [*/*] and supported [application/json, application/*+json, application/yaml]
2026-04-14T21:34:37.846+01:00 DEBUG 10256 --- [gestionUser] [nio-8081-exec-4] m.m.a.RequestResponseBodyMethodProcessor : Writing [[TrajetDTO(id=2, departureStationId=5, departureStationName=Barcelone, arrivalStationId=6, arrivalSt (truncated)...]
2026-04-14T21:34:37.870+01:00 DEBUG 10256 --- [gestionUser] [nio-8081-exec-4] o.s.web.servlet.DispatcherServlet        : Completed 200 OK
2026-04-14T21:34:38.708+01:00 DEBUG 10256 --- [gestionUser] [nio-8081-exec-8] o.s.security.web.FilterChainProxy        : Securing GET /api/transports
2026-04-14T21:34:38.713+01:00  INFO 10256 --- [gestionUser] [nio-8081-exec-8] t.e.s.baladna.user.security.JwtFilter    : Request to: /api/transports - Auth header: present
2026-04-14T21:34:38.713+01:00  INFO 10256 --- [gestionUser] [nio-8081-exec-8] t.e.s.baladna.user.security.JwtFilter    : Token extracted (length: 195)
2026-04-14T21:34:38.721+01:00  INFO 10256 --- [gestionUser] [nio-8081-exec-8] t.e.s.baladna.user.security.JwtFilter    : Email extracted from token: host.transport.test.session@example.com
2026-04-14T21:34:38.722+01:00 DEBUG 10256 --- [gestionUser] [nio-8081-exec-8] org.hibernate.SQL                        : select u1_0.id,u1_0.email,u1_0.first_name,u1_0.last_login,u1_0.last_name,u1_0.password,u1_0.preferred_language,u1_0.profile_photo,u1_0.role,u1_0.status from user u1_0 where u1_0.email=?
Hibernate: select u1_0.id,u1_0.email,u1_0.first_name,u1_0.last_login,u1_0.last_name,u1_0.password,u1_0.preferred_language,u1_0.profile_photo,u1_0.role,u1_0.status from user u1_0 where u1_0.email=?
2026-04-14T21:34:38.727+01:00  INFO 10256 --- [gestionUser] [nio-8081-exec-8] t.e.s.baladna.user.security.JwtFilter    : User found: host.transport.test.session@example.com with role: HOST
2026-04-14T21:34:38.729+01:00  INFO 10256 --- [gestionUser] [nio-8081-exec-8] t.e.s.baladna.user.security.JwtFilter    : Setting authentication with role: ROLE_HOST
2026-04-14T21:34:38.729+01:00  INFO 10256 --- [gestionUser] [nio-8081-exec-8] t.e.s.baladna.user.security.JwtFilter    : Authentication set successfully
2026-04-14T21:34:38.731+01:00 DEBUG 10256 --- [gestionUser] [nio-8081-exec-8] o.s.security.web.FilterChainProxy        : Secured GET /api/transports
2026-04-14T21:34:38.731+01:00 DEBUG 10256 --- [gestionUser] [nio-8081-exec-8] o.s.web.servlet.DispatcherServlet        : GET "/api/transports", parameters={}
2026-04-14T21:34:38.733+01:00 DEBUG 10256 --- [gestionUser] [nio-8081-exec-8] s.w.s.m.m.a.RequestMappingHandlerMapping : Mapped to tn.esprit.spring.baladna.transport.controller.TransportController#getAllTransports()
2026-04-14T21:34:38.735+01:00 DEBUG 10256 --- [gestionUser] [nio-8081-exec-8] org.hibernate.SQL                        : select t1_0.id,t1_0.available_seats,t1_0.base_price,t1_0.departure_date,t1_0.departure_point,t1_0.status,t1_0.total_capacity,t1_0.traffic_jam,t1_0.trajet_id,t1_0.weather,t1_0.weather_source from transports t1_0
Hibernate: select t1_0.id,t1_0.available_seats,t1_0.base_price,t1_0.departure_date,t1_0.departure_point,t1_0.status,t1_0.total_capacity,t1_0.traffic_jam,t1_0.trajet_id,t1_0.weather,t1_0.weather_source from transports t1_0
2026-04-14T21:34:38.743+01:00 DEBUG 10256 --- [gestionUser] [nio-8081-exec-8] org.hibernate.SQL                        : select t1_0.id,t1_0.arrival_station_id,as1_0.id,as1_0.city,as1_0.downtown,as1_0.latitude,as1_0.longitude,as1_0.name,as1_0.surcharge,t1_0.departure_station_id,ds1_0.id,ds1_0.city,ds1_0.downtown,ds1_0.latitude,ds1_0.longitude,ds1_0.name,ds1_0.surcharge,t1_0.distance_km,t1_0.estimated_duration_minutes,t1_0.price_per_km,t1_0.route_geo_json from trajets t1_0 join stations as1_0 on as1_0.id=t1_0.arrival_station_id join stations ds1_0 on ds1_0.id=t1_0.departure_station_id where t1_0.id=?
Hibernate: select t1_0.id,t1_0.arrival_station_id,as1_0.id,as1_0.city,as1_0.downtown,as1_0.latitude,as1_0.longitude,as1_0.name,as1_0.surcharge,t1_0.departure_station_id,ds1_0.id,ds1_0.city,ds1_0.downtown,ds1_0.latitude,ds1_0.longitude,ds1_0.name,ds1_0.surcharge,t1_0.distance_km,t1_0.estimated_duration_minutes,t1_0.price_per_km,t1_0.route_geo_json from trajets t1_0 join stations as1_0 on as1_0.id=t1_0.arrival_station_id join stations ds1_0 on ds1_0.id=t1_0.departure_station_id where t1_0.id=?
2026-04-14T21:34:38.754+01:00 DEBUG 10256 --- [gestionUser] [nio-8081-exec-8] org.hibernate.SQL                        : select t1_0.id,t1_0.arrival_station_id,as1_0.id,as1_0.city,as1_0.downtown,as1_0.latitude,as1_0.longitude,as1_0.name,as1_0.surcharge,t1_0.departure_station_id,ds1_0.id,ds1_0.city,ds1_0.downtown,ds1_0.latitude,ds1_0.longitude,ds1_0.name,ds1_0.surcharge,t1_0.distance_km,t1_0.estimated_duration_minutes,t1_0.price_per_km,t1_0.route_geo_json from trajets t1_0 join stations as1_0 on as1_0.id=t1_0.arrival_station_id join stations ds1_0 on ds1_0.id=t1_0.departure_station_id where t1_0.id=?
Hibernate: select t1_0.id,t1_0.arrival_station_id,as1_0.id,as1_0.city,as1_0.downtown,as1_0.latitude,as1_0.longitude,as1_0.name,as1_0.surcharge,t1_0.departure_station_id,ds1_0.id,ds1_0.city,ds1_0.downtown,ds1_0.latitude,ds1_0.longitude,ds1_0.name,ds1_0.surcharge,t1_0.distance_km,t1_0.estimated_duration_minutes,t1_0.price_per_km,t1_0.route_geo_json from trajets t1_0 join stations as1_0 on as1_0.id=t1_0.arrival_station_id join stations ds1_0 on ds1_0.id=t1_0.departure_station_id where t1_0.id=?
2026-04-14T21:34:38.759+01:00 DEBUG 10256 --- [gestionUser] [nio-8081-exec-8] org.hibernate.SQL                        : select t1_0.id,t1_0.arrival_station_id,as1_0.id,as1_0.city,as1_0.downtown,as1_0.latitude,as1_0.longitude,as1_0.name,as1_0.surcharge,t1_0.departure_station_id,ds1_0.id,ds1_0.city,ds1_0.downtown,ds1_0.latitude,ds1_0.longitude,ds1_0.name,ds1_0.surcharge,t1_0.distance_km,t1_0.estimated_duration_minutes,t1_0.price_per_km,t1_0.route_geo_json from trajets t1_0 join stations as1_0 on as1_0.id=t1_0.arrival_station_id join stations ds1_0 on ds1_0.id=t1_0.departure_station_id where t1_0.id=?
Hibernate: select t1_0.id,t1_0.arrival_station_id,as1_0.id,as1_0.city,as1_0.downtown,as1_0.latitude,as1_0.longitude,as1_0.name,as1_0.surcharge,t1_0.departure_station_id,ds1_0.id,ds1_0.city,ds1_0.downtown,ds1_0.latitude,ds1_0.longitude,ds1_0.name,ds1_0.surcharge,t1_0.distance_km,t1_0.estimated_duration_minutes,t1_0.price_per_km,t1_0.route_geo_json from trajets t1_0 join stations as1_0 on as1_0.id=t1_0.arrival_station_id join stations ds1_0 on ds1_0.id=t1_0.departure_station_id where t1_0.id=?
2026-04-14T21:34:38.765+01:00 DEBUG 10256 --- [gestionUser] [nio-8081-exec-8] org.hibernate.SQL                        : select t1_0.id,t1_0.arrival_station_id,as1_0.id,as1_0.city,as1_0.downtown,as1_0.latitude,as1_0.longitude,as1_0.name,as1_0.surcharge,t1_0.departure_station_id,ds1_0.id,ds1_0.city,ds1_0.downtown,ds1_0.latitude,ds1_0.longitude,ds1_0.name,ds1_0.surcharge,t1_0.distance_km,t1_0.estimated_duration_minutes,t1_0.price_per_km,t1_0.route_geo_json from trajets t1_0 join stations as1_0 on as1_0.id=t1_0.arrival_station_id join stations ds1_0 on ds1_0.id=t1_0.departure_station_id where t1_0.id=?
Hibernate: select t1_0.id,t1_0.arrival_station_id,as1_0.id,as1_0.city,as1_0.downtown,as1_0.latitude,as1_0.longitude,as1_0.name,as1_0.surcharge,t1_0.departure_station_id,ds1_0.id,ds1_0.city,ds1_0.downtown,ds1_0.latitude,ds1_0.longitude,ds1_0.name,ds1_0.surcharge,t1_0.distance_km,t1_0.estimated_duration_minutes,t1_0.price_per_km,t1_0.route_geo_json from trajets t1_0 join stations as1_0 on as1_0.id=t1_0.arrival_station_id join stations ds1_0 on ds1_0.id=t1_0.departure_station_id where t1_0.id=?
2026-04-14T21:34:38.774+01:00 DEBUG 10256 --- [gestionUser] [nio-8081-exec-8] org.hibernate.SQL                        : select t1_0.id,t1_0.arrival_station_id,as1_0.id,as1_0.city,as1_0.downtown,as1_0.latitude,as1_0.longitude,as1_0.name,as1_0.surcharge,t1_0.departure_station_id,ds1_0.id,ds1_0.city,ds1_0.downtown,ds1_0.latitude,ds1_0.longitude,ds1_0.name,ds1_0.surcharge,t1_0.distance_km,t1_0.estimated_duration_minutes,t1_0.price_per_km,t1_0.route_geo_json from trajets t1_0 join stations as1_0 on as1_0.id=t1_0.arrival_station_id join stations ds1_0 on ds1_0.id=t1_0.departure_station_id where t1_0.id=?
Hibernate: select t1_0.id,t1_0.arrival_station_id,as1_0.id,as1_0.city,as1_0.downtown,as1_0.latitude,as1_0.longitude,as1_0.name,as1_0.surcharge,t1_0.departure_station_id,ds1_0.id,ds1_0.city,ds1_0.downtown,ds1_0.latitude,ds1_0.longitude,ds1_0.name,ds1_0.surcharge,t1_0.distance_km,t1_0.estimated_duration_minutes,t1_0.price_per_km,t1_0.route_geo_json from trajets t1_0 join stations as1_0 on as1_0.id=t1_0.arrival_station_id join stations ds1_0 on ds1_0.id=t1_0.departure_station_id where t1_0.id=?
2026-04-14T21:34:38.779+01:00 DEBUG 10256 --- [gestionUser] [nio-8081-exec-8] org.hibernate.SQL                        : select t1_0.id,t1_0.arrival_station_id,as1_0.id,as1_0.city,as1_0.downtown,as1_0.latitude,as1_0.longitude,as1_0.name,as1_0.surcharge,t1_0.departure_station_id,ds1_0.id,ds1_0.city,ds1_0.downtown,ds1_0.latitude,ds1_0.longitude,ds1_0.name,ds1_0.surcharge,t1_0.distance_km,t1_0.estimated_duration_minutes,t1_0.price_per_km,t1_0.route_geo_json from trajets t1_0 join stations as1_0 on as1_0.id=t1_0.arrival_station_id join stations ds1_0 on ds1_0.id=t1_0.departure_station_id where t1_0.id=?
Hibernate: select t1_0.id,t1_0.arrival_station_id,as1_0.id,as1_0.city,as1_0.downtown,as1_0.latitude,as1_0.longitude,as1_0.name,as1_0.surcharge,t1_0.departure_station_id,ds1_0.id,ds1_0.city,ds1_0.downtown,ds1_0.latitude,ds1_0.longitude,ds1_0.name,ds1_0.surcharge,t1_0.distance_km,t1_0.estimated_duration_minutes,t1_0.price_per_km,t1_0.route_geo_json from trajets t1_0 join stations as1_0 on as1_0.id=t1_0.arrival_station_id join stations ds1_0 on ds1_0.id=t1_0.departure_station_id where t1_0.id=?
2026-04-14T21:34:38.785+01:00 DEBUG 10256 --- [gestionUser] [nio-8081-exec-8] org.hibernate.SQL                        : select t1_0.id,t1_0.arrival_station_id,as1_0.id,as1_0.city,as1_0.downtown,as1_0.latitude,as1_0.longitude,as1_0.name,as1_0.surcharge,t1_0.departure_station_id,ds1_0.id,ds1_0.city,ds1_0.downtown,ds1_0.latitude,ds1_0.longitude,ds1_0.name,ds1_0.surcharge,t1_0.distance_km,t1_0.estimated_duration_minutes,t1_0.price_per_km,t1_0.route_geo_json from trajets t1_0 join stations as1_0 on as1_0.id=t1_0.arrival_station_id join stations ds1_0 on ds1_0.id=t1_0.departure_station_id where t1_0.id=?
Hibernate: select t1_0.id,t1_0.arrival_station_id,as1_0.id,as1_0.city,as1_0.downtown,as1_0.latitude,as1_0.longitude,as1_0.name,as1_0.surcharge,t1_0.departure_station_id,ds1_0.id,ds1_0.city,ds1_0.downtown,ds1_0.latitude,ds1_0.longitude,ds1_0.name,ds1_0.surcharge,t1_0.distance_km,t1_0.estimated_duration_minutes,t1_0.price_per_km,t1_0.route_geo_json from trajets t1_0 join stations as1_0 on as1_0.id=t1_0.arrival_station_id join stations ds1_0 on ds1_0.id=t1_0.departure_station_id where t1_0.id=?
2026-04-14T21:34:38.798+01:00 DEBUG 10256 --- [gestionUser] [nio-8081-exec-8] org.hibernate.SQL                        : select t1_0.id,t1_0.arrival_station_id,as1_0.id,as1_0.city,as1_0.downtown,as1_0.latitude,as1_0.longitude,as1_0.name,as1_0.surcharge,t1_0.departure_station_id,ds1_0.id,ds1_0.city,ds1_0.downtown,ds1_0.latitude,ds1_0.longitude,ds1_0.name,ds1_0.surcharge,t1_0.distance_km,t1_0.estimated_duration_minutes,t1_0.price_per_km,t1_0.route_geo_json from trajets t1_0 join stations as1_0 on as1_0.id=t1_0.arrival_station_id join stations ds1_0 on ds1_0.id=t1_0.departure_station_id where t1_0.id=?
Hibernate: select t1_0.id,t1_0.arrival_station_id,as1_0.id,as1_0.city,as1_0.downtown,as1_0.latitude,as1_0.longitude,as1_0.name,as1_0.surcharge,t1_0.departure_station_id,ds1_0.id,ds1_0.city,ds1_0.downtown,ds1_0.latitude,ds1_0.longitude,ds1_0.name,ds1_0.surcharge,t1_0.distance_km,t1_0.estimated_duration_minutes,t1_0.price_per_km,t1_0.route_geo_json from trajets t1_0 join stations as1_0 on as1_0.id=t1_0.arrival_station_id join stations ds1_0 on ds1_0.id=t1_0.departure_station_id where t1_0.id=?
2026-04-14T21:34:38.816+01:00 DEBUG 10256 --- [gestionUser] [nio-8081-exec-8] org.hibernate.SQL                        : select t1_0.id,t1_0.arrival_station_id,as1_0.id,as1_0.city,as1_0.downtown,as1_0.latitude,as1_0.longitude,as1_0.name,as1_0.surcharge,t1_0.departure_station_id,ds1_0.id,ds1_0.city,ds1_0.downtown,ds1_0.latitude,ds1_0.longitude,ds1_0.name,ds1_0.surcharge,t1_0.distance_km,t1_0.estimated_duration_minutes,t1_0.price_per_km,t1_0.route_geo_json from trajets t1_0 join stations as1_0 on as1_0.id=t1_0.arrival_station_id join stations ds1_0 on ds1_0.id=t1_0.departure_station_id where t1_0.id=?
Hibernate: select t1_0.id,t1_0.arrival_station_id,as1_0.id,as1_0.city,as1_0.downtown,as1_0.latitude,as1_0.longitude,as1_0.name,as1_0.surcharge,t1_0.departure_station_id,ds1_0.id,ds1_0.city,ds1_0.downtown,ds1_0.latitude,ds1_0.longitude,ds1_0.name,ds1_0.surcharge,t1_0.distance_km,t1_0.estimated_duration_minutes,t1_0.price_per_km,t1_0.route_geo_json from trajets t1_0 join stations as1_0 on as1_0.id=t1_0.arrival_station_id join stations ds1_0 on ds1_0.id=t1_0.departure_station_id where t1_0.id=?
2026-04-14T21:34:38.833+01:00 DEBUG 10256 --- [gestionUser] [nio-8081-exec-8] m.m.a.RequestResponseBodyMethodProcessor : Using 'application/json', given [*/*] and supported [application/json, application/*+json, application/yaml]
2026-04-14T21:34:38.841+01:00 DEBUG 10256 --- [gestionUser] [nio-8081-exec-8] m.m.a.RequestResponseBodyMethodProcessor : Writing [[TransportDTO(id=3, departurePoint=Zied, departureDate=2026-04-22T21:53, realDepartureDate=2026-04-2 (truncated)...]
2026-04-14T21:34:38.854+01:00 DEBUG 10256 --- [gestionUser] [nio-8081-exec-8] o.s.web.servlet.DispatcherServlet        : Completed 200 OK
2026-04-14T21:34:39.686+01:00 DEBUG 10256 --- [gestionUser] [nio-8081-exec-5] o.s.security.web.FilterChainProxy        : Securing GET /api/stations
2026-04-14T21:34:39.698+01:00  INFO 10256 --- [gestionUser] [nio-8081-exec-5] t.e.s.baladna.user.security.JwtFilter    : Request to: /api/stations - Auth header: present
2026-04-14T21:34:39.698+01:00  INFO 10256 --- [gestionUser] [nio-8081-exec-5] t.e.s.baladna.user.security.JwtFilter    : Token extracted (length: 195)
2026-04-14T21:34:39.698+01:00  INFO 10256 --- [gestionUser] [nio-8081-exec-5] t.e.s.baladna.user.security.JwtFilter    : Email extracted from token: host.transport.test.session@example.com
2026-04-14T21:34:39.705+01:00 DEBUG 10256 --- [gestionUser] [nio-8081-exec-5] org.hibernate.SQL                        : select u1_0.id,u1_0.email,u1_0.first_name,u1_0.last_login,u1_0.last_name,u1_0.password,u1_0.preferred_language,u1_0.profile_photo,u1_0.role,u1_0.status from user u1_0 where u1_0.email=?
Hibernate: select u1_0.id,u1_0.email,u1_0.first_name,u1_0.last_login,u1_0.last_name,u1_0.password,u1_0.preferred_language,u1_0.profile_photo,u1_0.role,u1_0.status from user u1_0 where u1_0.email=?
2026-04-14T21:34:39.710+01:00  INFO 10256 --- [gestionUser] [nio-8081-exec-5] t.e.s.baladna.user.security.JwtFilter    : User found: host.transport.test.session@example.com with role: HOST
2026-04-14T21:34:39.711+01:00  INFO 10256 --- [gestionUser] [nio-8081-exec-5] t.e.s.baladna.user.security.JwtFilter    : Setting authentication with role: ROLE_HOST
2026-04-14T21:34:39.717+01:00  INFO 10256 --- [gestionUser] [nio-8081-exec-5] t.e.s.baladna.user.security.JwtFilter    : Authentication set successfully
2026-04-14T21:34:39.718+01:00 DEBUG 10256 --- [gestionUser] [nio-8081-exec-5] o.s.security.web.FilterChainProxy        : Secured GET /api/stations
2026-04-14T21:34:39.719+01:00 DEBUG 10256 --- [gestionUser] [nio-8081-exec-5] o.s.web.servlet.DispatcherServlet        : GET "/api/stations", parameters={}
2026-04-14T21:34:39.721+01:00 DEBUG 10256 --- [gestionUser] [nio-8081-exec-5] s.w.s.m.m.a.RequestMappingHandlerMapping : Mapped to tn.esprit.spring.baladna.transport.controller.StationController#getAllStations()
2026-04-14T21:34:39.736+01:00 DEBUG 10256 --- [gestionUser] [nio-8081-exec-5] org.hibernate.SQL                        : select s1_0.id,s1_0.city,s1_0.downtown,s1_0.latitude,s1_0.longitude,s1_0.name,s1_0.surcharge from stations s1_0
Hibernate: select s1_0.id,s1_0.city,s1_0.downtown,s1_0.latitude,s1_0.longitude,s1_0.name,s1_0.surcharge from stations s1_0
2026-04-14T21:34:39.760+01:00 DEBUG 10256 --- [gestionUser] [nio-8081-exec-5] m.m.a.RequestResponseBodyMethodProcessor : Using 'application/json', given [*/*] and supported [application/json, application/*+json, application/yaml]
2026-04-14T21:34:39.764+01:00 DEBUG 10256 --- [gestionUser] [nio-8081-exec-5] m.m.a.RequestResponseBodyMethodProcessor : Writing [[StationDTO(id=5, name=Barcelone, city=kbeli, surcharge=3.0, downtown=true, latitude=0.0, longitude= (truncated)...]
2026-04-14T21:34:39.774+01:00 DEBUG 10256 --- [gestionUser] [nio-8081-exec-5] o.s.web.servlet.DispatcherServlet        : Completed 200 OK
2026-04-14T21:35:58.756+01:00 DEBUG 10256 --- [gestionUser] [nio-8081-exec-7] o.s.security.web.FilterChainProxy        : Securing GET /api/trajets
2026-04-14T21:35:58.762+01:00  INFO 10256 --- [gestionUser] [nio-8081-exec-7] t.e.s.baladna.user.security.JwtFilter    : Request to: /api/trajets - Auth header: present
2026-04-14T21:35:58.762+01:00  INFO 10256 --- [gestionUser] [nio-8081-exec-7] t.e.s.baladna.user.security.JwtFilter    : Token extracted (length: 195)
2026-04-14T21:35:58.765+01:00 DEBUG 10256 --- [gestionUser] [nio-8081-exec-9] o.s.security.web.FilterChainProxy        : Securing GET /api/stations
2026-04-14T21:35:58.765+01:00  INFO 10256 --- [gestionUser] [nio-8081-exec-7] t.e.s.baladna.user.security.JwtFilter    : Email extracted from token: host.transport.test.session@example.com
2026-04-14T21:35:58.765+01:00  INFO 10256 --- [gestionUser] [nio-8081-exec-9] t.e.s.baladna.user.security.JwtFilter    : Request to: /api/stations - Auth header: present
2026-04-14T21:35:58.769+01:00  INFO 10256 --- [gestionUser] [nio-8081-exec-9] t.e.s.baladna.user.security.JwtFilter    : Token extracted (length: 195)
2026-04-14T21:35:58.769+01:00 DEBUG 10256 --- [gestionUser] [nio-8081-exec-7] org.hibernate.SQL                        : select u1_0.id,u1_0.email,u1_0.first_name,u1_0.last_login,u1_0.last_name,u1_0.password,u1_0.preferred_language,u1_0.profile_photo,u1_0.role,u1_0.status from user u1_0 where u1_0.email=?
Hibernate: select u1_0.id,u1_0.email,u1_0.first_name,u1_0.last_login,u1_0.last_name,u1_0.password,u1_0.preferred_language,u1_0.profile_photo,u1_0.role,u1_0.status from user u1_0 where u1_0.email=?
2026-04-14T21:35:58.771+01:00  INFO 10256 --- [gestionUser] [nio-8081-exec-9] t.e.s.baladna.user.security.JwtFilter    : Email extracted from token: host.transport.test.session@example.com
2026-04-14T21:35:58.771+01:00 DEBUG 10256 --- [gestionUser] [nio-8081-exec-1] o.s.security.web.FilterChainProxy        : Securing GET /api/transports
2026-04-14T21:35:58.774+01:00  INFO 10256 --- [gestionUser] [nio-8081-exec-1] t.e.s.baladna.user.security.JwtFilter    : Request to: /api/transports - Auth header: present
2026-04-14T21:35:58.774+01:00 DEBUG 10256 --- [gestionUser] [nio-8081-exec-9] org.hibernate.SQL                        : select u1_0.id,u1_0.email,u1_0.first_name,u1_0.last_login,u1_0.last_name,u1_0.password,u1_0.preferred_language,u1_0.profile_photo,u1_0.role,u1_0.status from user u1_0 where u1_0.email=?
Hibernate: select u1_0.id,u1_0.email,u1_0.first_name,u1_0.last_login,u1_0.last_name,u1_0.password,u1_0.preferred_language,u1_0.profile_photo,u1_0.role,u1_0.status from user u1_0 where u1_0.email=?
2026-04-14T21:35:58.774+01:00  INFO 10256 --- [gestionUser] [nio-8081-exec-1] t.e.s.baladna.user.security.JwtFilter    : Token extracted (length: 195)
2026-04-14T21:35:58.774+01:00  INFO 10256 --- [gestionUser] [nio-8081-exec-7] t.e.s.baladna.user.security.JwtFilter    : User found: host.transport.test.session@example.com with role: HOST
2026-04-14T21:35:58.778+01:00  INFO 10256 --- [gestionUser] [nio-8081-exec-7] t.e.s.baladna.user.security.JwtFilter    : Setting authentication with role: ROLE_HOST
2026-04-14T21:35:58.778+01:00  INFO 10256 --- [gestionUser] [nio-8081-exec-1] t.e.s.baladna.user.security.JwtFilter    : Email extracted from token: host.transport.test.session@example.com
2026-04-14T21:35:58.778+01:00  INFO 10256 --- [gestionUser] [nio-8081-exec-9] t.e.s.baladna.user.security.JwtFilter    : User found: host.transport.test.session@example.com with role: HOST
2026-04-14T21:35:58.780+01:00  INFO 10256 --- [gestionUser] [nio-8081-exec-7] t.e.s.baladna.user.security.JwtFilter    : Authentication set successfully
2026-04-14T21:35:58.782+01:00  INFO 10256 --- [gestionUser] [nio-8081-exec-9] t.e.s.baladna.user.security.JwtFilter    : Setting authentication with role: ROLE_HOST
2026-04-14T21:35:58.782+01:00 DEBUG 10256 --- [gestionUser] [nio-8081-exec-1] org.hibernate.SQL                        : select u1_0.id,u1_0.email,u1_0.first_name,u1_0.last_login,u1_0.last_name,u1_0.password,u1_0.preferred_language,u1_0.profile_photo,u1_0.role,u1_0.status from user u1_0 where u1_0.email=?
Hibernate: select u1_0.id,u1_0.email,u1_0.first_name,u1_0.last_login,u1_0.last_name,u1_0.password,u1_0.preferred_language,u1_0.profile_photo,u1_0.role,u1_0.status from user u1_0 where u1_0.email=?
2026-04-14T21:35:58.782+01:00 DEBUG 10256 --- [gestionUser] [nio-8081-exec-7] o.s.security.web.FilterChainProxy        : Secured GET /api/trajets
2026-04-14T21:35:58.782+01:00  INFO 10256 --- [gestionUser] [nio-8081-exec-9] t.e.s.baladna.user.security.JwtFilter    : Authentication set successfully
2026-04-14T21:35:58.784+01:00 DEBUG 10256 --- [gestionUser] [nio-8081-exec-7] o.s.web.servlet.DispatcherServlet        : GET "/api/trajets", parameters={}
2026-04-14T21:35:58.785+01:00 DEBUG 10256 --- [gestionUser] [nio-8081-exec-9] o.s.security.web.FilterChainProxy        : Secured GET /api/stations
2026-04-14T21:35:58.786+01:00 DEBUG 10256 --- [gestionUser] [nio-8081-exec-7] s.w.s.m.m.a.RequestMappingHandlerMapping : Mapped to tn.esprit.spring.baladna.transport.controller.TrajetController#getAllTrajets()
2026-04-14T21:35:58.786+01:00 DEBUG 10256 --- [gestionUser] [nio-8081-exec-9] o.s.web.servlet.DispatcherServlet        : GET "/api/stations", parameters={}
2026-04-14T21:35:58.786+01:00  INFO 10256 --- [gestionUser] [nio-8081-exec-1] t.e.s.baladna.user.security.JwtFilter    : User found: host.transport.test.session@example.com with role: HOST
2026-04-14T21:35:58.786+01:00 DEBUG 10256 --- [gestionUser] [nio-8081-exec-9] s.w.s.m.m.a.RequestMappingHandlerMapping : Mapped to tn.esprit.spring.baladna.transport.controller.StationController#getAllStations()
2026-04-14T21:35:58.786+01:00  INFO 10256 --- [gestionUser] [nio-8081-exec-1] t.e.s.baladna.user.security.JwtFilter    : Setting authentication with role: ROLE_HOST
2026-04-14T21:35:58.786+01:00  INFO 10256 --- [gestionUser] [nio-8081-exec-1] t.e.s.baladna.user.security.JwtFilter    : Authentication set successfully
2026-04-14T21:35:58.786+01:00 DEBUG 10256 --- [gestionUser] [nio-8081-exec-1] o.s.security.web.FilterChainProxy        : Secured GET /api/transports
2026-04-14T21:35:58.786+01:00 DEBUG 10256 --- [gestionUser] [nio-8081-exec-1] o.s.web.servlet.DispatcherServlet        : GET "/api/transports", parameters={}
2026-04-14T21:35:58.790+01:00 DEBUG 10256 --- [gestionUser] [nio-8081-exec-7] org.hibernate.SQL                        : select t1_0.id,t1_0.arrival_station_id,t1_0.departure_station_id,t1_0.distance_km,t1_0.estimated_duration_minutes,t1_0.price_per_km,t1_0.route_geo_json from trajets t1_0
Hibernate: select t1_0.id,t1_0.arrival_station_id,t1_0.departure_station_id,t1_0.distance_km,t1_0.estimated_duration_minutes,t1_0.price_per_km,t1_0.route_geo_json from trajets t1_0
2026-04-14T21:35:58.790+01:00 DEBUG 10256 --- [gestionUser] [nio-8081-exec-1] s.w.s.m.m.a.RequestMappingHandlerMapping : Mapped to tn.esprit.spring.baladna.transport.controller.TransportController#getAllTransports()
2026-04-14T21:35:58.790+01:00 DEBUG 10256 --- [gestionUser] [nio-8081-exec-9] org.hibernate.SQL                        : select s1_0.id,s1_0.city,s1_0.downtown,s1_0.latitude,s1_0.longitude,s1_0.name,s1_0.surcharge from stations s1_0
Hibernate: select s1_0.id,s1_0.city,s1_0.downtown,s1_0.latitude,s1_0.longitude,s1_0.name,s1_0.surcharge from stations s1_0
2026-04-14T21:35:58.793+01:00 DEBUG 10256 --- [gestionUser] [nio-8081-exec-7] org.hibernate.SQL                        : select s1_0.id,s1_0.city,s1_0.downtown,s1_0.latitude,s1_0.longitude,s1_0.name,s1_0.surcharge from stations s1_0 where s1_0.id=?
Hibernate: select s1_0.id,s1_0.city,s1_0.downtown,s1_0.latitude,s1_0.longitude,s1_0.name,s1_0.surcharge from stations s1_0 where s1_0.id=?
2026-04-14T21:35:58.796+01:00 DEBUG 10256 --- [gestionUser] [nio-8081-exec-1] org.hibernate.SQL                        : select t1_0.id,t1_0.available_seats,t1_0.base_price,t1_0.departure_date,t1_0.departure_point,t1_0.status,t1_0.total_capacity,t1_0.traffic_jam,t1_0.trajet_id,t1_0.weather,t1_0.weather_source from transports t1_0
Hibernate: select t1_0.id,t1_0.available_seats,t1_0.base_price,t1_0.departure_date,t1_0.departure_point,t1_0.status,t1_0.total_capacity,t1_0.traffic_jam,t1_0.trajet_id,t1_0.weather,t1_0.weather_source from transports t1_0
2026-04-14T21:35:58.800+01:00 DEBUG 10256 --- [gestionUser] [nio-8081-exec-7] org.hibernate.SQL                        : select s1_0.id,s1_0.city,s1_0.downtown,s1_0.latitude,s1_0.longitude,s1_0.name,s1_0.surcharge from stations s1_0 where s1_0.id=?
Hibernate: select s1_0.id,s1_0.city,s1_0.downtown,s1_0.latitude,s1_0.longitude,s1_0.name,s1_0.surcharge from stations s1_0 where s1_0.id=?
2026-04-14T21:35:58.801+01:00 DEBUG 10256 --- [gestionUser] [nio-8081-exec-1] org.hibernate.SQL                        : select t1_0.id,t1_0.arrival_station_id,as1_0.id,as1_0.city,as1_0.downtown,as1_0.latitude,as1_0.longitude,as1_0.name,as1_0.surcharge,t1_0.departure_station_id,ds1_0.id,ds1_0.city,ds1_0.downtown,ds1_0.latitude,ds1_0.longitude,ds1_0.name,ds1_0.surcharge,t1_0.distance_km,t1_0.estimated_duration_minutes,t1_0.price_per_km,t1_0.route_geo_json from trajets t1_0 join stations as1_0 on as1_0.id=t1_0.arrival_station_id join stations ds1_0 on ds1_0.id=t1_0.departure_station_id where t1_0.id=?
Hibernate: select t1_0.id,t1_0.arrival_station_id,as1_0.id,as1_0.city,as1_0.downtown,as1_0.latitude,as1_0.longitude,as1_0.name,as1_0.surcharge,t1_0.departure_station_id,ds1_0.id,ds1_0.city,ds1_0.downtown,ds1_0.latitude,ds1_0.longitude,ds1_0.name,ds1_0.surcharge,t1_0.distance_km,t1_0.estimated_duration_minutes,t1_0.price_per_km,t1_0.route_geo_json from trajets t1_0 join stations as1_0 on as1_0.id=t1_0.arrival_station_id join stations ds1_0 on ds1_0.id=t1_0.departure_station_id where t1_0.id=?
2026-04-14T21:35:58.805+01:00 DEBUG 10256 --- [gestionUser] [nio-8081-exec-7] org.hibernate.SQL                        : select s1_0.id,s1_0.city,s1_0.downtown,s1_0.latitude,s1_0.longitude,s1_0.name,s1_0.surcharge from stations s1_0 where s1_0.id=?
Hibernate: select s1_0.id,s1_0.city,s1_0.downtown,s1_0.latitude,s1_0.longitude,s1_0.name,s1_0.surcharge from stations s1_0 where s1_0.id=?
2026-04-14T21:35:58.807+01:00 DEBUG 10256 --- [gestionUser] [nio-8081-exec-1] org.hibernate.SQL                        : select t1_0.id,t1_0.arrival_station_id,as1_0.id,as1_0.city,as1_0.downtown,as1_0.latitude,as1_0.longitude,as1_0.name,as1_0.surcharge,t1_0.departure_station_id,ds1_0.id,ds1_0.city,ds1_0.downtown,ds1_0.latitude,ds1_0.longitude,ds1_0.name,ds1_0.surcharge,t1_0.distance_km,t1_0.estimated_duration_minutes,t1_0.price_per_km,t1_0.route_geo_json from trajets t1_0 join stations as1_0 on as1_0.id=t1_0.arrival_station_id join stations ds1_0 on ds1_0.id=t1_0.departure_station_id where t1_0.id=?
Hibernate: select t1_0.id,t1_0.arrival_station_id,as1_0.id,as1_0.city,as1_0.downtown,as1_0.latitude,as1_0.longitude,as1_0.name,as1_0.surcharge,t1_0.departure_station_id,ds1_0.id,ds1_0.city,ds1_0.downtown,ds1_0.latitude,ds1_0.longitude,ds1_0.name,ds1_0.surcharge,t1_0.distance_km,t1_0.estimated_duration_minutes,t1_0.price_per_km,t1_0.route_geo_json from trajets t1_0 join stations as1_0 on as1_0.id=t1_0.arrival_station_id join stations ds1_0 on ds1_0.id=t1_0.departure_station_id where t1_0.id=?
2026-04-14T21:35:58.807+01:00 DEBUG 10256 --- [gestionUser] [nio-8081-exec-7] org.hibernate.SQL                        : select s1_0.id,s1_0.city,s1_0.downtown,s1_0.latitude,s1_0.longitude,s1_0.name,s1_0.surcharge from stations s1_0 where s1_0.id=?
Hibernate: select s1_0.id,s1_0.city,s1_0.downtown,s1_0.latitude,s1_0.longitude,s1_0.name,s1_0.surcharge from stations s1_0 where s1_0.id=?
2026-04-14T21:35:58.807+01:00 DEBUG 10256 --- [gestionUser] [nio-8081-exec-9] m.m.a.RequestResponseBodyMethodProcessor : Using 'application/json', given [*/*] and supported [application/json, application/*+json, application/yaml]
2026-04-14T21:35:58.812+01:00 DEBUG 10256 --- [gestionUser] [nio-8081-exec-9] m.m.a.RequestResponseBodyMethodProcessor : Writing [[StationDTO(id=5, name=Barcelone, city=kbeli, surcharge=3.0, downtown=true, latitude=0.0, longitude= (truncated)...]
2026-04-14T21:35:58.815+01:00 DEBUG 10256 --- [gestionUser] [nio-8081-exec-1] org.hibernate.SQL                        : select t1_0.id,t1_0.arrival_station_id,as1_0.id,as1_0.city,as1_0.downtown,as1_0.latitude,as1_0.longitude,as1_0.name,as1_0.surcharge,t1_0.departure_station_id,ds1_0.id,ds1_0.city,ds1_0.downtown,ds1_0.latitude,ds1_0.longitude,ds1_0.name,ds1_0.surcharge,t1_0.distance_km,t1_0.estimated_duration_minutes,t1_0.price_per_km,t1_0.route_geo_json from trajets t1_0 join stations as1_0 on as1_0.id=t1_0.arrival_station_id join stations ds1_0 on ds1_0.id=t1_0.departure_station_id where t1_0.id=?
Hibernate: select t1_0.id,t1_0.arrival_station_id,as1_0.id,as1_0.city,as1_0.downtown,as1_0.latitude,as1_0.longitude,as1_0.name,as1_0.surcharge,t1_0.departure_station_id,ds1_0.id,ds1_0.city,ds1_0.downtown,ds1_0.latitude,ds1_0.longitude,ds1_0.name,ds1_0.surcharge,t1_0.distance_km,t1_0.estimated_duration_minutes,t1_0.price_per_km,t1_0.route_geo_json from trajets t1_0 join stations as1_0 on as1_0.id=t1_0.arrival_station_id join stations ds1_0 on ds1_0.id=t1_0.departure_station_id where t1_0.id=?
2026-04-14T21:35:58.816+01:00 DEBUG 10256 --- [gestionUser] [nio-8081-exec-7] org.hibernate.SQL                        : select s1_0.id,s1_0.city,s1_0.downtown,s1_0.latitude,s1_0.longitude,s1_0.name,s1_0.surcharge from stations s1_0 where s1_0.id=?
Hibernate: select s1_0.id,s1_0.city,s1_0.downtown,s1_0.latitude,s1_0.longitude,s1_0.name,s1_0.surcharge from stations s1_0 where s1_0.id=?
2026-04-14T21:35:58.818+01:00 DEBUG 10256 --- [gestionUser] [nio-8081-exec-9] o.s.web.servlet.DispatcherServlet        : Completed 200 OK
2026-04-14T21:35:58.821+01:00 DEBUG 10256 --- [gestionUser] [nio-8081-exec-1] org.hibernate.SQL                        : select t1_0.id,t1_0.arrival_station_id,as1_0.id,as1_0.city,as1_0.downtown,as1_0.latitude,as1_0.longitude,as1_0.name,as1_0.surcharge,t1_0.departure_station_id,ds1_0.id,ds1_0.city,ds1_0.downtown,ds1_0.latitude,ds1_0.longitude,ds1_0.name,ds1_0.surcharge,t1_0.distance_km,t1_0.estimated_duration_minutes,t1_0.price_per_km,t1_0.route_geo_json from trajets t1_0 join stations as1_0 on as1_0.id=t1_0.arrival_station_id join stations ds1_0 on ds1_0.id=t1_0.departure_station_id where t1_0.id=?
Hibernate: select t1_0.id,t1_0.arrival_station_id,as1_0.id,as1_0.city,as1_0.downtown,as1_0.latitude,as1_0.longitude,as1_0.name,as1_0.surcharge,t1_0.departure_station_id,ds1_0.id,ds1_0.city,ds1_0.downtown,ds1_0.latitude,ds1_0.longitude,ds1_0.name,ds1_0.surcharge,t1_0.distance_km,t1_0.estimated_duration_minutes,t1_0.price_per_km,t1_0.route_geo_json from trajets t1_0 join stations as1_0 on as1_0.id=t1_0.arrival_station_id join stations ds1_0 on ds1_0.id=t1_0.departure_station_id where t1_0.id=?
2026-04-14T21:35:58.821+01:00 DEBUG 10256 --- [gestionUser] [nio-8081-exec-7] org.hibernate.SQL                        : select s1_0.id,s1_0.city,s1_0.downtown,s1_0.latitude,s1_0.longitude,s1_0.name,s1_0.surcharge from stations s1_0 where s1_0.id=?
Hibernate: select s1_0.id,s1_0.city,s1_0.downtown,s1_0.latitude,s1_0.longitude,s1_0.name,s1_0.surcharge from stations s1_0 where s1_0.id=?
2026-04-14T21:35:58.824+01:00 DEBUG 10256 --- [gestionUser] [nio-8081-exec-1] org.hibernate.SQL                        : select t1_0.id,t1_0.arrival_station_id,as1_0.id,as1_0.city,as1_0.downtown,as1_0.latitude,as1_0.longitude,as1_0.name,as1_0.surcharge,t1_0.departure_station_id,ds1_0.id,ds1_0.city,ds1_0.downtown,ds1_0.latitude,ds1_0.longitude,ds1_0.name,ds1_0.surcharge,t1_0.distance_km,t1_0.estimated_duration_minutes,t1_0.price_per_km,t1_0.route_geo_json from trajets t1_0 join stations as1_0 on as1_0.id=t1_0.arrival_station_id join stations ds1_0 on ds1_0.id=t1_0.departure_station_id where t1_0.id=?
Hibernate: select t1_0.id,t1_0.arrival_station_id,as1_0.id,as1_0.city,as1_0.downtown,as1_0.latitude,as1_0.longitude,as1_0.name,as1_0.surcharge,t1_0.departure_station_id,ds1_0.id,ds1_0.city,ds1_0.downtown,ds1_0.latitude,ds1_0.longitude,ds1_0.name,ds1_0.surcharge,t1_0.distance_km,t1_0.estimated_duration_minutes,t1_0.price_per_km,t1_0.route_geo_json from trajets t1_0 join stations as1_0 on as1_0.id=t1_0.arrival_station_id join stations ds1_0 on ds1_0.id=t1_0.departure_station_id where t1_0.id=?
2026-04-14T21:35:58.827+01:00 DEBUG 10256 --- [gestionUser] [nio-8081-exec-7] org.hibernate.SQL                        : select s1_0.id,s1_0.city,s1_0.downtown,s1_0.latitude,s1_0.longitude,s1_0.name,s1_0.surcharge from stations s1_0 where s1_0.id=?
Hibernate: select s1_0.id,s1_0.city,s1_0.downtown,s1_0.latitude,s1_0.longitude,s1_0.name,s1_0.surcharge from stations s1_0 where s1_0.id=?
2026-04-14T21:35:58.831+01:00 DEBUG 10256 --- [gestionUser] [nio-8081-exec-1] org.hibernate.SQL                        : select t1_0.id,t1_0.arrival_station_id,as1_0.id,as1_0.city,as1_0.downtown,as1_0.latitude,as1_0.longitude,as1_0.name,as1_0.surcharge,t1_0.departure_station_id,ds1_0.id,ds1_0.city,ds1_0.downtown,ds1_0.latitude,ds1_0.longitude,ds1_0.name,ds1_0.surcharge,t1_0.distance_km,t1_0.estimated_duration_minutes,t1_0.price_per_km,t1_0.route_geo_json from trajets t1_0 join stations as1_0 on as1_0.id=t1_0.arrival_station_id join stations ds1_0 on ds1_0.id=t1_0.departure_station_id where t1_0.id=?
Hibernate: select t1_0.id,t1_0.arrival_station_id,as1_0.id,as1_0.city,as1_0.downtown,as1_0.latitude,as1_0.longitude,as1_0.name,as1_0.surcharge,t1_0.departure_station_id,ds1_0.id,ds1_0.city,ds1_0.downtown,ds1_0.latitude,ds1_0.longitude,ds1_0.name,ds1_0.surcharge,t1_0.distance_km,t1_0.estimated_duration_minutes,t1_0.price_per_km,t1_0.route_geo_json from trajets t1_0 join stations as1_0 on as1_0.id=t1_0.arrival_station_id join stations ds1_0 on ds1_0.id=t1_0.departure_station_id where t1_0.id=?
2026-04-14T21:35:58.833+01:00 DEBUG 10256 --- [gestionUser] [nio-8081-exec-7] org.hibernate.SQL                        : select s1_0.id,s1_0.city,s1_0.downtown,s1_0.latitude,s1_0.longitude,s1_0.name,s1_0.surcharge from stations s1_0 where s1_0.id=?
Hibernate: select s1_0.id,s1_0.city,s1_0.downtown,s1_0.latitude,s1_0.longitude,s1_0.name,s1_0.surcharge from stations s1_0 where s1_0.id=?
2026-04-14T21:35:58.836+01:00 DEBUG 10256 --- [gestionUser] [nio-8081-exec-7] org.hibernate.SQL                        : select s1_0.id,s1_0.city,s1_0.downtown,s1_0.latitude,s1_0.longitude,s1_0.name,s1_0.surcharge from stations s1_0 where s1_0.id=?
Hibernate: select s1_0.id,s1_0.city,s1_0.downtown,s1_0.latitude,s1_0.longitude,s1_0.name,s1_0.surcharge from stations s1_0 where s1_0.id=?
2026-04-14T21:35:58.838+01:00 DEBUG 10256 --- [gestionUser] [nio-8081-exec-1] org.hibernate.SQL                        : select t1_0.id,t1_0.arrival_station_id,as1_0.id,as1_0.city,as1_0.downtown,as1_0.latitude,as1_0.longitude,as1_0.name,as1_0.surcharge,t1_0.departure_station_id,ds1_0.id,ds1_0.city,ds1_0.downtown,ds1_0.latitude,ds1_0.longitude,ds1_0.name,ds1_0.surcharge,t1_0.distance_km,t1_0.estimated_duration_minutes,t1_0.price_per_km,t1_0.route_geo_json from trajets t1_0 join stations as1_0 on as1_0.id=t1_0.arrival_station_id join stations ds1_0 on ds1_0.id=t1_0.departure_station_id where t1_0.id=?
Hibernate: select t1_0.id,t1_0.arrival_station_id,as1_0.id,as1_0.city,as1_0.downtown,as1_0.latitude,as1_0.longitude,as1_0.name,as1_0.surcharge,t1_0.departure_station_id,ds1_0.id,ds1_0.city,ds1_0.downtown,ds1_0.latitude,ds1_0.longitude,ds1_0.name,ds1_0.surcharge,t1_0.distance_km,t1_0.estimated_duration_minutes,t1_0.price_per_km,t1_0.route_geo_json from trajets t1_0 join stations as1_0 on as1_0.id=t1_0.arrival_station_id join stations ds1_0 on ds1_0.id=t1_0.departure_station_id where t1_0.id=?
2026-04-14T21:35:58.840+01:00 DEBUG 10256 --- [gestionUser] [nio-8081-exec-7] org.hibernate.SQL                        : select s1_0.id,s1_0.city,s1_0.downtown,s1_0.latitude,s1_0.longitude,s1_0.name,s1_0.surcharge from stations s1_0 where s1_0.id=?
Hibernate: select s1_0.id,s1_0.city,s1_0.downtown,s1_0.latitude,s1_0.longitude,s1_0.name,s1_0.surcharge from stations s1_0 where s1_0.id=?
2026-04-14T21:35:58.845+01:00 DEBUG 10256 --- [gestionUser] [nio-8081-exec-1] org.hibernate.SQL                        : select t1_0.id,t1_0.arrival_station_id,as1_0.id,as1_0.city,as1_0.downtown,as1_0.latitude,as1_0.longitude,as1_0.name,as1_0.surcharge,t1_0.departure_station_id,ds1_0.id,ds1_0.city,ds1_0.downtown,ds1_0.latitude,ds1_0.longitude,ds1_0.name,ds1_0.surcharge,t1_0.distance_km,t1_0.estimated_duration_minutes,t1_0.price_per_km,t1_0.route_geo_json from trajets t1_0 join stations as1_0 on as1_0.id=t1_0.arrival_station_id join stations ds1_0 on ds1_0.id=t1_0.departure_station_id where t1_0.id=?
Hibernate: select t1_0.id,t1_0.arrival_station_id,as1_0.id,as1_0.city,as1_0.downtown,as1_0.latitude,as1_0.longitude,as1_0.name,as1_0.surcharge,t1_0.departure_station_id,ds1_0.id,ds1_0.city,ds1_0.downtown,ds1_0.latitude,ds1_0.longitude,ds1_0.name,ds1_0.surcharge,t1_0.distance_km,t1_0.estimated_duration_minutes,t1_0.price_per_km,t1_0.route_geo_json from trajets t1_0 join stations as1_0 on as1_0.id=t1_0.arrival_station_id join stations ds1_0 on ds1_0.id=t1_0.departure_station_id where t1_0.id=?
2026-04-14T21:35:58.846+01:00 DEBUG 10256 --- [gestionUser] [nio-8081-exec-7] org.hibernate.SQL                        : select s1_0.id,s1_0.city,s1_0.downtown,s1_0.latitude,s1_0.longitude,s1_0.name,s1_0.surcharge from stations s1_0 where s1_0.id=?
Hibernate: select s1_0.id,s1_0.city,s1_0.downtown,s1_0.latitude,s1_0.longitude,s1_0.name,s1_0.surcharge from stations s1_0 where s1_0.id=?
2026-04-14T21:35:58.850+01:00 DEBUG 10256 --- [gestionUser] [nio-8081-exec-7] org.hibernate.SQL                        : select s1_0.id,s1_0.city,s1_0.downtown,s1_0.latitude,s1_0.longitude,s1_0.name,s1_0.surcharge from stations s1_0 where s1_0.id=?
Hibernate: select s1_0.id,s1_0.city,s1_0.downtown,s1_0.latitude,s1_0.longitude,s1_0.name,s1_0.surcharge from stations s1_0 where s1_0.id=?
2026-04-14T21:35:58.851+01:00 DEBUG 10256 --- [gestionUser] [nio-8081-exec-1] org.hibernate.SQL                        : select t1_0.id,t1_0.arrival_station_id,as1_0.id,as1_0.city,as1_0.downtown,as1_0.latitude,as1_0.longitude,as1_0.name,as1_0.surcharge,t1_0.departure_station_id,ds1_0.id,ds1_0.city,ds1_0.downtown,ds1_0.latitude,ds1_0.longitude,ds1_0.name,ds1_0.surcharge,t1_0.distance_km,t1_0.estimated_duration_minutes,t1_0.price_per_km,t1_0.route_geo_json from trajets t1_0 join stations as1_0 on as1_0.id=t1_0.arrival_station_id join stations ds1_0 on ds1_0.id=t1_0.departure_station_id where t1_0.id=?
Hibernate: select t1_0.id,t1_0.arrival_station_id,as1_0.id,as1_0.city,as1_0.downtown,as1_0.latitude,as1_0.longitude,as1_0.name,as1_0.surcharge,t1_0.departure_station_id,ds1_0.id,ds1_0.city,ds1_0.downtown,ds1_0.latitude,ds1_0.longitude,ds1_0.name,ds1_0.surcharge,t1_0.distance_km,t1_0.estimated_duration_minutes,t1_0.price_per_km,t1_0.route_geo_json from trajets t1_0 join stations as1_0 on as1_0.id=t1_0.arrival_station_id join stations ds1_0 on ds1_0.id=t1_0.departure_station_id where t1_0.id=?
2026-04-14T21:35:58.855+01:00 DEBUG 10256 --- [gestionUser] [nio-8081-exec-7] org.hibernate.SQL                        : select s1_0.id,s1_0.city,s1_0.downtown,s1_0.latitude,s1_0.longitude,s1_0.name,s1_0.surcharge from stations s1_0 where s1_0.id=?
Hibernate: select s1_0.id,s1_0.city,s1_0.downtown,s1_0.latitude,s1_0.longitude,s1_0.name,s1_0.surcharge from stations s1_0 where s1_0.id=?
2026-04-14T21:35:58.856+01:00 DEBUG 10256 --- [gestionUser] [nio-8081-exec-1] m.m.a.RequestResponseBodyMethodProcessor : Using 'application/json', given [*/*] and supported [application/json, application/*+json, application/yaml]
2026-04-14T21:35:58.861+01:00 DEBUG 10256 --- [gestionUser] [nio-8081-exec-7] org.hibernate.SQL                        : select s1_0.id,s1_0.city,s1_0.downtown,s1_0.latitude,s1_0.longitude,s1_0.name,s1_0.surcharge from stations s1_0 where s1_0.id=?
Hibernate: select s1_0.id,s1_0.city,s1_0.downtown,s1_0.latitude,s1_0.longitude,s1_0.name,s1_0.surcharge from stations s1_0 where s1_0.id=?
2026-04-14T21:35:58.862+01:00 DEBUG 10256 --- [gestionUser] [nio-8081-exec-1] m.m.a.RequestResponseBodyMethodProcessor : Writing [[TransportDTO(id=3, departurePoint=Zied, departureDate=2026-04-22T21:53, realDepartureDate=2026-04-2 (truncated)...]
2026-04-14T21:35:58.866+01:00 DEBUG 10256 --- [gestionUser] [nio-8081-exec-1] o.s.web.servlet.DispatcherServlet        : Completed 200 OK
2026-04-14T21:35:58.868+01:00 DEBUG 10256 --- [gestionUser] [nio-8081-exec-7] org.hibernate.SQL                        : select s1_0.id,s1_0.city,s1_0.downtown,s1_0.latitude,s1_0.longitude,s1_0.name,s1_0.surcharge from stations s1_0 where s1_0.id=?
Hibernate: select s1_0.id,s1_0.city,s1_0.downtown,s1_0.latitude,s1_0.longitude,s1_0.name,s1_0.surcharge from stations s1_0 where s1_0.id=?
2026-04-14T21:35:58.874+01:00 DEBUG 10256 --- [gestionUser] [nio-8081-exec-7] m.m.a.RequestResponseBodyMethodProcessor : Using 'application/json', given [*/*] and supported [application/json, application/*+json, application/yaml]
2026-04-14T21:35:58.874+01:00 DEBUG 10256 --- [gestionUser] [nio-8081-exec-7] m.m.a.RequestResponseBodyMethodProcessor : Writing [[TrajetDTO(id=2, departureStationId=5, departureStationName=Barcelone, arrivalStationId=6, arrivalSt (truncated)...]
2026-04-14T21:35:58.878+01:00 DEBUG 10256 --- [gestionUser] [nio-8081-exec-7] o.s.web.servlet.DispatcherServlet        : Completed 200 OK
2026-04-14T21:36:24.335+01:00 DEBUG 10256 --- [gestionUser] [nio-8081-exec-8] o.s.security.web.FilterChainProxy        : Securing POST /api/stations
2026-04-14T21:36:24.335+01:00  INFO 10256 --- [gestionUser] [nio-8081-exec-8] t.e.s.baladna.user.security.JwtFilter    : Request to: /api/stations - Auth header: present
2026-04-14T21:36:24.335+01:00  INFO 10256 --- [gestionUser] [nio-8081-exec-8] t.e.s.baladna.user.security.JwtFilter    : Token extracted (length: 195)
2026-04-14T21:36:24.344+01:00  INFO 10256 --- [gestionUser] [nio-8081-exec-8] t.e.s.baladna.user.security.JwtFilter    : Email extracted from token: host.transport.test.session@example.com
2026-04-14T21:36:24.348+01:00 DEBUG 10256 --- [gestionUser] [nio-8081-exec-8] org.hibernate.SQL                        : select u1_0.id,u1_0.email,u1_0.first_name,u1_0.last_login,u1_0.last_name,u1_0.password,u1_0.preferred_language,u1_0.profile_photo,u1_0.role,u1_0.status from user u1_0 where u1_0.email=?
Hibernate: select u1_0.id,u1_0.email,u1_0.first_name,u1_0.last_login,u1_0.last_name,u1_0.password,u1_0.preferred_language,u1_0.profile_photo,u1_0.role,u1_0.status from user u1_0 where u1_0.email=?
2026-04-14T21:36:24.351+01:00  INFO 10256 --- [gestionUser] [nio-8081-exec-8] t.e.s.baladna.user.security.JwtFilter    : User found: host.transport.test.session@example.com with role: HOST
2026-04-14T21:36:24.354+01:00  INFO 10256 --- [gestionUser] [nio-8081-exec-8] t.e.s.baladna.user.security.JwtFilter    : Setting authentication with role: ROLE_HOST
2026-04-14T21:36:24.355+01:00  INFO 10256 --- [gestionUser] [nio-8081-exec-8] t.e.s.baladna.user.security.JwtFilter    : Authentication set successfully
2026-04-14T21:36:24.356+01:00 DEBUG 10256 --- [gestionUser] [nio-8081-exec-8] o.s.security.web.FilterChainProxy        : Secured POST /api/stations
2026-04-14T21:36:24.357+01:00 DEBUG 10256 --- [gestionUser] [nio-8081-exec-8] o.s.web.servlet.DispatcherServlet        : POST "/api/stations", parameters={}
2026-04-14T21:36:24.357+01:00 DEBUG 10256 --- [gestionUser] [nio-8081-exec-8] s.w.s.m.m.a.RequestMappingHandlerMapping : Mapped to tn.esprit.spring.baladna.transport.controller.StationController#createStation(StationDTO)
2026-04-14T21:36:24.432+01:00 DEBUG 10256 --- [gestionUser] [nio-8081-exec-8] m.m.a.RequestResponseBodyMethodProcessor : Read "application/json;charset=UTF-8" to [StationDTO(id=null, name=Codex Tunis Marine, city=Tunis, surcharge=2.0, downtown=true, latitude=36.8 (truncated)...]
2026-04-14T21:36:24.549+01:00 DEBUG 10256 --- [gestionUser] [nio-8081-exec-8] org.hibernate.SQL                        : select s1_0.id from stations s1_0 where s1_0.name=? and s1_0.city=? limit ?
Hibernate: select s1_0.id from stations s1_0 where s1_0.name=? and s1_0.city=? limit ?
2026-04-14T21:36:24.563+01:00 DEBUG 10256 --- [gestionUser] [nio-8081-exec-8] org.hibernate.SQL                        : insert into stations (city,downtown,latitude,longitude,name,surcharge) values (?,?,?,?,?,?)
Hibernate: insert into stations (city,downtown,latitude,longitude,name,surcharge) values (?,?,?,?,?,?)
2026-04-14T21:36:24.631+01:00 DEBUG 10256 --- [gestionUser] [nio-8081-exec-8] o.s.w.s.m.m.a.HttpEntityMethodProcessor  : Using 'application/json', given [*/*] and supported [application/json, application/*+json, application/yaml]
2026-04-14T21:36:24.633+01:00 DEBUG 10256 --- [gestionUser] [nio-8081-exec-8] o.s.w.s.m.m.a.HttpEntityMethodProcessor  : Writing [StationDTO(id=47, name=Codex Tunis Marine, city=Tunis, surcharge=2.0, downtown=true, latitude=36.800 (truncated)...]
2026-04-14T21:36:24.637+01:00 DEBUG 10256 --- [gestionUser] [nio-8081-exec-8] o.s.web.servlet.DispatcherServlet        : Completed 200 OK
2026-04-14T21:36:24.708+01:00 DEBUG 10256 --- [gestionUser] [nio-8081-exec-6] o.s.security.web.FilterChainProxy        : Securing POST /api/stations
2026-04-14T21:36:24.716+01:00  INFO 10256 --- [gestionUser] [nio-8081-exec-6] t.e.s.baladna.user.security.JwtFilter    : Request to: /api/stations - Auth header: present
2026-04-14T21:36:24.718+01:00  INFO 10256 --- [gestionUser] [nio-8081-exec-6] t.e.s.baladna.user.security.JwtFilter    : Token extracted (length: 195)
2026-04-14T21:36:24.721+01:00  INFO 10256 --- [gestionUser] [nio-8081-exec-6] t.e.s.baladna.user.security.JwtFilter    : Email extracted from token: host.transport.test.session@example.com
2026-04-14T21:36:24.725+01:00 DEBUG 10256 --- [gestionUser] [nio-8081-exec-6] org.hibernate.SQL                        : select u1_0.id,u1_0.email,u1_0.first_name,u1_0.last_login,u1_0.last_name,u1_0.password,u1_0.preferred_language,u1_0.profile_photo,u1_0.role,u1_0.status from user u1_0 where u1_0.email=?
Hibernate: select u1_0.id,u1_0.email,u1_0.first_name,u1_0.last_login,u1_0.last_name,u1_0.password,u1_0.preferred_language,u1_0.profile_photo,u1_0.role,u1_0.status from user u1_0 where u1_0.email=?
2026-04-14T21:36:24.731+01:00  INFO 10256 --- [gestionUser] [nio-8081-exec-6] t.e.s.baladna.user.security.JwtFilter    : User found: host.transport.test.session@example.com with role: HOST
2026-04-14T21:36:24.733+01:00  INFO 10256 --- [gestionUser] [nio-8081-exec-6] t.e.s.baladna.user.security.JwtFilter    : Setting authentication with role: ROLE_HOST
2026-04-14T21:36:24.734+01:00  INFO 10256 --- [gestionUser] [nio-8081-exec-6] t.e.s.baladna.user.security.JwtFilter    : Authentication set successfully
2026-04-14T21:36:24.735+01:00 DEBUG 10256 --- [gestionUser] [nio-8081-exec-6] o.s.security.web.FilterChainProxy        : Secured POST /api/stations
2026-04-14T21:36:24.735+01:00 DEBUG 10256 --- [gestionUser] [nio-8081-exec-6] o.s.web.servlet.DispatcherServlet        : POST "/api/stations", parameters={}
2026-04-14T21:36:24.737+01:00 DEBUG 10256 --- [gestionUser] [nio-8081-exec-6] s.w.s.m.m.a.RequestMappingHandlerMapping : Mapped to tn.esprit.spring.baladna.transport.controller.StationController#createStation(StationDTO)
2026-04-14T21:36:24.741+01:00 DEBUG 10256 --- [gestionUser] [nio-8081-exec-6] m.m.a.RequestResponseBodyMethodProcessor : Read "application/json;charset=UTF-8" to [StationDTO(id=null, name=Codex La Marsa, city=La Marsa, surcharge=3.0, downtown=true, latitude=36.88 (truncated)...]
2026-04-14T21:36:24.744+01:00 DEBUG 10256 --- [gestionUser] [nio-8081-exec-6] org.hibernate.SQL                        : select s1_0.id from stations s1_0 where s1_0.name=? and s1_0.city=? limit ?
Hibernate: select s1_0.id from stations s1_0 where s1_0.name=? and s1_0.city=? limit ?
2026-04-14T21:36:24.754+01:00 DEBUG 10256 --- [gestionUser] [nio-8081-exec-6] org.hibernate.SQL                        : insert into stations (city,downtown,latitude,longitude,name,surcharge) values (?,?,?,?,?,?)
Hibernate: insert into stations (city,downtown,latitude,longitude,name,surcharge) values (?,?,?,?,?,?)
2026-04-14T21:36:24.766+01:00 DEBUG 10256 --- [gestionUser] [nio-8081-exec-6] o.s.w.s.m.m.a.HttpEntityMethodProcessor  : Using 'application/json', given [*/*] and supported [application/json, application/*+json, application/yaml]
2026-04-14T21:36:24.766+01:00 DEBUG 10256 --- [gestionUser] [nio-8081-exec-6] o.s.w.s.m.m.a.HttpEntityMethodProcessor  : Writing [StationDTO(id=48, name=Codex La Marsa, city=La Marsa, surcharge=3.0, downtown=true, latitude=36.8863 (truncated)...]
2026-04-14T21:36:24.769+01:00 DEBUG 10256 --- [gestionUser] [nio-8081-exec-6] o.s.web.servlet.DispatcherServlet        : Completed 200 OK
2026-04-14T21:36:24.778+01:00 DEBUG 10256 --- [gestionUser] [nio-8081-exec-5] o.s.security.web.FilterChainProxy        : Securing POST /api/trajets
2026-04-14T21:36:24.778+01:00  INFO 10256 --- [gestionUser] [nio-8081-exec-5] t.e.s.baladna.user.security.JwtFilter    : Request to: /api/trajets - Auth header: present
2026-04-14T21:36:24.780+01:00  INFO 10256 --- [gestionUser] [nio-8081-exec-5] t.e.s.baladna.user.security.JwtFilter    : Token extracted (length: 195)
2026-04-14T21:36:24.784+01:00  INFO 10256 --- [gestionUser] [nio-8081-exec-5] t.e.s.baladna.user.security.JwtFilter    : Email extracted from token: host.transport.test.session@example.com
2026-04-14T21:36:24.785+01:00 DEBUG 10256 --- [gestionUser] [nio-8081-exec-5] org.hibernate.SQL                        : select u1_0.id,u1_0.email,u1_0.first_name,u1_0.last_login,u1_0.last_name,u1_0.password,u1_0.preferred_language,u1_0.profile_photo,u1_0.role,u1_0.status from user u1_0 where u1_0.email=?
Hibernate: select u1_0.id,u1_0.email,u1_0.first_name,u1_0.last_login,u1_0.last_name,u1_0.password,u1_0.preferred_language,u1_0.profile_photo,u1_0.role,u1_0.status from user u1_0 where u1_0.email=?
2026-04-14T21:36:24.790+01:00  INFO 10256 --- [gestionUser] [nio-8081-exec-5] t.e.s.baladna.user.security.JwtFilter    : User found: host.transport.test.session@example.com with role: HOST
2026-04-14T21:36:24.790+01:00  INFO 10256 --- [gestionUser] [nio-8081-exec-5] t.e.s.baladna.user.security.JwtFilter    : Setting authentication with role: ROLE_HOST
2026-04-14T21:36:24.790+01:00  INFO 10256 --- [gestionUser] [nio-8081-exec-5] t.e.s.baladna.user.security.JwtFilter    : Authentication set successfully
2026-04-14T21:36:24.790+01:00 DEBUG 10256 --- [gestionUser] [nio-8081-exec-5] o.s.security.web.FilterChainProxy        : Secured POST /api/trajets
2026-04-14T21:36:24.794+01:00 DEBUG 10256 --- [gestionUser] [nio-8081-exec-5] o.s.web.servlet.DispatcherServlet        : POST "/api/trajets", parameters={}
2026-04-14T21:36:24.794+01:00 DEBUG 10256 --- [gestionUser] [nio-8081-exec-5] s.w.s.m.m.a.RequestMappingHandlerMapping : Mapped to tn.esprit.spring.baladna.transport.controller.TrajetController#createTrajet(TrajetDTO)
2026-04-14T21:36:24.801+01:00 DEBUG 10256 --- [gestionUser] [nio-8081-exec-5] m.m.a.RequestResponseBodyMethodProcessor : Read "application/json;charset=UTF-8" to [TrajetDTO(id=null, departureStationId=47, departureStationName=null, arrivalStationId=48, arrivalSta (truncated)...]
2026-04-14T21:36:24.822+01:00 DEBUG 10256 --- [gestionUser] [nio-8081-exec-5] org.hibernate.SQL                        : select s1_0.id,s1_0.city,s1_0.downtown,s1_0.latitude,s1_0.longitude,s1_0.name,s1_0.surcharge from stations s1_0 where s1_0.id=?
Hibernate: select s1_0.id,s1_0.city,s1_0.downtown,s1_0.latitude,s1_0.longitude,s1_0.name,s1_0.surcharge from stations s1_0 where s1_0.id=?
2026-04-14T21:36:24.830+01:00 DEBUG 10256 --- [gestionUser] [nio-8081-exec-5] org.hibernate.SQL                        : select s1_0.id,s1_0.city,s1_0.downtown,s1_0.latitude,s1_0.longitude,s1_0.name,s1_0.surcharge from stations s1_0 where s1_0.id=?
Hibernate: select s1_0.id,s1_0.city,s1_0.downtown,s1_0.latitude,s1_0.longitude,s1_0.name,s1_0.surcharge from stations s1_0 where s1_0.id=?
2026-04-14T21:36:25.144+01:00 DEBUG 10256 --- [gestionUser] [nio-8081-exec-5] o.s.web.client.RestTemplate              : HTTP GET https://router.project-osrm.org/route/v1/driving/10.18004,36.80084;10.32277,36.88634?overview=full&geometries=geojson
2026-04-14T21:36:25.196+01:00 DEBUG 10256 --- [gestionUser] [nio-8081-exec-5] o.s.web.client.RestTemplate              : Accept=[application/json, application/yaml, application/*+json]
2026-04-14T21:36:26.694+01:00 DEBUG 10256 --- [gestionUser] [nio-8081-exec-5] o.s.web.client.RestTemplate              : Response 200 OK
2026-04-14T21:36:26.698+01:00 DEBUG 10256 --- [gestionUser] [nio-8081-exec-5] o.s.web.client.RestTemplate              : Reading to [tn.esprit.spring.baladna.transport.dto.OsrmResponse]
2026-04-14T21:36:26.817+01:00 DEBUG 10256 --- [gestionUser] [nio-8081-exec-5] org.hibernate.SQL                        : insert into trajets (arrival_station_id,departure_station_id,distance_km,estimated_duration_minutes,price_per_km,route_geo_json) values (?,?,?,?,?,?)
Hibernate: insert into trajets (arrival_station_id,departure_station_id,distance_km,estimated_duration_minutes,price_per_km,route_geo_json) values (?,?,?,?,?,?)
2026-04-14T21:36:26.846+01:00 DEBUG 10256 --- [gestionUser] [nio-8081-exec-5] o.s.w.s.m.m.a.HttpEntityMethodProcessor  : Using 'application/json', given [*/*] and supported [application/json, application/*+json, application/yaml]
2026-04-14T21:36:26.852+01:00 DEBUG 10256 --- [gestionUser] [nio-8081-exec-5] o.s.w.s.m.m.a.HttpEntityMethodProcessor  : Writing [TrajetDTO(id=39, departureStationId=47, departureStationName=Codex Tunis Marine, arrivalStationId=48 (truncated)...]
2026-04-14T21:36:26.857+01:00 DEBUG 10256 --- [gestionUser] [nio-8081-exec-5] o.s.web.servlet.DispatcherServlet        : Completed 200 OK
2026-04-14T21:36:26.869+01:00 DEBUG 10256 --- [gestionUser] [io-8081-exec-10] o.s.security.web.FilterChainProxy        : Securing POST /api/transports
2026-04-14T21:36:26.871+01:00  INFO 10256 --- [gestionUser] [io-8081-exec-10] t.e.s.baladna.user.security.JwtFilter    : Request to: /api/transports - Auth header: present
2026-04-14T21:36:26.873+01:00  INFO 10256 --- [gestionUser] [io-8081-exec-10] t.e.s.baladna.user.security.JwtFilter    : Token extracted (length: 195)
2026-04-14T21:36:26.879+01:00  INFO 10256 --- [gestionUser] [io-8081-exec-10] t.e.s.baladna.user.security.JwtFilter    : Email extracted from token: host.transport.test.session@example.com
2026-04-14T21:36:26.881+01:00 DEBUG 10256 --- [gestionUser] [io-8081-exec-10] org.hibernate.SQL                        : select u1_0.id,u1_0.email,u1_0.first_name,u1_0.last_login,u1_0.last_name,u1_0.password,u1_0.preferred_language,u1_0.profile_photo,u1_0.role,u1_0.status from user u1_0 where u1_0.email=?
Hibernate: select u1_0.id,u1_0.email,u1_0.first_name,u1_0.last_login,u1_0.last_name,u1_0.password,u1_0.preferred_language,u1_0.profile_photo,u1_0.role,u1_0.status from user u1_0 where u1_0.email=?
2026-04-14T21:36:26.885+01:00  INFO 10256 --- [gestionUser] [io-8081-exec-10] t.e.s.baladna.user.security.JwtFilter    : User found: host.transport.test.session@example.com with role: HOST
2026-04-14T21:36:26.888+01:00  INFO 10256 --- [gestionUser] [io-8081-exec-10] t.e.s.baladna.user.security.JwtFilter    : Setting authentication with role: ROLE_HOST
2026-04-14T21:36:26.888+01:00  INFO 10256 --- [gestionUser] [io-8081-exec-10] t.e.s.baladna.user.security.JwtFilter    : Authentication set successfully
2026-04-14T21:36:26.888+01:00 DEBUG 10256 --- [gestionUser] [io-8081-exec-10] o.s.security.web.FilterChainProxy        : Secured POST /api/transports
2026-04-14T21:36:26.890+01:00 DEBUG 10256 --- [gestionUser] [io-8081-exec-10] o.s.web.servlet.DispatcherServlet        : POST "/api/transports", parameters={}
2026-04-14T21:36:26.890+01:00 DEBUG 10256 --- [gestionUser] [io-8081-exec-10] s.w.s.m.m.a.RequestMappingHandlerMapping : Mapped to tn.esprit.spring.baladna.transport.controller.TransportController#createTransport(TransportDTO)
2026-04-14T21:36:26.912+01:00 DEBUG 10256 --- [gestionUser] [io-8081-exec-10] m.m.a.RequestResponseBodyMethodProcessor : Read "application/json;charset=UTF-8" to [TransportDTO(id=null, departurePoint=Codex Tunis Marine, departureDate=2026-04-18T10:00, realDepartu (truncated)...]
2026-04-14T21:36:26.935+01:00 DEBUG 10256 --- [gestionUser] [io-8081-exec-10] org.hibernate.SQL                        : select t1_0.id,t1_0.arrival_station_id,as1_0.id,as1_0.city,as1_0.downtown,as1_0.latitude,as1_0.longitude,as1_0.name,as1_0.surcharge,t1_0.departure_station_id,ds1_0.id,ds1_0.city,ds1_0.downtown,ds1_0.latitude,ds1_0.longitude,ds1_0.name,ds1_0.surcharge,t1_0.distance_km,t1_0.estimated_duration_minutes,t1_0.price_per_km,t1_0.route_geo_json from trajets t1_0 join stations as1_0 on as1_0.id=t1_0.arrival_station_id join stations ds1_0 on ds1_0.id=t1_0.departure_station_id where t1_0.id=?
Hibernate: select t1_0.id,t1_0.arrival_station_id,as1_0.id,as1_0.city,as1_0.downtown,as1_0.latitude,as1_0.longitude,as1_0.name,as1_0.surcharge,t1_0.departure_station_id,ds1_0.id,ds1_0.city,ds1_0.downtown,ds1_0.latitude,ds1_0.longitude,ds1_0.name,ds1_0.surcharge,t1_0.distance_km,t1_0.estimated_duration_minutes,t1_0.price_per_km,t1_0.route_geo_json from trajets t1_0 join stations as1_0 on as1_0.id=t1_0.arrival_station_id join stations ds1_0 on ds1_0.id=t1_0.departure_station_id where t1_0.id=?
2026-04-14T21:36:26.944+01:00 DEBUG 10256 --- [gestionUser] [io-8081-exec-10] o.s.web.client.RestTemplate              : HTTP GET https://api.open-meteo.com/v1/forecast?latitude=36.80084&longitude=10.18004&hourly=weather_code&timezone=auto&start_date=2026-04-18&end_date=2026-04-18
2026-04-14T21:36:26.953+01:00 DEBUG 10256 --- [gestionUser] [io-8081-exec-10] o.s.web.client.RestTemplate              : Accept=[application/json, application/yaml, application/*+json]
2026-04-14T21:36:27.493+01:00 DEBUG 10256 --- [gestionUser] [io-8081-exec-10] o.s.web.client.RestTemplate              : Response 200 OK
2026-04-14T21:36:27.495+01:00 DEBUG 10256 --- [gestionUser] [io-8081-exec-10] o.s.web.client.RestTemplate              : Reading to [tn.esprit.spring.baladna.transport.dto.OpenMeteoResponse]
2026-04-14T21:36:27.513+01:00 DEBUG 10256 --- [gestionUser] [io-8081-exec-10] org.hibernate.SQL                        : insert into transports (available_seats,base_price,departure_date,departure_point,status,total_capacity,traffic_jam,trajet_id,weather,weather_source) values (?,?,?,?,?,?,?,?,?,?)
Hibernate: insert into transports (available_seats,base_price,departure_date,departure_point,status,total_capacity,traffic_jam,trajet_id,weather,weather_source) values (?,?,?,?,?,?,?,?,?,?)
2026-04-14T21:36:27.535+01:00 DEBUG 10256 --- [gestionUser] [io-8081-exec-10] o.s.w.s.m.m.a.HttpEntityMethodProcessor  : Using 'application/json', given [*/*] and supported [application/json, application/*+json, application/yaml]
2026-04-14T21:36:27.535+01:00 DEBUG 10256 --- [gestionUser] [io-8081-exec-10] o.s.w.s.m.m.a.HttpEntityMethodProcessor  : Writing [TransportDTO(id=17, departurePoint=Codex Tunis Marine, departureDate=2026-04-18T10:00, realDeparture (truncated)...]
2026-04-14T21:36:27.541+01:00 DEBUG 10256 --- [gestionUser] [io-8081-exec-10] o.s.web.servlet.DispatcherServlet        : Completed 200 OK
2026-04-14T21:40:05.046+01:00 DEBUG 10256 --- [gestionUser] [nio-8081-exec-1] o.s.security.web.FilterChainProxy        : Securing OPTIONS /api/auth/login
2026-04-14T21:40:05.055+01:00 DEBUG 10256 --- [gestionUser] [nio-8081-exec-7] o.s.security.web.FilterChainProxy        : Securing POST /api/auth/login
2026-04-14T21:40:05.060+01:00 DEBUG 10256 --- [gestionUser] [nio-8081-exec-7] o.s.s.w.a.AnonymousAuthenticationFilter  : Set SecurityContextHolder to anonymous SecurityContext
2026-04-14T21:40:05.060+01:00 DEBUG 10256 --- [gestionUser] [nio-8081-exec-7] o.s.security.web.FilterChainProxy        : Secured POST /api/auth/login
2026-04-14T21:40:05.060+01:00 DEBUG 10256 --- [gestionUser] [nio-8081-exec-7] o.s.web.servlet.DispatcherServlet        : POST "/api/auth/login", parameters={}
2026-04-14T21:40:05.060+01:00 DEBUG 10256 --- [gestionUser] [nio-8081-exec-7] s.w.s.m.m.a.RequestMappingHandlerMapping : Mapped to tn.esprit.spring.baladna.user.controller.AuthController#login(LoginRequest)
2026-04-14T21:40:05.060+01:00 DEBUG 10256 --- [gestionUser] [nio-8081-exec-7] m.m.a.RequestResponseBodyMethodProcessor : Read "application/json;charset=UTF-8" to [LoginRequest(email=ahmedm12@gmail.com, password=ahmedm12)]
2026-04-14T21:40:05.071+01:00 DEBUG 10256 --- [gestionUser] [nio-8081-exec-7] org.hibernate.SQL                        : select u1_0.id,u1_0.email,u1_0.first_name,u1_0.last_login,u1_0.last_name,u1_0.password,u1_0.preferred_language,u1_0.profile_photo,u1_0.role,u1_0.status from user u1_0 where u1_0.email=?
Hibernate: select u1_0.id,u1_0.email,u1_0.first_name,u1_0.last_login,u1_0.last_name,u1_0.password,u1_0.preferred_language,u1_0.profile_photo,u1_0.role,u1_0.status from user u1_0 where u1_0.email=?
2026-04-14T21:40:05.291+01:00 DEBUG 10256 --- [gestionUser] [nio-8081-exec-7] org.hibernate.SQL                        : insert into activity_log (action,timestamp,user_id,id) values (?,?,?,?)
Hibernate: insert into activity_log (action,timestamp,user_id,id) values (?,?,?,?)
2026-04-14T21:40:05.316+01:00 DEBUG 10256 --- [gestionUser] [nio-8081-exec-7] org.hibernate.SQL                        : insert into session (expires_at,token,user_id,id) values (?,?,?,?)
Hibernate: insert into session (expires_at,token,user_id,id) values (?,?,?,?)
2026-04-14T21:40:05.328+01:00 DEBUG 10256 --- [gestionUser] [nio-8081-exec-7] o.s.w.s.m.m.a.HttpEntityMethodProcessor  : Using 'application/json', given [application/json, text/plain, */*] and supported [application/json, application/*+json, application/yaml]
2026-04-14T21:40:05.329+01:00 DEBUG 10256 --- [gestionUser] [nio-8081-exec-7] o.s.w.s.m.m.a.HttpEntityMethodProcessor  : Writing [AuthResponse(accessToken=eyJhbGciOiJIUzI1NiJ9.eyJzdWIiOiJhaG1lZG0xMkBnbWFpbC5jb20iLCJyb2xlIjoiSE9TVC (truncated)...]
2026-04-14T21:40:05.335+01:00 DEBUG 10256 --- [gestionUser] [nio-8081-exec-7] o.s.web.servlet.DispatcherServlet        : Completed 200 OK
2026-04-14T21:40:05.421+01:00 DEBUG 10256 --- [gestionUser] [nio-8081-exec-2] o.s.security.web.FilterChainProxy        : Securing OPTIONS /api/profile/me
2026-04-14T21:40:05.430+01:00 DEBUG 10256 --- [gestionUser] [nio-8081-exec-3] o.s.security.web.FilterChainProxy        : Securing OPTIONS /api/trajets
2026-04-14T21:40:05.428+01:00 DEBUG 10256 --- [gestionUser] [nio-8081-exec-4] o.s.security.web.FilterChainProxy        : Securing OPTIONS /api/stations
2026-04-14T21:40:05.437+01:00 DEBUG 10256 --- [gestionUser] [nio-8081-exec-5] o.s.security.web.FilterChainProxy        : Securing GET /api/trajets
2026-04-14T21:40:05.441+01:00 DEBUG 10256 --- [gestionUser] [nio-8081-exec-6] o.s.security.web.FilterChainProxy        : Securing OPTIONS /api/reservations
2026-04-14T21:40:05.441+01:00 DEBUG 10256 --- [gestionUser] [nio-8081-exec-8] o.s.security.web.FilterChainProxy        : Securing OPTIONS /api/transports
2026-04-14T21:40:05.445+01:00  INFO 10256 --- [gestionUser] [nio-8081-exec-5] t.e.s.baladna.user.security.JwtFilter    : Request to: /api/trajets - Auth header: present
2026-04-14T21:40:05.451+01:00  INFO 10256 --- [gestionUser] [nio-8081-exec-5] t.e.s.baladna.user.security.JwtFilter    : Token extracted (length: 167)
2026-04-14T21:40:05.450+01:00 DEBUG 10256 --- [gestionUser] [io-8081-exec-10] o.s.security.web.FilterChainProxy        : Securing GET /api/stations
2026-04-14T21:40:05.451+01:00 DEBUG 10256 --- [gestionUser] [nio-8081-exec-9] o.s.security.web.FilterChainProxy        : Securing GET /api/profile/me
2026-04-14T21:40:05.461+01:00 DEBUG 10256 --- [gestionUser] [nio-8081-exec-1] o.s.security.web.FilterChainProxy        : Securing GET /api/transports
2026-04-14T21:40:05.463+01:00 DEBUG 10256 --- [gestionUser] [nio-8081-exec-7] o.s.security.web.FilterChainProxy        : Securing GET /api/reservations
2026-04-14T21:40:05.459+01:00  INFO 10256 --- [gestionUser] [io-8081-exec-10] t.e.s.baladna.user.security.JwtFilter    : Request to: /api/stations - Auth header: present
2026-04-14T21:40:05.465+01:00  INFO 10256 --- [gestionUser] [nio-8081-exec-9] t.e.s.baladna.user.security.JwtFilter    : Request to: /api/profile/me - Auth header: present
2026-04-14T21:40:05.465+01:00  INFO 10256 --- [gestionUser] [nio-8081-exec-1] t.e.s.baladna.user.security.JwtFilter    : Request to: /api/transports - Auth header: present
2026-04-14T21:40:05.468+01:00  INFO 10256 --- [gestionUser] [io-8081-exec-10] t.e.s.baladna.user.security.JwtFilter    : Token extracted (length: 167)
2026-04-14T21:40:05.469+01:00  INFO 10256 --- [gestionUser] [nio-8081-exec-5] t.e.s.baladna.user.security.JwtFilter    : Email extracted from token: ahmedm12@gmail.com
2026-04-14T21:40:05.469+01:00  INFO 10256 --- [gestionUser] [nio-8081-exec-7] t.e.s.baladna.user.security.JwtFilter    : Request to: /api/reservations - Auth header: present
2026-04-14T21:40:05.469+01:00  INFO 10256 --- [gestionUser] [nio-8081-exec-9] t.e.s.baladna.user.security.JwtFilter    : Token extracted (length: 167)
2026-04-14T21:40:05.473+01:00  INFO 10256 --- [gestionUser] [nio-8081-exec-7] t.e.s.baladna.user.security.JwtFilter    : Token extracted (length: 167)
2026-04-14T21:40:05.471+01:00  INFO 10256 --- [gestionUser] [nio-8081-exec-1] t.e.s.baladna.user.security.JwtFilter    : Token extracted (length: 167)
2026-04-14T21:40:05.474+01:00 DEBUG 10256 --- [gestionUser] [nio-8081-exec-5] org.hibernate.SQL                        : select u1_0.id,u1_0.email,u1_0.first_name,u1_0.last_login,u1_0.last_name,u1_0.password,u1_0.preferred_language,u1_0.profile_photo,u1_0.role,u1_0.status from user u1_0 where u1_0.email=?
Hibernate: select u1_0.id,u1_0.email,u1_0.first_name,u1_0.last_login,u1_0.last_name,u1_0.password,u1_0.preferred_language,u1_0.profile_photo,u1_0.role,u1_0.status from user u1_0 where u1_0.email=?
2026-04-14T21:40:05.478+01:00  INFO 10256 --- [gestionUser] [io-8081-exec-10] t.e.s.baladna.user.security.JwtFilter    : Email extracted from token: ahmedm12@gmail.com
2026-04-14T21:40:05.479+01:00  INFO 10256 --- [gestionUser] [nio-8081-exec-7] t.e.s.baladna.user.security.JwtFilter    : Email extracted from token: ahmedm12@gmail.com
2026-04-14T21:40:05.481+01:00  INFO 10256 --- [gestionUser] [nio-8081-exec-9] t.e.s.baladna.user.security.JwtFilter    : Email extracted from token: ahmedm12@gmail.com
2026-04-14T21:40:05.483+01:00  INFO 10256 --- [gestionUser] [nio-8081-exec-1] t.e.s.baladna.user.security.JwtFilter    : Email extracted from token: ahmedm12@gmail.com
2026-04-14T21:40:05.500+01:00 DEBUG 10256 --- [gestionUser] [nio-8081-exec-9] org.hibernate.SQL                        : select u1_0.id,u1_0.email,u1_0.first_name,u1_0.last_login,u1_0.last_name,u1_0.password,u1_0.preferred_language,u1_0.profile_photo,u1_0.role,u1_0.status from user u1_0 where u1_0.email=?
Hibernate: select u1_0.id,u1_0.email,u1_0.first_name,u1_0.last_login,u1_0.last_name,u1_0.password,u1_0.preferred_language,u1_0.profile_photo,u1_0.role,u1_0.status from user u1_0 where u1_0.email=?
2026-04-14T21:40:05.488+01:00 DEBUG 10256 --- [gestionUser] [io-8081-exec-10] org.hibernate.SQL                        : select u1_0.id,u1_0.email,u1_0.first_name,u1_0.last_login,u1_0.last_name,u1_0.password,u1_0.preferred_language,u1_0.profile_photo,u1_0.role,u1_0.status from user u1_0 where u1_0.email=?
Hibernate: select u1_0.id,u1_0.email,u1_0.first_name,u1_0.last_login,u1_0.last_name,u1_0.password,u1_0.preferred_language,u1_0.profile_photo,u1_0.role,u1_0.status from user u1_0 where u1_0.email=?
2026-04-14T21:40:05.501+01:00 DEBUG 10256 --- [gestionUser] [nio-8081-exec-1] org.hibernate.SQL                        : select u1_0.id,u1_0.email,u1_0.first_name,u1_0.last_login,u1_0.last_name,u1_0.password,u1_0.preferred_language,u1_0.profile_photo,u1_0.role,u1_0.status from user u1_0 where u1_0.email=?
Hibernate: select u1_0.id,u1_0.email,u1_0.first_name,u1_0.last_login,u1_0.last_name,u1_0.password,u1_0.preferred_language,u1_0.profile_photo,u1_0.role,u1_0.status from user u1_0 where u1_0.email=?
2026-04-14T21:40:05.523+01:00  INFO 10256 --- [gestionUser] [nio-8081-exec-5] t.e.s.baladna.user.security.JwtFilter    : User found: ahmedm12@gmail.com with role: HOST
2026-04-14T21:40:05.530+01:00 DEBUG 10256 --- [gestionUser] [nio-8081-exec-7] org.hibernate.SQL                        : select u1_0.id,u1_0.email,u1_0.first_name,u1_0.last_login,u1_0.last_name,u1_0.password,u1_0.preferred_language,u1_0.profile_photo,u1_0.role,u1_0.status from user u1_0 where u1_0.email=?
Hibernate: select u1_0.id,u1_0.email,u1_0.first_name,u1_0.last_login,u1_0.last_name,u1_0.password,u1_0.preferred_language,u1_0.profile_photo,u1_0.role,u1_0.status from user u1_0 where u1_0.email=?
2026-04-14T21:40:05.542+01:00  INFO 10256 --- [gestionUser] [nio-8081-exec-5] t.e.s.baladna.user.security.JwtFilter    : Setting authentication with role: ROLE_HOST
2026-04-14T21:40:05.547+01:00  INFO 10256 --- [gestionUser] [nio-8081-exec-5] t.e.s.baladna.user.security.JwtFilter    : Authentication set successfully
2026-04-14T21:40:05.547+01:00 DEBUG 10256 --- [gestionUser] [nio-8081-exec-5] o.s.security.web.FilterChainProxy        : Secured GET /api/trajets
2026-04-14T21:40:05.549+01:00 DEBUG 10256 --- [gestionUser] [nio-8081-exec-5] o.s.web.servlet.DispatcherServlet        : GET "/api/trajets", parameters={}
2026-04-14T21:40:05.551+01:00 DEBUG 10256 --- [gestionUser] [nio-8081-exec-5] s.w.s.m.m.a.RequestMappingHandlerMapping : Mapped to tn.esprit.spring.baladna.transport.controller.TrajetController#getAllTrajets()
2026-04-14T21:40:05.557+01:00  INFO 10256 --- [gestionUser] [io-8081-exec-10] t.e.s.baladna.user.security.JwtFilter    : User found: ahmedm12@gmail.com with role: HOST
2026-04-14T21:40:05.557+01:00  INFO 10256 --- [gestionUser] [io-8081-exec-10] t.e.s.baladna.user.security.JwtFilter    : Setting authentication with role: ROLE_HOST
2026-04-14T21:40:05.559+01:00  INFO 10256 --- [gestionUser] [io-8081-exec-10] t.e.s.baladna.user.security.JwtFilter    : Authentication set successfully
2026-04-14T21:40:05.562+01:00 DEBUG 10256 --- [gestionUser] [io-8081-exec-10] o.s.security.web.FilterChainProxy        : Secured GET /api/stations
2026-04-14T21:40:05.562+01:00 DEBUG 10256 --- [gestionUser] [io-8081-exec-10] o.s.web.servlet.DispatcherServlet        : GET "/api/stations", parameters={}
2026-04-14T21:40:05.545+01:00  INFO 10256 --- [gestionUser] [nio-8081-exec-9] t.e.s.baladna.user.security.JwtFilter    : User found: ahmedm12@gmail.com with role: HOST
2026-04-14T21:40:05.564+01:00 DEBUG 10256 --- [gestionUser] [io-8081-exec-10] s.w.s.m.m.a.RequestMappingHandlerMapping : Mapped to tn.esprit.spring.baladna.transport.controller.StationController#getAllStations()
2026-04-14T21:40:05.567+01:00  INFO 10256 --- [gestionUser] [nio-8081-exec-9] t.e.s.baladna.user.security.JwtFilter    : Setting authentication with role: ROLE_HOST
2026-04-14T21:40:05.569+01:00  INFO 10256 --- [gestionUser] [nio-8081-exec-9] t.e.s.baladna.user.security.JwtFilter    : Authentication set successfully
2026-04-14T21:40:05.567+01:00  INFO 10256 --- [gestionUser] [nio-8081-exec-7] t.e.s.baladna.user.security.JwtFilter    : User found: ahmedm12@gmail.com with role: HOST
2026-04-14T21:40:05.571+01:00  INFO 10256 --- [gestionUser] [nio-8081-exec-7] t.e.s.baladna.user.security.JwtFilter    : Setting authentication with role: ROLE_HOST
2026-04-14T21:40:05.569+01:00  INFO 10256 --- [gestionUser] [nio-8081-exec-1] t.e.s.baladna.user.security.JwtFilter    : User found: ahmedm12@gmail.com with role: HOST
2026-04-14T21:40:05.569+01:00 DEBUG 10256 --- [gestionUser] [nio-8081-exec-9] o.s.security.web.FilterChainProxy        : Secured GET /api/profile/me
2026-04-14T21:40:05.575+01:00  INFO 10256 --- [gestionUser] [nio-8081-exec-7] t.e.s.baladna.user.security.JwtFilter    : Authentication set successfully
2026-04-14T21:40:05.575+01:00 DEBUG 10256 --- [gestionUser] [nio-8081-exec-5] org.hibernate.SQL                        : select t1_0.id,t1_0.arrival_station_id,t1_0.departure_station_id,t1_0.distance_km,t1_0.estimated_duration_minutes,t1_0.price_per_km,t1_0.route_geo_json from trajets t1_0
Hibernate: select t1_0.id,t1_0.arrival_station_id,t1_0.departure_station_id,t1_0.distance_km,t1_0.estimated_duration_minutes,t1_0.price_per_km,t1_0.route_geo_json from trajets t1_0
2026-04-14T21:40:05.575+01:00  INFO 10256 --- [gestionUser] [nio-8081-exec-1] t.e.s.baladna.user.security.JwtFilter    : Setting authentication with role: ROLE_HOST
2026-04-14T21:40:05.575+01:00 DEBUG 10256 --- [gestionUser] [nio-8081-exec-9] o.s.web.servlet.DispatcherServlet        : GET "/api/profile/me", parameters={}
2026-04-14T21:40:05.577+01:00 DEBUG 10256 --- [gestionUser] [io-8081-exec-10] org.hibernate.SQL                        : select s1_0.id,s1_0.city,s1_0.downtown,s1_0.latitude,s1_0.longitude,s1_0.name,s1_0.surcharge from stations s1_0
Hibernate: select s1_0.id,s1_0.city,s1_0.downtown,s1_0.latitude,s1_0.longitude,s1_0.name,s1_0.surcharge from stations s1_0
2026-04-14T21:40:05.578+01:00 DEBUG 10256 --- [gestionUser] [nio-8081-exec-7] o.s.security.web.FilterChainProxy        : Secured GET /api/reservations
2026-04-14T21:40:05.582+01:00  INFO 10256 --- [gestionUser] [nio-8081-exec-1] t.e.s.baladna.user.security.JwtFilter    : Authentication set successfully
2026-04-14T21:40:05.582+01:00 DEBUG 10256 --- [gestionUser] [nio-8081-exec-9] s.w.s.m.m.a.RequestMappingHandlerMapping : Mapped to tn.esprit.spring.baladna.user.controller.UserController#getMyProfile(String)
2026-04-14T21:40:05.583+01:00 DEBUG 10256 --- [gestionUser] [nio-8081-exec-5] org.hibernate.SQL                        : select s1_0.id,s1_0.city,s1_0.downtown,s1_0.latitude,s1_0.longitude,s1_0.name,s1_0.surcharge from stations s1_0 where s1_0.id=?
Hibernate: select s1_0.id,s1_0.city,s1_0.downtown,s1_0.latitude,s1_0.longitude,s1_0.name,s1_0.surcharge from stations s1_0 where s1_0.id=?
2026-04-14T21:40:05.583+01:00 DEBUG 10256 --- [gestionUser] [nio-8081-exec-7] o.s.web.servlet.DispatcherServlet        : GET "/api/reservations", parameters={}
2026-04-14T21:40:05.586+01:00 DEBUG 10256 --- [gestionUser] [nio-8081-exec-1] o.s.security.web.FilterChainProxy        : Secured GET /api/transports
2026-04-14T21:40:05.588+01:00 DEBUG 10256 --- [gestionUser] [nio-8081-exec-7] s.w.s.m.m.a.RequestMappingHandlerMapping : Mapped to tn.esprit.spring.baladna.transport.controller.ReservationController#getAllReservations()
2026-04-14T21:40:05.588+01:00 DEBUG 10256 --- [gestionUser] [nio-8081-exec-1] o.s.web.servlet.DispatcherServlet        : GET "/api/transports", parameters={}
2026-04-14T21:40:05.592+01:00 DEBUG 10256 --- [gestionUser] [nio-8081-exec-1] s.w.s.m.m.a.RequestMappingHandlerMapping : Mapped to tn.esprit.spring.baladna.transport.controller.TransportController#getAllTransports()
2026-04-14T21:40:05.592+01:00 DEBUG 10256 --- [gestionUser] [nio-8081-exec-5] org.hibernate.SQL                        : select s1_0.id,s1_0.city,s1_0.downtown,s1_0.latitude,s1_0.longitude,s1_0.name,s1_0.surcharge from stations s1_0 where s1_0.id=?
Hibernate: select s1_0.id,s1_0.city,s1_0.downtown,s1_0.latitude,s1_0.longitude,s1_0.name,s1_0.surcharge from stations s1_0 where s1_0.id=?
2026-04-14T21:40:05.597+01:00 DEBUG 10256 --- [gestionUser] [nio-8081-exec-7] org.hibernate.SQL                        : select r1_0.id,r1_0.boarding_point,r1_0.reservation_date,r1_0.reserved_seats,r1_0.status,r1_0.total_price,r1_0.transport_id,r1_0.user_id from reservations r1_0
Hibernate: select r1_0.id,r1_0.boarding_point,r1_0.reservation_date,r1_0.reserved_seats,r1_0.status,r1_0.total_price,r1_0.transport_id,r1_0.user_id from reservations r1_0
2026-04-14T21:40:05.614+01:00 DEBUG 10256 --- [gestionUser] [nio-8081-exec-1] org.hibernate.SQL                        : select t1_0.id,t1_0.available_seats,t1_0.base_price,t1_0.departure_date,t1_0.departure_point,t1_0.status,t1_0.total_capacity,t1_0.traffic_jam,t1_0.trajet_id,t1_0.weather,t1_0.weather_source from transports t1_0
2026-04-14T21:40:05.614+01:00 DEBUG 10256 --- [gestionUser] [nio-8081-exec-5] org.hibernate.SQL                        : select s1_0.id,s1_0.city,s1_0.downtown,s1_0.latitude,s1_0.longitude,s1_0.name,s1_0.surcharge from stations s1_0 where s1_0.id=?
Hibernate: select t1_0.id,t1_0.available_seats,t1_0.base_price,t1_0.departure_date,t1_0.departure_point,t1_0.status,t1_0.total_capacity,t1_0.traffic_jam,t1_0.trajet_id,t1_0.weather,t1_0.weather_source from transports t1_0
Hibernate: select s1_0.id,s1_0.city,s1_0.downtown,s1_0.latitude,s1_0.longitude,s1_0.name,s1_0.surcharge from stations s1_0 where s1_0.id=?
2026-04-14T21:40:05.616+01:00 DEBUG 10256 --- [gestionUser] [nio-8081-exec-9] org.hibernate.SQL                        : select u1_0.id,u1_0.email,u1_0.first_name,u1_0.last_login,u1_0.last_name,u1_0.password,u1_0.preferred_language,u1_0.profile_photo,u1_0.role,u1_0.status from user u1_0 where u1_0.email=?
Hibernate: select u1_0.id,u1_0.email,u1_0.first_name,u1_0.last_login,u1_0.last_name,u1_0.password,u1_0.preferred_language,u1_0.profile_photo,u1_0.role,u1_0.status from user u1_0 where u1_0.email=?
2026-04-14T21:40:05.618+01:00 DEBUG 10256 --- [gestionUser] [nio-8081-exec-7] org.hibernate.SQL                        : select t1_0.id,t1_0.available_seats,t1_0.base_price,t1_0.departure_date,t1_0.departure_point,t1_0.status,t1_0.total_capacity,t1_0.traffic_jam,t1_0.trajet_id,t2_0.id,t2_0.arrival_station_id,as1_0.id,as1_0.city,as1_0.downtown,as1_0.latitude,as1_0.longitude,as1_0.name,as1_0.surcharge,t2_0.departure_station_id,ds1_0.id,ds1_0.city,ds1_0.downtown,ds1_0.latitude,ds1_0.longitude,ds1_0.name,ds1_0.surcharge,t2_0.distance_km,t2_0.estimated_duration_minutes,t2_0.price_per_km,t2_0.route_geo_json,t1_0.weather,t1_0.weather_source from transports t1_0 join trajets t2_0 on t2_0.id=t1_0.trajet_id join stations as1_0 on as1_0.id=t2_0.arrival_station_id join stations ds1_0 on ds1_0.id=t2_0.departure_station_id where t1_0.id=?
Hibernate: select t1_0.id,t1_0.available_seats,t1_0.base_price,t1_0.departure_date,t1_0.departure_point,t1_0.status,t1_0.total_capacity,t1_0.traffic_jam,t1_0.trajet_id,t2_0.id,t2_0.arrival_station_id,as1_0.id,as1_0.city,as1_0.downtown,as1_0.latitude,as1_0.longitude,as1_0.name,as1_0.surcharge,t2_0.departure_station_id,ds1_0.id,ds1_0.city,ds1_0.downtown,ds1_0.latitude,ds1_0.longitude,ds1_0.name,ds1_0.surcharge,t2_0.distance_km,t2_0.estimated_duration_minutes,t2_0.price_per_km,t2_0.route_geo_json,t1_0.weather,t1_0.weather_source from transports t1_0 join trajets t2_0 on t2_0.id=t1_0.trajet_id join stations as1_0 on as1_0.id=t2_0.arrival_station_id join stations ds1_0 on ds1_0.id=t2_0.departure_station_id where t1_0.id=?
2026-04-14T21:40:05.623+01:00 DEBUG 10256 --- [gestionUser] [nio-8081-exec-1] org.hibernate.SQL                        : select t1_0.id,t1_0.arrival_station_id,as1_0.id,as1_0.city,as1_0.downtown,as1_0.latitude,as1_0.longitude,as1_0.name,as1_0.surcharge,t1_0.departure_station_id,ds1_0.id,ds1_0.city,ds1_0.downtown,ds1_0.latitude,ds1_0.longitude,ds1_0.name,ds1_0.surcharge,t1_0.distance_km,t1_0.estimated_duration_minutes,t1_0.price_per_km,t1_0.route_geo_json from trajets t1_0 join stations as1_0 on as1_0.id=t1_0.arrival_station_id join stations ds1_0 on ds1_0.id=t1_0.departure_station_id where t1_0.id=?
2026-04-14T21:40:05.625+01:00 DEBUG 10256 --- [gestionUser] [io-8081-exec-10] m.m.a.RequestResponseBodyMethodProcessor : Using 'application/json', given [application/json, text/plain, */*] and supported [application/json, application/*+json, application/yaml]
Hibernate: select t1_0.id,t1_0.arrival_station_id,as1_0.id,as1_0.city,as1_0.downtown,as1_0.latitude,as1_0.longitude,as1_0.name,as1_0.surcharge,t1_0.departure_station_id,ds1_0.id,ds1_0.city,ds1_0.downtown,ds1_0.latitude,ds1_0.longitude,ds1_0.name,ds1_0.surcharge,t1_0.distance_km,t1_0.estimated_duration_minutes,t1_0.price_per_km,t1_0.route_geo_json from trajets t1_0 join stations as1_0 on as1_0.id=t1_0.arrival_station_id join stations ds1_0 on ds1_0.id=t1_0.departure_station_id where t1_0.id=?
2026-04-14T21:40:05.625+01:00 DEBUG 10256 --- [gestionUser] [nio-8081-exec-5] org.hibernate.SQL                        : select s1_0.id,s1_0.city,s1_0.downtown,s1_0.latitude,s1_0.longitude,s1_0.name,s1_0.surcharge from stations s1_0 where s1_0.id=?
Hibernate: select s1_0.id,s1_0.city,s1_0.downtown,s1_0.latitude,s1_0.longitude,s1_0.name,s1_0.surcharge from stations s1_0 where s1_0.id=?
2026-04-14T21:40:05.631+01:00 DEBUG 10256 --- [gestionUser] [io-8081-exec-10] m.m.a.RequestResponseBodyMethodProcessor : Writing [[StationDTO(id=5, name=Barcelone, city=kbeli, surcharge=3.0, downtown=true, latitude=0.0, longitude= (truncated)...]
2026-04-14T21:40:05.632+01:00 DEBUG 10256 --- [gestionUser] [nio-8081-exec-7] org.hibernate.SQL                        : select u1_0.id,u1_0.email,u1_0.first_name,u1_0.last_login,u1_0.last_name,u1_0.password,u1_0.preferred_language,u1_0.profile_photo,u1_0.role,u1_0.status from user u1_0 where u1_0.id=?
Hibernate: select u1_0.id,u1_0.email,u1_0.first_name,u1_0.last_login,u1_0.last_name,u1_0.password,u1_0.preferred_language,u1_0.profile_photo,u1_0.role,u1_0.status from user u1_0 where u1_0.id=?
2026-04-14T21:40:05.636+01:00 DEBUG 10256 --- [gestionUser] [nio-8081-exec-1] org.hibernate.SQL                        : select t1_0.id,t1_0.arrival_station_id,as1_0.id,as1_0.city,as1_0.downtown,as1_0.latitude,as1_0.longitude,as1_0.name,as1_0.surcharge,t1_0.departure_station_id,ds1_0.id,ds1_0.city,ds1_0.downtown,ds1_0.latitude,ds1_0.longitude,ds1_0.name,ds1_0.surcharge,t1_0.distance_km,t1_0.estimated_duration_minutes,t1_0.price_per_km,t1_0.route_geo_json from trajets t1_0 join stations as1_0 on as1_0.id=t1_0.arrival_station_id join stations ds1_0 on ds1_0.id=t1_0.departure_station_id where t1_0.id=?
Hibernate: select t1_0.id,t1_0.arrival_station_id,as1_0.id,as1_0.city,as1_0.downtown,as1_0.latitude,as1_0.longitude,as1_0.name,as1_0.surcharge,t1_0.departure_station_id,ds1_0.id,ds1_0.city,ds1_0.downtown,ds1_0.latitude,ds1_0.longitude,ds1_0.name,ds1_0.surcharge,t1_0.distance_km,t1_0.estimated_duration_minutes,t1_0.price_per_km,t1_0.route_geo_json from trajets t1_0 join stations as1_0 on as1_0.id=t1_0.arrival_station_id join stations ds1_0 on ds1_0.id=t1_0.departure_station_id where t1_0.id=?
2026-04-14T21:40:05.636+01:00 DEBUG 10256 --- [gestionUser] [nio-8081-exec-9] o.s.w.s.m.m.a.HttpEntityMethodProcessor  : Using 'application/json', given [application/json, text/plain, */*] and supported [application/json, application/*+json, application/yaml]
2026-04-14T21:40:05.636+01:00 DEBUG 10256 --- [gestionUser] [nio-8081-exec-5] org.hibernate.SQL                        : select s1_0.id,s1_0.city,s1_0.downtown,s1_0.latitude,s1_0.longitude,s1_0.name,s1_0.surcharge from stations s1_0 where s1_0.id=?
2026-04-14T21:40:05.640+01:00 DEBUG 10256 --- [gestionUser] [io-8081-exec-10] o.s.web.servlet.DispatcherServlet        : Completed 200 OK
Hibernate: select s1_0.id,s1_0.city,s1_0.downtown,s1_0.latitude,s1_0.longitude,s1_0.name,s1_0.surcharge from stations s1_0 where s1_0.id=?
2026-04-14T21:40:05.647+01:00 DEBUG 10256 --- [gestionUser] [nio-8081-exec-9] o.s.w.s.m.m.a.HttpEntityMethodProcessor  : Writing [tn.esprit.spring.baladna.user.entity.User@5038b6c3]
2026-04-14T21:40:05.651+01:00 DEBUG 10256 --- [gestionUser] [nio-8081-exec-7] org.hibernate.SQL                        : select t1_0.id,t1_0.available_seats,t1_0.base_price,t1_0.departure_date,t1_0.departure_point,t1_0.status,t1_0.total_capacity,t1_0.traffic_jam,t1_0.trajet_id,t2_0.id,t2_0.arrival_station_id,as1_0.id,as1_0.city,as1_0.downtown,as1_0.latitude,as1_0.longitude,as1_0.name,as1_0.surcharge,t2_0.departure_station_id,ds1_0.id,ds1_0.city,ds1_0.downtown,ds1_0.latitude,ds1_0.longitude,ds1_0.name,ds1_0.surcharge,t2_0.distance_km,t2_0.estimated_duration_minutes,t2_0.price_per_km,t2_0.route_geo_json,t1_0.weather,t1_0.weather_source from transports t1_0 join trajets t2_0 on t2_0.id=t1_0.trajet_id join stations as1_0 on as1_0.id=t2_0.arrival_station_id join stations ds1_0 on ds1_0.id=t2_0.departure_station_id where t1_0.id=?
Hibernate: select t1_0.id,t1_0.available_seats,t1_0.base_price,t1_0.departure_date,t1_0.departure_point,t1_0.status,t1_0.total_capacity,t1_0.traffic_jam,t1_0.trajet_id,t2_0.id,t2_0.arrival_station_id,as1_0.id,as1_0.city,as1_0.downtown,as1_0.latitude,as1_0.longitude,as1_0.name,as1_0.surcharge,t2_0.departure_station_id,ds1_0.id,ds1_0.city,ds1_0.downtown,ds1_0.latitude,ds1_0.longitude,ds1_0.name,ds1_0.surcharge,t2_0.distance_km,t2_0.estimated_duration_minutes,t2_0.price_per_km,t2_0.route_geo_json,t1_0.weather,t1_0.weather_source from transports t1_0 join trajets t2_0 on t2_0.id=t1_0.trajet_id join stations as1_0 on as1_0.id=t2_0.arrival_station_id join stations ds1_0 on ds1_0.id=t2_0.departure_station_id where t1_0.id=?
2026-04-14T21:40:05.651+01:00 DEBUG 10256 --- [gestionUser] [nio-8081-exec-1] org.hibernate.SQL                        : select t1_0.id,t1_0.arrival_station_id,as1_0.id,as1_0.city,as1_0.downtown,as1_0.latitude,as1_0.longitude,as1_0.name,as1_0.surcharge,t1_0.departure_station_id,ds1_0.id,ds1_0.city,ds1_0.downtown,ds1_0.latitude,ds1_0.longitude,ds1_0.name,ds1_0.surcharge,t1_0.distance_km,t1_0.estimated_duration_minutes,t1_0.price_per_km,t1_0.route_geo_json from trajets t1_0 join stations as1_0 on as1_0.id=t1_0.arrival_station_id join stations ds1_0 on ds1_0.id=t1_0.departure_station_id where t1_0.id=?
Hibernate: select t1_0.id,t1_0.arrival_station_id,as1_0.id,as1_0.city,as1_0.downtown,as1_0.latitude,as1_0.longitude,as1_0.name,as1_0.surcharge,t1_0.departure_station_id,ds1_0.id,ds1_0.city,ds1_0.downtown,ds1_0.latitude,ds1_0.longitude,ds1_0.name,ds1_0.surcharge,t1_0.distance_km,t1_0.estimated_duration_minutes,t1_0.price_per_km,t1_0.route_geo_json from trajets t1_0 join stations as1_0 on as1_0.id=t1_0.arrival_station_id join stations ds1_0 on ds1_0.id=t1_0.departure_station_id where t1_0.id=?
2026-04-14T21:40:05.655+01:00 DEBUG 10256 --- [gestionUser] [nio-8081-exec-5] org.hibernate.SQL                        : select s1_0.id,s1_0.city,s1_0.downtown,s1_0.latitude,s1_0.longitude,s1_0.name,s1_0.surcharge from stations s1_0 where s1_0.id=?
Hibernate: select s1_0.id,s1_0.city,s1_0.downtown,s1_0.latitude,s1_0.longitude,s1_0.name,s1_0.surcharge from stations s1_0 where s1_0.id=?
2026-04-14T21:40:05.660+01:00 DEBUG 10256 --- [gestionUser] [nio-8081-exec-7] org.hibernate.SQL                        : select t1_0.id,t1_0.available_seats,t1_0.base_price,t1_0.departure_date,t1_0.departure_point,t1_0.status,t1_0.total_capacity,t1_0.traffic_jam,t1_0.trajet_id,t2_0.id,t2_0.arrival_station_id,as1_0.id,as1_0.city,as1_0.downtown,as1_0.latitude,as1_0.longitude,as1_0.name,as1_0.surcharge,t2_0.departure_station_id,ds1_0.id,ds1_0.city,ds1_0.downtown,ds1_0.latitude,ds1_0.longitude,ds1_0.name,ds1_0.surcharge,t2_0.distance_km,t2_0.estimated_duration_minutes,t2_0.price_per_km,t2_0.route_geo_json,t1_0.weather,t1_0.weather_source from transports t1_0 join trajets t2_0 on t2_0.id=t1_0.trajet_id join stations as1_0 on as1_0.id=t2_0.arrival_station_id join stations ds1_0 on ds1_0.id=t2_0.departure_station_id where t1_0.id=?
2026-04-14T21:40:05.662+01:00 DEBUG 10256 --- [gestionUser] [nio-8081-exec-1] org.hibernate.SQL                        : select t1_0.id,t1_0.arrival_station_id,as1_0.id,as1_0.city,as1_0.downtown,as1_0.latitude,as1_0.longitude,as1_0.name,as1_0.surcharge,t1_0.departure_station_id,ds1_0.id,ds1_0.city,ds1_0.downtown,ds1_0.latitude,ds1_0.longitude,ds1_0.name,ds1_0.surcharge,t1_0.distance_km,t1_0.estimated_duration_minutes,t1_0.price_per_km,t1_0.route_geo_json from trajets t1_0 join stations as1_0 on as1_0.id=t1_0.arrival_station_id join stations ds1_0 on ds1_0.id=t1_0.departure_station_id where t1_0.id=?
2026-04-14T21:40:05.664+01:00 DEBUG 10256 --- [gestionUser] [nio-8081-exec-5] org.hibernate.SQL                        : select s1_0.id,s1_0.city,s1_0.downtown,s1_0.latitude,s1_0.longitude,s1_0.name,s1_0.surcharge from stations s1_0 where s1_0.id=?
Hibernate: select t1_0.id,t1_0.available_seats,t1_0.base_price,t1_0.departure_date,t1_0.departure_point,t1_0.status,t1_0.total_capacity,t1_0.traffic_jam,t1_0.trajet_id,t2_0.id,t2_0.arrival_station_id,as1_0.id,as1_0.city,as1_0.downtown,as1_0.latitude,as1_0.longitude,as1_0.name,as1_0.surcharge,t2_0.departure_station_id,ds1_0.id,ds1_0.city,ds1_0.downtown,ds1_0.latitude,ds1_0.longitude,ds1_0.name,ds1_0.surcharge,t2_0.distance_km,t2_0.estimated_duration_minutes,t2_0.price_per_km,t2_0.route_geo_json,t1_0.weather,t1_0.weather_source from transports t1_0 join trajets t2_0 on t2_0.id=t1_0.trajet_id join stations as1_0 on as1_0.id=t2_0.arrival_station_id join stations ds1_0 on ds1_0.id=t2_0.departure_station_id where t1_0.id=?
Hibernate: select t1_0.id,t1_0.arrival_station_id,as1_0.id,as1_0.city,as1_0.downtown,as1_0.latitude,as1_0.longitude,as1_0.name,as1_0.surcharge,t1_0.departure_station_id,ds1_0.id,ds1_0.city,ds1_0.downtown,ds1_0.latitude,ds1_0.longitude,ds1_0.name,ds1_0.surcharge,t1_0.distance_km,t1_0.estimated_duration_minutes,t1_0.price_per_km,t1_0.route_geo_json from trajets t1_0 join stations as1_0 on as1_0.id=t1_0.arrival_station_id join stations ds1_0 on ds1_0.id=t1_0.departure_station_id where t1_0.id=?
Hibernate: select s1_0.id,s1_0.city,s1_0.downtown,s1_0.latitude,s1_0.longitude,s1_0.name,s1_0.surcharge from stations s1_0 where s1_0.id=?
2026-04-14T21:40:05.669+01:00 DEBUG 10256 --- [gestionUser] [nio-8081-exec-9] o.s.web.servlet.DispatcherServlet        : Completed 200 OK
2026-04-14T21:40:05.672+01:00 DEBUG 10256 --- [gestionUser] [nio-8081-exec-5] org.hibernate.SQL                        : select s1_0.id,s1_0.city,s1_0.downtown,s1_0.latitude,s1_0.longitude,s1_0.name,s1_0.surcharge from stations s1_0 where s1_0.id=?
Hibernate: select s1_0.id,s1_0.city,s1_0.downtown,s1_0.latitude,s1_0.longitude,s1_0.name,s1_0.surcharge from stations s1_0 where s1_0.id=?
2026-04-14T21:40:05.674+01:00 DEBUG 10256 --- [gestionUser] [nio-8081-exec-1] org.hibernate.SQL                        : select t1_0.id,t1_0.arrival_station_id,as1_0.id,as1_0.city,as1_0.downtown,as1_0.latitude,as1_0.longitude,as1_0.name,as1_0.surcharge,t1_0.departure_station_id,ds1_0.id,ds1_0.city,ds1_0.downtown,ds1_0.latitude,ds1_0.longitude,ds1_0.name,ds1_0.surcharge,t1_0.distance_km,t1_0.estimated_duration_minutes,t1_0.price_per_km,t1_0.route_geo_json from trajets t1_0 join stations as1_0 on as1_0.id=t1_0.arrival_station_id join stations ds1_0 on ds1_0.id=t1_0.departure_station_id where t1_0.id=?
Hibernate: select t1_0.id,t1_0.arrival_station_id,as1_0.id,as1_0.city,as1_0.downtown,as1_0.latitude,as1_0.longitude,as1_0.name,as1_0.surcharge,t1_0.departure_station_id,ds1_0.id,ds1_0.city,ds1_0.downtown,ds1_0.latitude,ds1_0.longitude,ds1_0.name,ds1_0.surcharge,t1_0.distance_km,t1_0.estimated_duration_minutes,t1_0.price_per_km,t1_0.route_geo_json from trajets t1_0 join stations as1_0 on as1_0.id=t1_0.arrival_station_id join stations ds1_0 on ds1_0.id=t1_0.departure_station_id where t1_0.id=?
2026-04-14T21:40:05.677+01:00 DEBUG 10256 --- [gestionUser] [nio-8081-exec-7] org.hibernate.SQL                        : select t1_0.id,t1_0.available_seats,t1_0.base_price,t1_0.departure_date,t1_0.departure_point,t1_0.status,t1_0.total_capacity,t1_0.traffic_jam,t1_0.trajet_id,t2_0.id,t2_0.arrival_station_id,as1_0.id,as1_0.city,as1_0.downtown,as1_0.latitude,as1_0.longitude,as1_0.name,as1_0.surcharge,t2_0.departure_station_id,ds1_0.id,ds1_0.city,ds1_0.downtown,ds1_0.latitude,ds1_0.longitude,ds1_0.name,ds1_0.surcharge,t2_0.distance_km,t2_0.estimated_duration_minutes,t2_0.price_per_km,t2_0.route_geo_json,t1_0.weather,t1_0.weather_source from transports t1_0 join trajets t2_0 on t2_0.id=t1_0.trajet_id join stations as1_0 on as1_0.id=t2_0.arrival_station_id join stations ds1_0 on ds1_0.id=t2_0.departure_station_id where t1_0.id=?
Hibernate: select t1_0.id,t1_0.available_seats,t1_0.base_price,t1_0.departure_date,t1_0.departure_point,t1_0.status,t1_0.total_capacity,t1_0.traffic_jam,t1_0.trajet_id,t2_0.id,t2_0.arrival_station_id,as1_0.id,as1_0.city,as1_0.downtown,as1_0.latitude,as1_0.longitude,as1_0.name,as1_0.surcharge,t2_0.departure_station_id,ds1_0.id,ds1_0.city,ds1_0.downtown,ds1_0.latitude,ds1_0.longitude,ds1_0.name,ds1_0.surcharge,t2_0.distance_km,t2_0.estimated_duration_minutes,t2_0.price_per_km,t2_0.route_geo_json,t1_0.weather,t1_0.weather_source from transports t1_0 join trajets t2_0 on t2_0.id=t1_0.trajet_id join stations as1_0 on as1_0.id=t2_0.arrival_station_id join stations ds1_0 on ds1_0.id=t2_0.departure_station_id where t1_0.id=?
2026-04-14T21:40:05.678+01:00 DEBUG 10256 --- [gestionUser] [nio-8081-exec-5] org.hibernate.SQL                        : select s1_0.id,s1_0.city,s1_0.downtown,s1_0.latitude,s1_0.longitude,s1_0.name,s1_0.surcharge from stations s1_0 where s1_0.id=?
Hibernate: select s1_0.id,s1_0.city,s1_0.downtown,s1_0.latitude,s1_0.longitude,s1_0.name,s1_0.surcharge from stations s1_0 where s1_0.id=?
2026-04-14T21:40:05.687+01:00 DEBUG 10256 --- [gestionUser] [nio-8081-exec-7] org.hibernate.SQL                        : select u1_0.id,u1_0.email,u1_0.first_name,u1_0.last_login,u1_0.last_name,u1_0.password,u1_0.preferred_language,u1_0.profile_photo,u1_0.role,u1_0.status from user u1_0 where u1_0.id=?
Hibernate: select u1_0.id,u1_0.email,u1_0.first_name,u1_0.last_login,u1_0.last_name,u1_0.password,u1_0.preferred_language,u1_0.profile_photo,u1_0.role,u1_0.status from user u1_0 where u1_0.id=?
2026-04-14T21:40:05.687+01:00 DEBUG 10256 --- [gestionUser] [nio-8081-exec-5] org.hibernate.SQL                        : select s1_0.id,s1_0.city,s1_0.downtown,s1_0.latitude,s1_0.longitude,s1_0.name,s1_0.surcharge from stations s1_0 where s1_0.id=?
Hibernate: select s1_0.id,s1_0.city,s1_0.downtown,s1_0.latitude,s1_0.longitude,s1_0.name,s1_0.surcharge from stations s1_0 where s1_0.id=?
2026-04-14T21:40:05.687+01:00 DEBUG 10256 --- [gestionUser] [nio-8081-exec-1] org.hibernate.SQL                        : select t1_0.id,t1_0.arrival_station_id,as1_0.id,as1_0.city,as1_0.downtown,as1_0.latitude,as1_0.longitude,as1_0.name,as1_0.surcharge,t1_0.departure_station_id,ds1_0.id,ds1_0.city,ds1_0.downtown,ds1_0.latitude,ds1_0.longitude,ds1_0.name,ds1_0.surcharge,t1_0.distance_km,t1_0.estimated_duration_minutes,t1_0.price_per_km,t1_0.route_geo_json from trajets t1_0 join stations as1_0 on as1_0.id=t1_0.arrival_station_id join stations ds1_0 on ds1_0.id=t1_0.departure_station_id where t1_0.id=?
Hibernate: select t1_0.id,t1_0.arrival_station_id,as1_0.id,as1_0.city,as1_0.downtown,as1_0.latitude,as1_0.longitude,as1_0.name,as1_0.surcharge,t1_0.departure_station_id,ds1_0.id,ds1_0.city,ds1_0.downtown,ds1_0.latitude,ds1_0.longitude,ds1_0.name,ds1_0.surcharge,t1_0.distance_km,t1_0.estimated_duration_minutes,t1_0.price_per_km,t1_0.route_geo_json from trajets t1_0 join stations as1_0 on as1_0.id=t1_0.arrival_station_id join stations ds1_0 on ds1_0.id=t1_0.departure_station_id where t1_0.id=?
2026-04-14T21:40:05.694+01:00 DEBUG 10256 --- [gestionUser] [nio-8081-exec-5] org.hibernate.SQL                        : select s1_0.id,s1_0.city,s1_0.downtown,s1_0.latitude,s1_0.longitude,s1_0.name,s1_0.surcharge from stations s1_0 where s1_0.id=?
Hibernate: select s1_0.id,s1_0.city,s1_0.downtown,s1_0.latitude,s1_0.longitude,s1_0.name,s1_0.surcharge from stations s1_0 where s1_0.id=?
2026-04-14T21:40:05.694+01:00 DEBUG 10256 --- [gestionUser] [nio-8081-exec-7] org.hibernate.SQL                        : select t1_0.id,t1_0.available_seats,t1_0.base_price,t1_0.departure_date,t1_0.departure_point,t1_0.status,t1_0.total_capacity,t1_0.traffic_jam,t1_0.trajet_id,t2_0.id,t2_0.arrival_station_id,as1_0.id,as1_0.city,as1_0.downtown,as1_0.latitude,as1_0.longitude,as1_0.name,as1_0.surcharge,t2_0.departure_station_id,ds1_0.id,ds1_0.city,ds1_0.downtown,ds1_0.latitude,ds1_0.longitude,ds1_0.name,ds1_0.surcharge,t2_0.distance_km,t2_0.estimated_duration_minutes,t2_0.price_per_km,t2_0.route_geo_json,t1_0.weather,t1_0.weather_source from transports t1_0 join trajets t2_0 on t2_0.id=t1_0.trajet_id join stations as1_0 on as1_0.id=t2_0.arrival_station_id join stations ds1_0 on ds1_0.id=t2_0.departure_station_id where t1_0.id=?
Hibernate: select t1_0.id,t1_0.available_seats,t1_0.base_price,t1_0.departure_date,t1_0.departure_point,t1_0.status,t1_0.total_capacity,t1_0.traffic_jam,t1_0.trajet_id,t2_0.id,t2_0.arrival_station_id,as1_0.id,as1_0.city,as1_0.downtown,as1_0.latitude,as1_0.longitude,as1_0.name,as1_0.surcharge,t2_0.departure_station_id,ds1_0.id,ds1_0.city,ds1_0.downtown,ds1_0.latitude,ds1_0.longitude,ds1_0.name,ds1_0.surcharge,t2_0.distance_km,t2_0.estimated_duration_minutes,t2_0.price_per_km,t2_0.route_geo_json,t1_0.weather,t1_0.weather_source from transports t1_0 join trajets t2_0 on t2_0.id=t1_0.trajet_id join stations as1_0 on as1_0.id=t2_0.arrival_station_id join stations ds1_0 on ds1_0.id=t2_0.departure_station_id where t1_0.id=?
2026-04-14T21:40:05.697+01:00 DEBUG 10256 --- [gestionUser] [nio-8081-exec-1] org.hibernate.SQL                        : select t1_0.id,t1_0.arrival_station_id,as1_0.id,as1_0.city,as1_0.downtown,as1_0.latitude,as1_0.longitude,as1_0.name,as1_0.surcharge,t1_0.departure_station_id,ds1_0.id,ds1_0.city,ds1_0.downtown,ds1_0.latitude,ds1_0.longitude,ds1_0.name,ds1_0.surcharge,t1_0.distance_km,t1_0.estimated_duration_minutes,t1_0.price_per_km,t1_0.route_geo_json from trajets t1_0 join stations as1_0 on as1_0.id=t1_0.arrival_station_id join stations ds1_0 on ds1_0.id=t1_0.departure_station_id where t1_0.id=?
Hibernate: select t1_0.id,t1_0.arrival_station_id,as1_0.id,as1_0.city,as1_0.downtown,as1_0.latitude,as1_0.longitude,as1_0.name,as1_0.surcharge,t1_0.departure_station_id,ds1_0.id,ds1_0.city,ds1_0.downtown,ds1_0.latitude,ds1_0.longitude,ds1_0.name,ds1_0.surcharge,t1_0.distance_km,t1_0.estimated_duration_minutes,t1_0.price_per_km,t1_0.route_geo_json from trajets t1_0 join stations as1_0 on as1_0.id=t1_0.arrival_station_id join stations ds1_0 on ds1_0.id=t1_0.departure_station_id where t1_0.id=?
2026-04-14T21:40:05.697+01:00 DEBUG 10256 --- [gestionUser] [nio-8081-exec-5] org.hibernate.SQL                        : select s1_0.id,s1_0.city,s1_0.downtown,s1_0.latitude,s1_0.longitude,s1_0.name,s1_0.surcharge from stations s1_0 where s1_0.id=?
Hibernate: select s1_0.id,s1_0.city,s1_0.downtown,s1_0.latitude,s1_0.longitude,s1_0.name,s1_0.surcharge from stations s1_0 where s1_0.id=?
2026-04-14T21:40:05.697+01:00 DEBUG 10256 --- [gestionUser] [nio-8081-exec-7] org.hibernate.SQL                        : select t1_0.id,t1_0.available_seats,t1_0.base_price,t1_0.departure_date,t1_0.departure_point,t1_0.status,t1_0.total_capacity,t1_0.traffic_jam,t1_0.trajet_id,t2_0.id,t2_0.arrival_station_id,as1_0.id,as1_0.city,as1_0.downtown,as1_0.latitude,as1_0.longitude,as1_0.name,as1_0.surcharge,t2_0.departure_station_id,ds1_0.id,ds1_0.city,ds1_0.downtown,ds1_0.latitude,ds1_0.longitude,ds1_0.name,ds1_0.surcharge,t2_0.distance_km,t2_0.estimated_duration_minutes,t2_0.price_per_km,t2_0.route_geo_json,t1_0.weather,t1_0.weather_source from transports t1_0 join trajets t2_0 on t2_0.id=t1_0.trajet_id join stations as1_0 on as1_0.id=t2_0.arrival_station_id join stations ds1_0 on ds1_0.id=t2_0.departure_station_id where t1_0.id=?
Hibernate: select t1_0.id,t1_0.available_seats,t1_0.base_price,t1_0.departure_date,t1_0.departure_point,t1_0.status,t1_0.total_capacity,t1_0.traffic_jam,t1_0.trajet_id,t2_0.id,t2_0.arrival_station_id,as1_0.id,as1_0.city,as1_0.downtown,as1_0.latitude,as1_0.longitude,as1_0.name,as1_0.surcharge,t2_0.departure_station_id,ds1_0.id,ds1_0.city,ds1_0.downtown,ds1_0.latitude,ds1_0.longitude,ds1_0.name,ds1_0.surcharge,t2_0.distance_km,t2_0.estimated_duration_minutes,t2_0.price_per_km,t2_0.route_geo_json,t1_0.weather,t1_0.weather_source from transports t1_0 join trajets t2_0 on t2_0.id=t1_0.trajet_id join stations as1_0 on as1_0.id=t2_0.arrival_station_id join stations ds1_0 on ds1_0.id=t2_0.departure_station_id where t1_0.id=?
2026-04-14T21:40:05.703+01:00 DEBUG 10256 --- [gestionUser] [nio-8081-exec-1] org.hibernate.SQL                        : select t1_0.id,t1_0.arrival_station_id,as1_0.id,as1_0.city,as1_0.downtown,as1_0.latitude,as1_0.longitude,as1_0.name,as1_0.surcharge,t1_0.departure_station_id,ds1_0.id,ds1_0.city,ds1_0.downtown,ds1_0.latitude,ds1_0.longitude,ds1_0.name,ds1_0.surcharge,t1_0.distance_km,t1_0.estimated_duration_minutes,t1_0.price_per_km,t1_0.route_geo_json from trajets t1_0 join stations as1_0 on as1_0.id=t1_0.arrival_station_id join stations ds1_0 on ds1_0.id=t1_0.departure_station_id where t1_0.id=?
Hibernate: select t1_0.id,t1_0.arrival_station_id,as1_0.id,as1_0.city,as1_0.downtown,as1_0.latitude,as1_0.longitude,as1_0.name,as1_0.surcharge,t1_0.departure_station_id,ds1_0.id,ds1_0.city,ds1_0.downtown,ds1_0.latitude,ds1_0.longitude,ds1_0.name,ds1_0.surcharge,t1_0.distance_km,t1_0.estimated_duration_minutes,t1_0.price_per_km,t1_0.route_geo_json from trajets t1_0 join stations as1_0 on as1_0.id=t1_0.arrival_station_id join stations ds1_0 on ds1_0.id=t1_0.departure_station_id where t1_0.id=?
2026-04-14T21:40:05.703+01:00 DEBUG 10256 --- [gestionUser] [nio-8081-exec-5] org.hibernate.SQL                        : select s1_0.id,s1_0.city,s1_0.downtown,s1_0.latitude,s1_0.longitude,s1_0.name,s1_0.surcharge from stations s1_0 where s1_0.id=?
Hibernate: select s1_0.id,s1_0.city,s1_0.downtown,s1_0.latitude,s1_0.longitude,s1_0.name,s1_0.surcharge from stations s1_0 where s1_0.id=?
2026-04-14T21:40:05.707+01:00 DEBUG 10256 --- [gestionUser] [nio-8081-exec-7] org.hibernate.SQL                        : select t1_0.id,t1_0.available_seats,t1_0.base_price,t1_0.departure_date,t1_0.departure_point,t1_0.status,t1_0.total_capacity,t1_0.traffic_jam,t1_0.trajet_id,t2_0.id,t2_0.arrival_station_id,as1_0.id,as1_0.city,as1_0.downtown,as1_0.latitude,as1_0.longitude,as1_0.name,as1_0.surcharge,t2_0.departure_station_id,ds1_0.id,ds1_0.city,ds1_0.downtown,ds1_0.latitude,ds1_0.longitude,ds1_0.name,ds1_0.surcharge,t2_0.distance_km,t2_0.estimated_duration_minutes,t2_0.price_per_km,t2_0.route_geo_json,t1_0.weather,t1_0.weather_source from transports t1_0 join trajets t2_0 on t2_0.id=t1_0.trajet_id join stations as1_0 on as1_0.id=t2_0.arrival_station_id join stations ds1_0 on ds1_0.id=t2_0.departure_station_id where t1_0.id=?
Hibernate: select t1_0.id,t1_0.available_seats,t1_0.base_price,t1_0.departure_date,t1_0.departure_point,t1_0.status,t1_0.total_capacity,t1_0.traffic_jam,t1_0.trajet_id,t2_0.id,t2_0.arrival_station_id,as1_0.id,as1_0.city,as1_0.downtown,as1_0.latitude,as1_0.longitude,as1_0.name,as1_0.surcharge,t2_0.departure_station_id,ds1_0.id,ds1_0.city,ds1_0.downtown,ds1_0.latitude,ds1_0.longitude,ds1_0.name,ds1_0.surcharge,t2_0.distance_km,t2_0.estimated_duration_minutes,t2_0.price_per_km,t2_0.route_geo_json,t1_0.weather,t1_0.weather_source from transports t1_0 join trajets t2_0 on t2_0.id=t1_0.trajet_id join stations as1_0 on as1_0.id=t2_0.arrival_station_id join stations ds1_0 on ds1_0.id=t2_0.departure_station_id where t1_0.id=?
2026-04-14T21:40:05.707+01:00 DEBUG 10256 --- [gestionUser] [nio-8081-exec-5] org.hibernate.SQL                        : select s1_0.id,s1_0.city,s1_0.downtown,s1_0.latitude,s1_0.longitude,s1_0.name,s1_0.surcharge from stations s1_0 where s1_0.id=?
2026-04-14T21:40:05.709+01:00 DEBUG 10256 --- [gestionUser] [nio-8081-exec-1] org.hibernate.SQL                        : select t1_0.id,t1_0.arrival_station_id,as1_0.id,as1_0.city,as1_0.downtown,as1_0.latitude,as1_0.longitude,as1_0.name,as1_0.surcharge,t1_0.departure_station_id,ds1_0.id,ds1_0.city,ds1_0.downtown,ds1_0.latitude,ds1_0.longitude,ds1_0.name,ds1_0.surcharge,t1_0.distance_km,t1_0.estimated_duration_minutes,t1_0.price_per_km,t1_0.route_geo_json from trajets t1_0 join stations as1_0 on as1_0.id=t1_0.arrival_station_id join stations ds1_0 on ds1_0.id=t1_0.departure_station_id where t1_0.id=?
Hibernate: select s1_0.id,s1_0.city,s1_0.downtown,s1_0.latitude,s1_0.longitude,s1_0.name,s1_0.surcharge from stations s1_0 where s1_0.id=?
Hibernate: select t1_0.id,t1_0.arrival_station_id,as1_0.id,as1_0.city,as1_0.downtown,as1_0.latitude,as1_0.longitude,as1_0.name,as1_0.surcharge,t1_0.departure_station_id,ds1_0.id,ds1_0.city,ds1_0.downtown,ds1_0.latitude,ds1_0.longitude,ds1_0.name,ds1_0.surcharge,t1_0.distance_km,t1_0.estimated_duration_minutes,t1_0.price_per_km,t1_0.route_geo_json from trajets t1_0 join stations as1_0 on as1_0.id=t1_0.arrival_station_id join stations ds1_0 on ds1_0.id=t1_0.departure_station_id where t1_0.id=?
2026-04-14T21:40:05.715+01:00 DEBUG 10256 --- [gestionUser] [nio-8081-exec-5] org.hibernate.SQL                        : select s1_0.id,s1_0.city,s1_0.downtown,s1_0.latitude,s1_0.longitude,s1_0.name,s1_0.surcharge from stations s1_0 where s1_0.id=?
Hibernate: select s1_0.id,s1_0.city,s1_0.downtown,s1_0.latitude,s1_0.longitude,s1_0.name,s1_0.surcharge from stations s1_0 where s1_0.id=?
2026-04-14T21:40:05.715+01:00 DEBUG 10256 --- [gestionUser] [nio-8081-exec-7] org.hibernate.SQL                        : select u1_0.id,u1_0.email,u1_0.first_name,u1_0.last_login,u1_0.last_name,u1_0.password,u1_0.preferred_language,u1_0.profile_photo,u1_0.role,u1_0.status from user u1_0 where u1_0.id=?
Hibernate: select u1_0.id,u1_0.email,u1_0.first_name,u1_0.last_login,u1_0.last_name,u1_0.password,u1_0.preferred_language,u1_0.profile_photo,u1_0.role,u1_0.status from user u1_0 where u1_0.id=?
2026-04-14T21:40:05.715+01:00 DEBUG 10256 --- [gestionUser] [nio-8081-exec-1] org.hibernate.SQL                        : select t1_0.id,t1_0.arrival_station_id,as1_0.id,as1_0.city,as1_0.downtown,as1_0.latitude,as1_0.longitude,as1_0.name,as1_0.surcharge,t1_0.departure_station_id,ds1_0.id,ds1_0.city,ds1_0.downtown,ds1_0.latitude,ds1_0.longitude,ds1_0.name,ds1_0.surcharge,t1_0.distance_km,t1_0.estimated_duration_minutes,t1_0.price_per_km,t1_0.route_geo_json from trajets t1_0 join stations as1_0 on as1_0.id=t1_0.arrival_station_id join stations ds1_0 on ds1_0.id=t1_0.departure_station_id where t1_0.id=?
Hibernate: select t1_0.id,t1_0.arrival_station_id,as1_0.id,as1_0.city,as1_0.downtown,as1_0.latitude,as1_0.longitude,as1_0.name,as1_0.surcharge,t1_0.departure_station_id,ds1_0.id,ds1_0.city,ds1_0.downtown,ds1_0.latitude,ds1_0.longitude,ds1_0.name,ds1_0.surcharge,t1_0.distance_km,t1_0.estimated_duration_minutes,t1_0.price_per_km,t1_0.route_geo_json from trajets t1_0 join stations as1_0 on as1_0.id=t1_0.arrival_station_id join stations ds1_0 on ds1_0.id=t1_0.departure_station_id where t1_0.id=?
2026-04-14T21:40:05.719+01:00 DEBUG 10256 --- [gestionUser] [nio-8081-exec-5] org.hibernate.SQL                        : select s1_0.id,s1_0.city,s1_0.downtown,s1_0.latitude,s1_0.longitude,s1_0.name,s1_0.surcharge from stations s1_0 where s1_0.id=?
Hibernate: select s1_0.id,s1_0.city,s1_0.downtown,s1_0.latitude,s1_0.longitude,s1_0.name,s1_0.surcharge from stations s1_0 where s1_0.id=?
2026-04-14T21:40:05.722+01:00 DEBUG 10256 --- [gestionUser] [nio-8081-exec-7] org.hibernate.SQL                        : select t1_0.id,t1_0.available_seats,t1_0.base_price,t1_0.departure_date,t1_0.departure_point,t1_0.status,t1_0.total_capacity,t1_0.traffic_jam,t1_0.trajet_id,t2_0.id,t2_0.arrival_station_id,as1_0.id,as1_0.city,as1_0.downtown,as1_0.latitude,as1_0.longitude,as1_0.name,as1_0.surcharge,t2_0.departure_station_id,ds1_0.id,ds1_0.city,ds1_0.downtown,ds1_0.latitude,ds1_0.longitude,ds1_0.name,ds1_0.surcharge,t2_0.distance_km,t2_0.estimated_duration_minutes,t2_0.price_per_km,t2_0.route_geo_json,t1_0.weather,t1_0.weather_source from transports t1_0 join trajets t2_0 on t2_0.id=t1_0.trajet_id join stations as1_0 on as1_0.id=t2_0.arrival_station_id join stations ds1_0 on ds1_0.id=t2_0.departure_station_id where t1_0.id=?
2026-04-14T21:40:05.724+01:00 DEBUG 10256 --- [gestionUser] [nio-8081-exec-5] org.hibernate.SQL                        : select s1_0.id,s1_0.city,s1_0.downtown,s1_0.latitude,s1_0.longitude,s1_0.name,s1_0.surcharge from stations s1_0 where s1_0.id=?
Hibernate: select t1_0.id,t1_0.available_seats,t1_0.base_price,t1_0.departure_date,t1_0.departure_point,t1_0.status,t1_0.total_capacity,t1_0.traffic_jam,t1_0.trajet_id,t2_0.id,t2_0.arrival_station_id,as1_0.id,as1_0.city,as1_0.downtown,as1_0.latitude,as1_0.longitude,as1_0.name,as1_0.surcharge,t2_0.departure_station_id,ds1_0.id,ds1_0.city,ds1_0.downtown,ds1_0.latitude,ds1_0.longitude,ds1_0.name,ds1_0.surcharge,t2_0.distance_km,t2_0.estimated_duration_minutes,t2_0.price_per_km,t2_0.route_geo_json,t1_0.weather,t1_0.weather_source from transports t1_0 join trajets t2_0 on t2_0.id=t1_0.trajet_id join stations as1_0 on as1_0.id=t2_0.arrival_station_id join stations ds1_0 on ds1_0.id=t2_0.departure_station_id where t1_0.id=?
Hibernate: select s1_0.id,s1_0.city,s1_0.downtown,s1_0.latitude,s1_0.longitude,s1_0.name,s1_0.surcharge from stations s1_0 where s1_0.id=?
2026-04-14T21:40:05.726+01:00 DEBUG 10256 --- [gestionUser] [nio-8081-exec-1] m.m.a.RequestResponseBodyMethodProcessor : Using 'application/json', given [application/json, text/plain, */*] and supported [application/json, application/*+json, application/yaml]
2026-04-14T21:40:05.729+01:00 DEBUG 10256 --- [gestionUser] [nio-8081-exec-1] m.m.a.RequestResponseBodyMethodProcessor : Writing [[TransportDTO(id=3, departurePoint=Zied, departureDate=2026-04-22T21:53, realDepartureDate=2026-04-2 (truncated)...]
2026-04-14T21:40:05.735+01:00 DEBUG 10256 --- [gestionUser] [nio-8081-exec-5] m.m.a.RequestResponseBodyMethodProcessor : Using 'application/json', given [application/json, text/plain, */*] and supported [application/json, application/*+json, application/yaml]
2026-04-14T21:40:05.735+01:00 DEBUG 10256 --- [gestionUser] [nio-8081-exec-1] o.s.web.servlet.DispatcherServlet        : Completed 200 OK
2026-04-14T21:40:05.738+01:00 DEBUG 10256 --- [gestionUser] [nio-8081-exec-5] m.m.a.RequestResponseBodyMethodProcessor : Writing [[TrajetDTO(id=2, departureStationId=5, departureStationName=Barcelone, arrivalStationId=6, arrivalSt (truncated)...]
2026-04-14T21:40:05.745+01:00 DEBUG 10256 --- [gestionUser] [nio-8081-exec-7] m.m.a.RequestResponseBodyMethodProcessor : Using 'application/json', given [application/json, text/plain, */*] and supported [application/json, application/*+json, application/yaml]
2026-04-14T21:40:05.749+01:00 DEBUG 10256 --- [gestionUser] [nio-8081-exec-5] o.s.web.servlet.DispatcherServlet        : Completed 200 OK
2026-04-14T21:40:05.749+01:00 DEBUG 10256 --- [gestionUser] [nio-8081-exec-7] m.m.a.RequestResponseBodyMethodProcessor : Writing [[ReservationDTO(id=5, reservedSeats=2, totalPrice=48.0, pricePerSeat=24.0, reservationDate=2026-04-1 (truncated)...]
2026-04-14T21:40:05.761+01:00 DEBUG 10256 --- [gestionUser] [nio-8081-exec-7] o.s.web.servlet.DispatcherServlet        : Completed 200 OK
2026-04-14T21:40:08.646+01:00 DEBUG 10256 --- [gestionUser] [nio-8081-exec-3] o.s.security.web.FilterChainProxy        : Securing GET /api/stations
2026-04-14T21:40:08.646+01:00  INFO 10256 --- [gestionUser] [nio-8081-exec-3] t.e.s.baladna.user.security.JwtFilter    : Request to: /api/stations - Auth header: present
2026-04-14T21:40:08.649+01:00  INFO 10256 --- [gestionUser] [nio-8081-exec-3] t.e.s.baladna.user.security.JwtFilter    : Token extracted (length: 167)
2026-04-14T21:40:08.657+01:00  INFO 10256 --- [gestionUser] [nio-8081-exec-3] t.e.s.baladna.user.security.JwtFilter    : Email extracted from token: ahmedm12@gmail.com
2026-04-14T21:40:08.659+01:00 DEBUG 10256 --- [gestionUser] [nio-8081-exec-3] org.hibernate.SQL                        : select u1_0.id,u1_0.email,u1_0.first_name,u1_0.last_login,u1_0.last_name,u1_0.password,u1_0.preferred_language,u1_0.profile_photo,u1_0.role,u1_0.status from user u1_0 where u1_0.email=?
Hibernate: select u1_0.id,u1_0.email,u1_0.first_name,u1_0.last_login,u1_0.last_name,u1_0.password,u1_0.preferred_language,u1_0.profile_photo,u1_0.role,u1_0.status from user u1_0 where u1_0.email=?
2026-04-14T21:40:08.665+01:00  INFO 10256 --- [gestionUser] [nio-8081-exec-3] t.e.s.baladna.user.security.JwtFilter    : User found: ahmedm12@gmail.com with role: HOST
2026-04-14T21:40:08.666+01:00  INFO 10256 --- [gestionUser] [nio-8081-exec-3] t.e.s.baladna.user.security.JwtFilter    : Setting authentication with role: ROLE_HOST
2026-04-14T21:40:08.666+01:00  INFO 10256 --- [gestionUser] [nio-8081-exec-3] t.e.s.baladna.user.security.JwtFilter    : Authentication set successfully
2026-04-14T21:40:08.666+01:00 DEBUG 10256 --- [gestionUser] [nio-8081-exec-3] o.s.security.web.FilterChainProxy        : Secured GET /api/stations
2026-04-14T21:40:08.668+01:00 DEBUG 10256 --- [gestionUser] [nio-8081-exec-3] o.s.web.servlet.DispatcherServlet        : GET "/api/stations", parameters={}
2026-04-14T21:40:08.670+01:00 DEBUG 10256 --- [gestionUser] [nio-8081-exec-3] s.w.s.m.m.a.RequestMappingHandlerMapping : Mapped to tn.esprit.spring.baladna.transport.controller.StationController#getAllStations()
2026-04-14T21:40:08.674+01:00 DEBUG 10256 --- [gestionUser] [nio-8081-exec-3] org.hibernate.SQL                        : select s1_0.id,s1_0.city,s1_0.downtown,s1_0.latitude,s1_0.longitude,s1_0.name,s1_0.surcharge from stations s1_0
Hibernate: select s1_0.id,s1_0.city,s1_0.downtown,s1_0.latitude,s1_0.longitude,s1_0.name,s1_0.surcharge from stations s1_0
2026-04-14T21:40:08.686+01:00 DEBUG 10256 --- [gestionUser] [nio-8081-exec-3] m.m.a.RequestResponseBodyMethodProcessor : Using 'application/json', given [application/json, text/plain, */*] and supported [application/json, application/*+json, application/yaml]
2026-04-14T21:40:08.690+01:00 DEBUG 10256 --- [gestionUser] [nio-8081-exec-3] m.m.a.RequestResponseBodyMethodProcessor : Writing [[StationDTO(id=5, name=Barcelone, city=kbeli, surcharge=3.0, downtown=true, latitude=0.0, longitude= (truncated)...]
2026-04-14T21:40:08.700+01:00 DEBUG 10256 --- [gestionUser] [nio-8081-exec-3] o.s.web.servlet.DispatcherServlet        : Completed 200 OK
2026-04-14T21:40:14.766+01:00 DEBUG 10256 --- [gestionUser] [nio-8081-exec-2] o.s.security.web.FilterChainProxy        : Securing OPTIONS /api/stations
2026-04-14T21:40:14.768+01:00 DEBUG 10256 --- [gestionUser] [nio-8081-exec-4] o.s.security.web.FilterChainProxy        : Securing OPTIONS /api/trajets
2026-04-14T21:40:14.780+01:00 DEBUG 10256 --- [gestionUser] [nio-8081-exec-8] o.s.security.web.FilterChainProxy        : Securing GET /api/trajets
2026-04-14T21:40:14.780+01:00 DEBUG 10256 --- [gestionUser] [nio-8081-exec-6] o.s.security.web.FilterChainProxy        : Securing GET /api/stations
2026-04-14T21:40:14.781+01:00  INFO 10256 --- [gestionUser] [nio-8081-exec-8] t.e.s.baladna.user.security.JwtFilter    : Request to: /api/trajets - Auth header: present
2026-04-14T21:40:14.781+01:00  INFO 10256 --- [gestionUser] [nio-8081-exec-6] t.e.s.baladna.user.security.JwtFilter    : Request to: /api/stations - Auth header: present
2026-04-14T21:40:14.781+01:00  INFO 10256 --- [gestionUser] [nio-8081-exec-8] t.e.s.baladna.user.security.JwtFilter    : Token extracted (length: 167)
2026-04-14T21:40:14.783+01:00  INFO 10256 --- [gestionUser] [nio-8081-exec-6] t.e.s.baladna.user.security.JwtFilter    : Token extracted (length: 167)
2026-04-14T21:40:14.785+01:00  INFO 10256 --- [gestionUser] [nio-8081-exec-8] t.e.s.baladna.user.security.JwtFilter    : Email extracted from token: ahmedm12@gmail.com
2026-04-14T21:40:14.792+01:00 DEBUG 10256 --- [gestionUser] [nio-8081-exec-8] org.hibernate.SQL                        : select u1_0.id,u1_0.email,u1_0.first_name,u1_0.last_login,u1_0.last_name,u1_0.password,u1_0.preferred_language,u1_0.profile_photo,u1_0.role,u1_0.status from user u1_0 where u1_0.email=?
Hibernate: select u1_0.id,u1_0.email,u1_0.first_name,u1_0.last_login,u1_0.last_name,u1_0.password,u1_0.preferred_language,u1_0.profile_photo,u1_0.role,u1_0.status from user u1_0 where u1_0.email=?
2026-04-14T21:40:14.795+01:00  INFO 10256 --- [gestionUser] [nio-8081-exec-6] t.e.s.baladna.user.security.JwtFilter    : Email extracted from token: ahmedm12@gmail.com
2026-04-14T21:40:14.798+01:00 DEBUG 10256 --- [gestionUser] [nio-8081-exec-6] org.hibernate.SQL                        : select u1_0.id,u1_0.email,u1_0.first_name,u1_0.last_login,u1_0.last_name,u1_0.password,u1_0.preferred_language,u1_0.profile_photo,u1_0.role,u1_0.status from user u1_0 where u1_0.email=?
Hibernate: select u1_0.id,u1_0.email,u1_0.first_name,u1_0.last_login,u1_0.last_name,u1_0.password,u1_0.preferred_language,u1_0.profile_photo,u1_0.role,u1_0.status from user u1_0 where u1_0.email=?
2026-04-14T21:40:14.801+01:00  INFO 10256 --- [gestionUser] [nio-8081-exec-8] t.e.s.baladna.user.security.JwtFilter    : User found: ahmedm12@gmail.com with role: HOST
2026-04-14T21:40:14.801+01:00  INFO 10256 --- [gestionUser] [nio-8081-exec-8] t.e.s.baladna.user.security.JwtFilter    : Setting authentication with role: ROLE_HOST
2026-04-14T21:40:14.801+01:00  INFO 10256 --- [gestionUser] [nio-8081-exec-6] t.e.s.baladna.user.security.JwtFilter    : User found: ahmedm12@gmail.com with role: HOST
2026-04-14T21:40:14.801+01:00  INFO 10256 --- [gestionUser] [nio-8081-exec-8] t.e.s.baladna.user.security.JwtFilter    : Authentication set successfully
2026-04-14T21:40:14.801+01:00  INFO 10256 --- [gestionUser] [nio-8081-exec-6] t.e.s.baladna.user.security.JwtFilter    : Setting authentication with role: ROLE_HOST
2026-04-14T21:40:14.801+01:00 DEBUG 10256 --- [gestionUser] [nio-8081-exec-8] o.s.security.web.FilterChainProxy        : Secured GET /api/trajets
2026-04-14T21:40:14.801+01:00  INFO 10256 --- [gestionUser] [nio-8081-exec-6] t.e.s.baladna.user.security.JwtFilter    : Authentication set successfully
2026-04-14T21:40:14.801+01:00 DEBUG 10256 --- [gestionUser] [nio-8081-exec-8] o.s.web.servlet.DispatcherServlet        : GET "/api/trajets", parameters={}
2026-04-14T21:40:14.805+01:00 DEBUG 10256 --- [gestionUser] [nio-8081-exec-6] o.s.security.web.FilterChainProxy        : Secured GET /api/stations
2026-04-14T21:40:14.805+01:00 DEBUG 10256 --- [gestionUser] [nio-8081-exec-8] s.w.s.m.m.a.RequestMappingHandlerMapping : Mapped to tn.esprit.spring.baladna.transport.controller.TrajetController#getAllTrajets()
2026-04-14T21:40:14.805+01:00 DEBUG 10256 --- [gestionUser] [nio-8081-exec-6] o.s.web.servlet.DispatcherServlet        : GET "/api/stations", parameters={}
2026-04-14T21:40:14.807+01:00 DEBUG 10256 --- [gestionUser] [nio-8081-exec-6] s.w.s.m.m.a.RequestMappingHandlerMapping : Mapped to tn.esprit.spring.baladna.transport.controller.StationController#getAllStations()
2026-04-14T21:40:14.812+01:00 DEBUG 10256 --- [gestionUser] [nio-8081-exec-8] org.hibernate.SQL                        : select t1_0.id,t1_0.arrival_station_id,t1_0.departure_station_id,t1_0.distance_km,t1_0.estimated_duration_minutes,t1_0.price_per_km,t1_0.route_geo_json from trajets t1_0
Hibernate: select t1_0.id,t1_0.arrival_station_id,t1_0.departure_station_id,t1_0.distance_km,t1_0.estimated_duration_minutes,t1_0.price_per_km,t1_0.route_geo_json from trajets t1_0
2026-04-14T21:40:14.815+01:00 DEBUG 10256 --- [gestionUser] [nio-8081-exec-6] org.hibernate.SQL                        : select s1_0.id,s1_0.city,s1_0.downtown,s1_0.latitude,s1_0.longitude,s1_0.name,s1_0.surcharge from stations s1_0
Hibernate: select s1_0.id,s1_0.city,s1_0.downtown,s1_0.latitude,s1_0.longitude,s1_0.name,s1_0.surcharge from stations s1_0
2026-04-14T21:40:14.818+01:00 DEBUG 10256 --- [gestionUser] [nio-8081-exec-8] org.hibernate.SQL                        : select s1_0.id,s1_0.city,s1_0.downtown,s1_0.latitude,s1_0.longitude,s1_0.name,s1_0.surcharge from stations s1_0 where s1_0.id=?
Hibernate: select s1_0.id,s1_0.city,s1_0.downtown,s1_0.latitude,s1_0.longitude,s1_0.name,s1_0.surcharge from stations s1_0 where s1_0.id=?
2026-04-14T21:40:14.821+01:00 DEBUG 10256 --- [gestionUser] [nio-8081-exec-8] org.hibernate.SQL                        : select s1_0.id,s1_0.city,s1_0.downtown,s1_0.latitude,s1_0.longitude,s1_0.name,s1_0.surcharge from stations s1_0 where s1_0.id=?
Hibernate: select s1_0.id,s1_0.city,s1_0.downtown,s1_0.latitude,s1_0.longitude,s1_0.name,s1_0.surcharge from stations s1_0 where s1_0.id=?
2026-04-14T21:40:14.824+01:00 DEBUG 10256 --- [gestionUser] [nio-8081-exec-6] m.m.a.RequestResponseBodyMethodProcessor : Using 'application/json', given [application/json, text/plain, */*] and supported [application/json, application/*+json, application/yaml]
2026-04-14T21:40:14.828+01:00 DEBUG 10256 --- [gestionUser] [nio-8081-exec-6] m.m.a.RequestResponseBodyMethodProcessor : Writing [[StationDTO(id=5, name=Barcelone, city=kbeli, surcharge=3.0, downtown=true, latitude=0.0, longitude= (truncated)...]
2026-04-14T21:40:14.834+01:00 DEBUG 10256 --- [gestionUser] [nio-8081-exec-8] org.hibernate.SQL                        : select s1_0.id,s1_0.city,s1_0.downtown,s1_0.latitude,s1_0.longitude,s1_0.name,s1_0.surcharge from stations s1_0 where s1_0.id=?
Hibernate: select s1_0.id,s1_0.city,s1_0.downtown,s1_0.latitude,s1_0.longitude,s1_0.name,s1_0.surcharge from stations s1_0 where s1_0.id=?
2026-04-14T21:40:14.837+01:00 DEBUG 10256 --- [gestionUser] [nio-8081-exec-6] o.s.web.servlet.DispatcherServlet        : Completed 200 OK
2026-04-14T21:40:14.840+01:00 DEBUG 10256 --- [gestionUser] [nio-8081-exec-8] org.hibernate.SQL                        : select s1_0.id,s1_0.city,s1_0.downtown,s1_0.latitude,s1_0.longitude,s1_0.name,s1_0.surcharge from stations s1_0 where s1_0.id=?
Hibernate: select s1_0.id,s1_0.city,s1_0.downtown,s1_0.latitude,s1_0.longitude,s1_0.name,s1_0.surcharge from stations s1_0 where s1_0.id=?
2026-04-14T21:40:14.847+01:00 DEBUG 10256 --- [gestionUser] [nio-8081-exec-8] org.hibernate.SQL                        : select s1_0.id,s1_0.city,s1_0.downtown,s1_0.latitude,s1_0.longitude,s1_0.name,s1_0.surcharge from stations s1_0 where s1_0.id=?
Hibernate: select s1_0.id,s1_0.city,s1_0.downtown,s1_0.latitude,s1_0.longitude,s1_0.name,s1_0.surcharge from stations s1_0 where s1_0.id=?
2026-04-14T21:40:14.851+01:00 DEBUG 10256 --- [gestionUser] [nio-8081-exec-8] org.hibernate.SQL                        : select s1_0.id,s1_0.city,s1_0.downtown,s1_0.latitude,s1_0.longitude,s1_0.name,s1_0.surcharge from stations s1_0 where s1_0.id=?
Hibernate: select s1_0.id,s1_0.city,s1_0.downtown,s1_0.latitude,s1_0.longitude,s1_0.name,s1_0.surcharge from stations s1_0 where s1_0.id=?
2026-04-14T21:40:14.855+01:00 DEBUG 10256 --- [gestionUser] [nio-8081-exec-8] org.hibernate.SQL                        : select s1_0.id,s1_0.city,s1_0.downtown,s1_0.latitude,s1_0.longitude,s1_0.name,s1_0.surcharge from stations s1_0 where s1_0.id=?
Hibernate: select s1_0.id,s1_0.city,s1_0.downtown,s1_0.latitude,s1_0.longitude,s1_0.name,s1_0.surcharge from stations s1_0 where s1_0.id=?
2026-04-14T21:40:14.858+01:00 DEBUG 10256 --- [gestionUser] [nio-8081-exec-8] org.hibernate.SQL                        : select s1_0.id,s1_0.city,s1_0.downtown,s1_0.latitude,s1_0.longitude,s1_0.name,s1_0.surcharge from stations s1_0 where s1_0.id=?
Hibernate: select s1_0.id,s1_0.city,s1_0.downtown,s1_0.latitude,s1_0.longitude,s1_0.name,s1_0.surcharge from stations s1_0 where s1_0.id=?
2026-04-14T21:40:14.858+01:00 DEBUG 10256 --- [gestionUser] [nio-8081-exec-8] org.hibernate.SQL                        : select s1_0.id,s1_0.city,s1_0.downtown,s1_0.latitude,s1_0.longitude,s1_0.name,s1_0.surcharge from stations s1_0 where s1_0.id=?
Hibernate: select s1_0.id,s1_0.city,s1_0.downtown,s1_0.latitude,s1_0.longitude,s1_0.name,s1_0.surcharge from stations s1_0 where s1_0.id=?
2026-04-14T21:40:14.866+01:00 DEBUG 10256 --- [gestionUser] [nio-8081-exec-8] org.hibernate.SQL                        : select s1_0.id,s1_0.city,s1_0.downtown,s1_0.latitude,s1_0.longitude,s1_0.name,s1_0.surcharge from stations s1_0 where s1_0.id=?
Hibernate: select s1_0.id,s1_0.city,s1_0.downtown,s1_0.latitude,s1_0.longitude,s1_0.name,s1_0.surcharge from stations s1_0 where s1_0.id=?
2026-04-14T21:40:14.869+01:00 DEBUG 10256 --- [gestionUser] [nio-8081-exec-8] org.hibernate.SQL                        : select s1_0.id,s1_0.city,s1_0.downtown,s1_0.latitude,s1_0.longitude,s1_0.name,s1_0.surcharge from stations s1_0 where s1_0.id=?
Hibernate: select s1_0.id,s1_0.city,s1_0.downtown,s1_0.latitude,s1_0.longitude,s1_0.name,s1_0.surcharge from stations s1_0 where s1_0.id=?
2026-04-14T21:40:14.874+01:00 DEBUG 10256 --- [gestionUser] [nio-8081-exec-8] org.hibernate.SQL                        : select s1_0.id,s1_0.city,s1_0.downtown,s1_0.latitude,s1_0.longitude,s1_0.name,s1_0.surcharge from stations s1_0 where s1_0.id=?
Hibernate: select s1_0.id,s1_0.city,s1_0.downtown,s1_0.latitude,s1_0.longitude,s1_0.name,s1_0.surcharge from stations s1_0 where s1_0.id=?
2026-04-14T21:40:14.878+01:00 DEBUG 10256 --- [gestionUser] [nio-8081-exec-8] org.hibernate.SQL                        : select s1_0.id,s1_0.city,s1_0.downtown,s1_0.latitude,s1_0.longitude,s1_0.name,s1_0.surcharge from stations s1_0 where s1_0.id=?
Hibernate: select s1_0.id,s1_0.city,s1_0.downtown,s1_0.latitude,s1_0.longitude,s1_0.name,s1_0.surcharge from stations s1_0 where s1_0.id=?
2026-04-14T21:40:14.881+01:00 DEBUG 10256 --- [gestionUser] [nio-8081-exec-8] org.hibernate.SQL                        : select s1_0.id,s1_0.city,s1_0.downtown,s1_0.latitude,s1_0.longitude,s1_0.name,s1_0.surcharge from stations s1_0 where s1_0.id=?
Hibernate: select s1_0.id,s1_0.city,s1_0.downtown,s1_0.latitude,s1_0.longitude,s1_0.name,s1_0.surcharge from stations s1_0 where s1_0.id=?
2026-04-14T21:40:14.886+01:00 DEBUG 10256 --- [gestionUser] [nio-8081-exec-8] org.hibernate.SQL                        : select s1_0.id,s1_0.city,s1_0.downtown,s1_0.latitude,s1_0.longitude,s1_0.name,s1_0.surcharge from stations s1_0 where s1_0.id=?
Hibernate: select s1_0.id,s1_0.city,s1_0.downtown,s1_0.latitude,s1_0.longitude,s1_0.name,s1_0.surcharge from stations s1_0 where s1_0.id=?
2026-04-14T21:40:14.892+01:00 DEBUG 10256 --- [gestionUser] [nio-8081-exec-8] org.hibernate.SQL                        : select s1_0.id,s1_0.city,s1_0.downtown,s1_0.latitude,s1_0.longitude,s1_0.name,s1_0.surcharge from stations s1_0 where s1_0.id=?
Hibernate: select s1_0.id,s1_0.city,s1_0.downtown,s1_0.latitude,s1_0.longitude,s1_0.name,s1_0.surcharge from stations s1_0 where s1_0.id=?
2026-04-14T21:40:14.895+01:00 DEBUG 10256 --- [gestionUser] [nio-8081-exec-8] org.hibernate.SQL                        : select s1_0.id,s1_0.city,s1_0.downtown,s1_0.latitude,s1_0.longitude,s1_0.name,s1_0.surcharge from stations s1_0 where s1_0.id=?
Hibernate: select s1_0.id,s1_0.city,s1_0.downtown,s1_0.latitude,s1_0.longitude,s1_0.name,s1_0.surcharge from stations s1_0 where s1_0.id=?
2026-04-14T21:40:14.901+01:00 DEBUG 10256 --- [gestionUser] [nio-8081-exec-8] m.m.a.RequestResponseBodyMethodProcessor : Using 'application/json', given [application/json, text/plain, */*] and supported [application/json, application/*+json, application/yaml]
2026-04-14T21:40:14.903+01:00 DEBUG 10256 --- [gestionUser] [nio-8081-exec-8] m.m.a.RequestResponseBodyMethodProcessor : Writing [[TrajetDTO(id=2, departureStationId=5, departureStationName=Barcelone, arrivalStationId=6, arrivalSt (truncated)...]
2026-04-14T21:40:14.907+01:00 DEBUG 10256 --- [gestionUser] [nio-8081-exec-8] o.s.web.servlet.DispatcherServlet        : Completed 200 OK
2026-04-14T21:40:15.386+01:00 DEBUG 10256 --- [gestionUser] [io-8081-exec-10] o.s.security.web.FilterChainProxy        : Securing GET /api/stations
2026-04-14T21:40:15.391+01:00 DEBUG 10256 --- [gestionUser] [nio-8081-exec-1] o.s.security.web.FilterChainProxy        : Securing OPTIONS /api/transports
2026-04-14T21:40:15.392+01:00 DEBUG 10256 --- [gestionUser] [nio-8081-exec-9] o.s.security.web.FilterChainProxy        : Securing GET /api/trajets
2026-04-14T21:40:15.393+01:00  INFO 10256 --- [gestionUser] [io-8081-exec-10] t.e.s.baladna.user.security.JwtFilter    : Request to: /api/stations - Auth header: present
2026-04-14T21:40:15.423+01:00  INFO 10256 --- [gestionUser] [io-8081-exec-10] t.e.s.baladna.user.security.JwtFilter    : Token extracted (length: 167)
2026-04-14T21:40:15.414+01:00  INFO 10256 --- [gestionUser] [nio-8081-exec-9] t.e.s.baladna.user.security.JwtFilter    : Request to: /api/trajets - Auth header: present
2026-04-14T21:40:15.439+01:00  INFO 10256 --- [gestionUser] [nio-8081-exec-9] t.e.s.baladna.user.security.JwtFilter    : Token extracted (length: 167)
2026-04-14T21:40:15.441+01:00 DEBUG 10256 --- [gestionUser] [nio-8081-exec-1] o.s.security.web.FilterChainProxy        : Securing GET /api/transports
2026-04-14T21:40:15.443+01:00  INFO 10256 --- [gestionUser] [nio-8081-exec-1] t.e.s.baladna.user.security.JwtFilter    : Request to: /api/transports - Auth header: present
2026-04-14T21:40:15.446+01:00  INFO 10256 --- [gestionUser] [nio-8081-exec-1] t.e.s.baladna.user.security.JwtFilter    : Token extracted (length: 167)
2026-04-14T21:40:15.453+01:00  INFO 10256 --- [gestionUser] [nio-8081-exec-1] t.e.s.baladna.user.security.JwtFilter    : Email extracted from token: ahmedm12@gmail.com
2026-04-14T21:40:15.462+01:00  INFO 10256 --- [gestionUser] [io-8081-exec-10] t.e.s.baladna.user.security.JwtFilter    : Email extracted from token: ahmedm12@gmail.com
2026-04-14T21:40:15.466+01:00 DEBUG 10256 --- [gestionUser] [io-8081-exec-10] org.hibernate.SQL                        : select u1_0.id,u1_0.email,u1_0.first_name,u1_0.last_login,u1_0.last_name,u1_0.password,u1_0.preferred_language,u1_0.profile_photo,u1_0.role,u1_0.status from user u1_0 where u1_0.email=?
Hibernate: select u1_0.id,u1_0.email,u1_0.first_name,u1_0.last_login,u1_0.last_name,u1_0.password,u1_0.preferred_language,u1_0.profile_photo,u1_0.role,u1_0.status from user u1_0 where u1_0.email=?
2026-04-14T21:40:15.466+01:00 DEBUG 10256 --- [gestionUser] [nio-8081-exec-1] org.hibernate.SQL                        : select u1_0.id,u1_0.email,u1_0.first_name,u1_0.last_login,u1_0.last_name,u1_0.password,u1_0.preferred_language,u1_0.profile_photo,u1_0.role,u1_0.status from user u1_0 where u1_0.email=?
Hibernate: select u1_0.id,u1_0.email,u1_0.first_name,u1_0.last_login,u1_0.last_name,u1_0.password,u1_0.preferred_language,u1_0.profile_photo,u1_0.role,u1_0.status from user u1_0 where u1_0.email=?
2026-04-14T21:40:15.469+01:00  INFO 10256 --- [gestionUser] [nio-8081-exec-9] t.e.s.baladna.user.security.JwtFilter    : Email extracted from token: ahmedm12@gmail.com
2026-04-14T21:40:15.471+01:00 DEBUG 10256 --- [gestionUser] [nio-8081-exec-9] org.hibernate.SQL                        : select u1_0.id,u1_0.email,u1_0.first_name,u1_0.last_login,u1_0.last_name,u1_0.password,u1_0.preferred_language,u1_0.profile_photo,u1_0.role,u1_0.status from user u1_0 where u1_0.email=?
Hibernate: select u1_0.id,u1_0.email,u1_0.first_name,u1_0.last_login,u1_0.last_name,u1_0.password,u1_0.preferred_language,u1_0.profile_photo,u1_0.role,u1_0.status from user u1_0 where u1_0.email=?
2026-04-14T21:40:15.481+01:00  INFO 10256 --- [gestionUser] [io-8081-exec-10] t.e.s.baladna.user.security.JwtFilter    : User found: ahmedm12@gmail.com with role: HOST
2026-04-14T21:40:15.487+01:00  INFO 10256 --- [gestionUser] [io-8081-exec-10] t.e.s.baladna.user.security.JwtFilter    : Setting authentication with role: ROLE_HOST
2026-04-14T21:40:15.494+01:00  INFO 10256 --- [gestionUser] [io-8081-exec-10] t.e.s.baladna.user.security.JwtFilter    : Authentication set successfully
2026-04-14T21:40:15.496+01:00 DEBUG 10256 --- [gestionUser] [io-8081-exec-10] o.s.security.web.FilterChainProxy        : Secured GET /api/stations
2026-04-14T21:40:15.496+01:00 DEBUG 10256 --- [gestionUser] [io-8081-exec-10] o.s.web.servlet.DispatcherServlet        : GET "/api/stations", parameters={}
2026-04-14T21:40:15.511+01:00 DEBUG 10256 --- [gestionUser] [io-8081-exec-10] s.w.s.m.m.a.RequestMappingHandlerMapping : Mapped to tn.esprit.spring.baladna.transport.controller.StationController#getAllStations()
2026-04-14T21:40:15.577+01:00  INFO 10256 --- [gestionUser] [nio-8081-exec-1] t.e.s.baladna.user.security.JwtFilter    : User found: ahmedm12@gmail.com with role: HOST
2026-04-14T21:40:15.580+01:00  INFO 10256 --- [gestionUser] [nio-8081-exec-1] t.e.s.baladna.user.security.JwtFilter    : Setting authentication with role: ROLE_HOST
2026-04-14T21:40:15.582+01:00  INFO 10256 --- [gestionUser] [nio-8081-exec-1] t.e.s.baladna.user.security.JwtFilter    : Authentication set successfully
2026-04-14T21:40:15.582+01:00 DEBUG 10256 --- [gestionUser] [nio-8081-exec-1] o.s.security.web.FilterChainProxy        : Secured GET /api/transports
2026-04-14T21:40:15.584+01:00 DEBUG 10256 --- [gestionUser] [nio-8081-exec-1] o.s.web.servlet.DispatcherServlet        : GET "/api/transports", parameters={}
2026-04-14T21:40:15.586+01:00 DEBUG 10256 --- [gestionUser] [io-8081-exec-10] org.hibernate.SQL                        : select s1_0.id,s1_0.city,s1_0.downtown,s1_0.latitude,s1_0.longitude,s1_0.name,s1_0.surcharge from stations s1_0
Hibernate: select s1_0.id,s1_0.city,s1_0.downtown,s1_0.latitude,s1_0.longitude,s1_0.name,s1_0.surcharge from stations s1_0
2026-04-14T21:40:15.586+01:00 DEBUG 10256 --- [gestionUser] [nio-8081-exec-1] s.w.s.m.m.a.RequestMappingHandlerMapping : Mapped to tn.esprit.spring.baladna.transport.controller.TransportController#getAllTransports()
2026-04-14T21:40:15.593+01:00  INFO 10256 --- [gestionUser] [nio-8081-exec-9] t.e.s.baladna.user.security.JwtFilter    : User found: ahmedm12@gmail.com with role: HOST
2026-04-14T21:40:15.593+01:00  INFO 10256 --- [gestionUser] [nio-8081-exec-9] t.e.s.baladna.user.security.JwtFilter    : Setting authentication with role: ROLE_HOST
2026-04-14T21:40:15.593+01:00  INFO 10256 --- [gestionUser] [nio-8081-exec-9] t.e.s.baladna.user.security.JwtFilter    : Authentication set successfully
2026-04-14T21:40:15.595+01:00 DEBUG 10256 --- [gestionUser] [nio-8081-exec-9] o.s.security.web.FilterChainProxy        : Secured GET /api/trajets
2026-04-14T21:40:15.597+01:00 DEBUG 10256 --- [gestionUser] [nio-8081-exec-9] o.s.web.servlet.DispatcherServlet        : GET "/api/trajets", parameters={}
2026-04-14T21:40:15.600+01:00 DEBUG 10256 --- [gestionUser] [nio-8081-exec-9] s.w.s.m.m.a.RequestMappingHandlerMapping : Mapped to tn.esprit.spring.baladna.transport.controller.TrajetController#getAllTrajets()
2026-04-14T21:40:15.605+01:00 DEBUG 10256 --- [gestionUser] [nio-8081-exec-1] org.hibernate.SQL                        : select t1_0.id,t1_0.available_seats,t1_0.base_price,t1_0.departure_date,t1_0.departure_point,t1_0.status,t1_0.total_capacity,t1_0.traffic_jam,t1_0.trajet_id,t1_0.weather,t1_0.weather_source from transports t1_0
Hibernate: select t1_0.id,t1_0.available_seats,t1_0.base_price,t1_0.departure_date,t1_0.departure_point,t1_0.status,t1_0.total_capacity,t1_0.traffic_jam,t1_0.trajet_id,t1_0.weather,t1_0.weather_source from transports t1_0
2026-04-14T21:40:15.610+01:00 DEBUG 10256 --- [gestionUser] [io-8081-exec-10] m.m.a.RequestResponseBodyMethodProcessor : Using 'application/json', given [application/json, text/plain, */*] and supported [application/json, application/*+json, application/yaml]
2026-04-14T21:40:15.615+01:00 DEBUG 10256 --- [gestionUser] [nio-8081-exec-9] org.hibernate.SQL                        : select t1_0.id,t1_0.arrival_station_id,t1_0.departure_station_id,t1_0.distance_km,t1_0.estimated_duration_minutes,t1_0.price_per_km,t1_0.route_geo_json from trajets t1_0
Hibernate: select t1_0.id,t1_0.arrival_station_id,t1_0.departure_station_id,t1_0.distance_km,t1_0.estimated_duration_minutes,t1_0.price_per_km,t1_0.route_geo_json from trajets t1_0
2026-04-14T21:40:15.627+01:00 DEBUG 10256 --- [gestionUser] [io-8081-exec-10] m.m.a.RequestResponseBodyMethodProcessor : Writing [[StationDTO(id=5, name=Barcelone, city=kbeli, surcharge=3.0, downtown=true, latitude=0.0, longitude= (truncated)...]
2026-04-14T21:40:15.632+01:00 DEBUG 10256 --- [gestionUser] [io-8081-exec-10] o.s.web.servlet.DispatcherServlet        : Completed 200 OK
2026-04-14T21:40:15.637+01:00 DEBUG 10256 --- [gestionUser] [nio-8081-exec-1] org.hibernate.SQL                        : select t1_0.id,t1_0.arrival_station_id,as1_0.id,as1_0.city,as1_0.downtown,as1_0.latitude,as1_0.longitude,as1_0.name,as1_0.surcharge,t1_0.departure_station_id,ds1_0.id,ds1_0.city,ds1_0.downtown,ds1_0.latitude,ds1_0.longitude,ds1_0.name,ds1_0.surcharge,t1_0.distance_km,t1_0.estimated_duration_minutes,t1_0.price_per_km,t1_0.route_geo_json from trajets t1_0 join stations as1_0 on as1_0.id=t1_0.arrival_station_id join stations ds1_0 on ds1_0.id=t1_0.departure_station_id where t1_0.id=?
Hibernate: select t1_0.id,t1_0.arrival_station_id,as1_0.id,as1_0.city,as1_0.downtown,as1_0.latitude,as1_0.longitude,as1_0.name,as1_0.surcharge,t1_0.departure_station_id,ds1_0.id,ds1_0.city,ds1_0.downtown,ds1_0.latitude,ds1_0.longitude,ds1_0.name,ds1_0.surcharge,t1_0.distance_km,t1_0.estimated_duration_minutes,t1_0.price_per_km,t1_0.route_geo_json from trajets t1_0 join stations as1_0 on as1_0.id=t1_0.arrival_station_id join stations ds1_0 on ds1_0.id=t1_0.departure_station_id where t1_0.id=?
2026-04-14T21:40:15.637+01:00 DEBUG 10256 --- [gestionUser] [nio-8081-exec-9] org.hibernate.SQL                        : select s1_0.id,s1_0.city,s1_0.downtown,s1_0.latitude,s1_0.longitude,s1_0.name,s1_0.surcharge from stations s1_0 where s1_0.id=?
Hibernate: select s1_0.id,s1_0.city,s1_0.downtown,s1_0.latitude,s1_0.longitude,s1_0.name,s1_0.surcharge from stations s1_0 where s1_0.id=?
2026-04-14T21:40:15.650+01:00 DEBUG 10256 --- [gestionUser] [nio-8081-exec-9] org.hibernate.SQL                        : select s1_0.id,s1_0.city,s1_0.downtown,s1_0.latitude,s1_0.longitude,s1_0.name,s1_0.surcharge from stations s1_0 where s1_0.id=?
Hibernate: select s1_0.id,s1_0.city,s1_0.downtown,s1_0.latitude,s1_0.longitude,s1_0.name,s1_0.surcharge from stations s1_0 where s1_0.id=?
2026-04-14T21:40:15.652+01:00 DEBUG 10256 --- [gestionUser] [nio-8081-exec-1] org.hibernate.SQL                        : select t1_0.id,t1_0.arrival_station_id,as1_0.id,as1_0.city,as1_0.downtown,as1_0.latitude,as1_0.longitude,as1_0.name,as1_0.surcharge,t1_0.departure_station_id,ds1_0.id,ds1_0.city,ds1_0.downtown,ds1_0.latitude,ds1_0.longitude,ds1_0.name,ds1_0.surcharge,t1_0.distance_km,t1_0.estimated_duration_minutes,t1_0.price_per_km,t1_0.route_geo_json from trajets t1_0 join stations as1_0 on as1_0.id=t1_0.arrival_station_id join stations ds1_0 on ds1_0.id=t1_0.departure_station_id where t1_0.id=?
Hibernate: select t1_0.id,t1_0.arrival_station_id,as1_0.id,as1_0.city,as1_0.downtown,as1_0.latitude,as1_0.longitude,as1_0.name,as1_0.surcharge,t1_0.departure_station_id,ds1_0.id,ds1_0.city,ds1_0.downtown,ds1_0.latitude,ds1_0.longitude,ds1_0.name,ds1_0.surcharge,t1_0.distance_km,t1_0.estimated_duration_minutes,t1_0.price_per_km,t1_0.route_geo_json from trajets t1_0 join stations as1_0 on as1_0.id=t1_0.arrival_station_id join stations ds1_0 on ds1_0.id=t1_0.departure_station_id where t1_0.id=?
2026-04-14T21:40:15.661+01:00 DEBUG 10256 --- [gestionUser] [nio-8081-exec-9] org.hibernate.SQL                        : select s1_0.id,s1_0.city,s1_0.downtown,s1_0.latitude,s1_0.longitude,s1_0.name,s1_0.surcharge from stations s1_0 where s1_0.id=?
Hibernate: select s1_0.id,s1_0.city,s1_0.downtown,s1_0.latitude,s1_0.longitude,s1_0.name,s1_0.surcharge from stations s1_0 where s1_0.id=?
2026-04-14T21:40:15.665+01:00 DEBUG 10256 --- [gestionUser] [nio-8081-exec-1] org.hibernate.SQL                        : select t1_0.id,t1_0.arrival_station_id,as1_0.id,as1_0.city,as1_0.downtown,as1_0.latitude,as1_0.longitude,as1_0.name,as1_0.surcharge,t1_0.departure_station_id,ds1_0.id,ds1_0.city,ds1_0.downtown,ds1_0.latitude,ds1_0.longitude,ds1_0.name,ds1_0.surcharge,t1_0.distance_km,t1_0.estimated_duration_minutes,t1_0.price_per_km,t1_0.route_geo_json from trajets t1_0 join stations as1_0 on as1_0.id=t1_0.arrival_station_id join stations ds1_0 on ds1_0.id=t1_0.departure_station_id where t1_0.id=?
Hibernate: select t1_0.id,t1_0.arrival_station_id,as1_0.id,as1_0.city,as1_0.downtown,as1_0.latitude,as1_0.longitude,as1_0.name,as1_0.surcharge,t1_0.departure_station_id,ds1_0.id,ds1_0.city,ds1_0.downtown,ds1_0.latitude,ds1_0.longitude,ds1_0.name,ds1_0.surcharge,t1_0.distance_km,t1_0.estimated_duration_minutes,t1_0.price_per_km,t1_0.route_geo_json from trajets t1_0 join stations as1_0 on as1_0.id=t1_0.arrival_station_id join stations ds1_0 on ds1_0.id=t1_0.departure_station_id where t1_0.id=?
2026-04-14T21:40:15.665+01:00 DEBUG 10256 --- [gestionUser] [nio-8081-exec-9] org.hibernate.SQL                        : select s1_0.id,s1_0.city,s1_0.downtown,s1_0.latitude,s1_0.longitude,s1_0.name,s1_0.surcharge from stations s1_0 where s1_0.id=?
Hibernate: select s1_0.id,s1_0.city,s1_0.downtown,s1_0.latitude,s1_0.longitude,s1_0.name,s1_0.surcharge from stations s1_0 where s1_0.id=?
2026-04-14T21:40:15.671+01:00 DEBUG 10256 --- [gestionUser] [nio-8081-exec-1] org.hibernate.SQL                        : select t1_0.id,t1_0.arrival_station_id,as1_0.id,as1_0.city,as1_0.downtown,as1_0.latitude,as1_0.longitude,as1_0.name,as1_0.surcharge,t1_0.departure_station_id,ds1_0.id,ds1_0.city,ds1_0.downtown,ds1_0.latitude,ds1_0.longitude,ds1_0.name,ds1_0.surcharge,t1_0.distance_km,t1_0.estimated_duration_minutes,t1_0.price_per_km,t1_0.route_geo_json from trajets t1_0 join stations as1_0 on as1_0.id=t1_0.arrival_station_id join stations ds1_0 on ds1_0.id=t1_0.departure_station_id where t1_0.id=?
Hibernate: select t1_0.id,t1_0.arrival_station_id,as1_0.id,as1_0.city,as1_0.downtown,as1_0.latitude,as1_0.longitude,as1_0.name,as1_0.surcharge,t1_0.departure_station_id,ds1_0.id,ds1_0.city,ds1_0.downtown,ds1_0.latitude,ds1_0.longitude,ds1_0.name,ds1_0.surcharge,t1_0.distance_km,t1_0.estimated_duration_minutes,t1_0.price_per_km,t1_0.route_geo_json from trajets t1_0 join stations as1_0 on as1_0.id=t1_0.arrival_station_id join stations ds1_0 on ds1_0.id=t1_0.departure_station_id where t1_0.id=?
2026-04-14T21:40:15.671+01:00 DEBUG 10256 --- [gestionUser] [nio-8081-exec-9] org.hibernate.SQL                        : select s1_0.id,s1_0.city,s1_0.downtown,s1_0.latitude,s1_0.longitude,s1_0.name,s1_0.surcharge from stations s1_0 where s1_0.id=?
Hibernate: select s1_0.id,s1_0.city,s1_0.downtown,s1_0.latitude,s1_0.longitude,s1_0.name,s1_0.surcharge from stations s1_0 where s1_0.id=?
2026-04-14T21:40:15.677+01:00 DEBUG 10256 --- [gestionUser] [nio-8081-exec-1] org.hibernate.SQL                        : select t1_0.id,t1_0.arrival_station_id,as1_0.id,as1_0.city,as1_0.downtown,as1_0.latitude,as1_0.longitude,as1_0.name,as1_0.surcharge,t1_0.departure_station_id,ds1_0.id,ds1_0.city,ds1_0.downtown,ds1_0.latitude,ds1_0.longitude,ds1_0.name,ds1_0.surcharge,t1_0.distance_km,t1_0.estimated_duration_minutes,t1_0.price_per_km,t1_0.route_geo_json from trajets t1_0 join stations as1_0 on as1_0.id=t1_0.arrival_station_id join stations ds1_0 on ds1_0.id=t1_0.departure_station_id where t1_0.id=?
Hibernate: select t1_0.id,t1_0.arrival_station_id,as1_0.id,as1_0.city,as1_0.downtown,as1_0.latitude,as1_0.longitude,as1_0.name,as1_0.surcharge,t1_0.departure_station_id,ds1_0.id,ds1_0.city,ds1_0.downtown,ds1_0.latitude,ds1_0.longitude,ds1_0.name,ds1_0.surcharge,t1_0.distance_km,t1_0.estimated_duration_minutes,t1_0.price_per_km,t1_0.route_geo_json from trajets t1_0 join stations as1_0 on as1_0.id=t1_0.arrival_station_id join stations ds1_0 on ds1_0.id=t1_0.departure_station_id where t1_0.id=?
2026-04-14T21:40:15.677+01:00 DEBUG 10256 --- [gestionUser] [nio-8081-exec-9] org.hibernate.SQL                        : select s1_0.id,s1_0.city,s1_0.downtown,s1_0.latitude,s1_0.longitude,s1_0.name,s1_0.surcharge from stations s1_0 where s1_0.id=?
Hibernate: select s1_0.id,s1_0.city,s1_0.downtown,s1_0.latitude,s1_0.longitude,s1_0.name,s1_0.surcharge from stations s1_0 where s1_0.id=?
2026-04-14T21:40:15.681+01:00 DEBUG 10256 --- [gestionUser] [nio-8081-exec-1] org.hibernate.SQL                        : select t1_0.id,t1_0.arrival_station_id,as1_0.id,as1_0.city,as1_0.downtown,as1_0.latitude,as1_0.longitude,as1_0.name,as1_0.surcharge,t1_0.departure_station_id,ds1_0.id,ds1_0.city,ds1_0.downtown,ds1_0.latitude,ds1_0.longitude,ds1_0.name,ds1_0.surcharge,t1_0.distance_km,t1_0.estimated_duration_minutes,t1_0.price_per_km,t1_0.route_geo_json from trajets t1_0 join stations as1_0 on as1_0.id=t1_0.arrival_station_id join stations ds1_0 on ds1_0.id=t1_0.departure_station_id where t1_0.id=?
Hibernate: select t1_0.id,t1_0.arrival_station_id,as1_0.id,as1_0.city,as1_0.downtown,as1_0.latitude,as1_0.longitude,as1_0.name,as1_0.surcharge,t1_0.departure_station_id,ds1_0.id,ds1_0.city,ds1_0.downtown,ds1_0.latitude,ds1_0.longitude,ds1_0.name,ds1_0.surcharge,t1_0.distance_km,t1_0.estimated_duration_minutes,t1_0.price_per_km,t1_0.route_geo_json from trajets t1_0 join stations as1_0 on as1_0.id=t1_0.arrival_station_id join stations ds1_0 on ds1_0.id=t1_0.departure_station_id where t1_0.id=?
2026-04-14T21:40:15.681+01:00 DEBUG 10256 --- [gestionUser] [nio-8081-exec-9] org.hibernate.SQL                        : select s1_0.id,s1_0.city,s1_0.downtown,s1_0.latitude,s1_0.longitude,s1_0.name,s1_0.surcharge from stations s1_0 where s1_0.id=?
Hibernate: select s1_0.id,s1_0.city,s1_0.downtown,s1_0.latitude,s1_0.longitude,s1_0.name,s1_0.surcharge from stations s1_0 where s1_0.id=?
2026-04-14T21:40:15.689+01:00 DEBUG 10256 --- [gestionUser] [nio-8081-exec-1] org.hibernate.SQL                        : select t1_0.id,t1_0.arrival_station_id,as1_0.id,as1_0.city,as1_0.downtown,as1_0.latitude,as1_0.longitude,as1_0.name,as1_0.surcharge,t1_0.departure_station_id,ds1_0.id,ds1_0.city,ds1_0.downtown,ds1_0.latitude,ds1_0.longitude,ds1_0.name,ds1_0.surcharge,t1_0.distance_km,t1_0.estimated_duration_minutes,t1_0.price_per_km,t1_0.route_geo_json from trajets t1_0 join stations as1_0 on as1_0.id=t1_0.arrival_station_id join stations ds1_0 on ds1_0.id=t1_0.departure_station_id where t1_0.id=?
Hibernate: select t1_0.id,t1_0.arrival_station_id,as1_0.id,as1_0.city,as1_0.downtown,as1_0.latitude,as1_0.longitude,as1_0.name,as1_0.surcharge,t1_0.departure_station_id,ds1_0.id,ds1_0.city,ds1_0.downtown,ds1_0.latitude,ds1_0.longitude,ds1_0.name,ds1_0.surcharge,t1_0.distance_km,t1_0.estimated_duration_minutes,t1_0.price_per_km,t1_0.route_geo_json from trajets t1_0 join stations as1_0 on as1_0.id=t1_0.arrival_station_id join stations ds1_0 on ds1_0.id=t1_0.departure_station_id where t1_0.id=?
2026-04-14T21:40:15.689+01:00 DEBUG 10256 --- [gestionUser] [nio-8081-exec-9] org.hibernate.SQL                        : select s1_0.id,s1_0.city,s1_0.downtown,s1_0.latitude,s1_0.longitude,s1_0.name,s1_0.surcharge from stations s1_0 where s1_0.id=?
Hibernate: select s1_0.id,s1_0.city,s1_0.downtown,s1_0.latitude,s1_0.longitude,s1_0.name,s1_0.surcharge from stations s1_0 where s1_0.id=?
2026-04-14T21:40:15.697+01:00 DEBUG 10256 --- [gestionUser] [nio-8081-exec-9] org.hibernate.SQL                        : select s1_0.id,s1_0.city,s1_0.downtown,s1_0.latitude,s1_0.longitude,s1_0.name,s1_0.surcharge from stations s1_0 where s1_0.id=?
Hibernate: select s1_0.id,s1_0.city,s1_0.downtown,s1_0.latitude,s1_0.longitude,s1_0.name,s1_0.surcharge from stations s1_0 where s1_0.id=?
2026-04-14T21:40:15.699+01:00 DEBUG 10256 --- [gestionUser] [nio-8081-exec-1] org.hibernate.SQL                        : select t1_0.id,t1_0.arrival_station_id,as1_0.id,as1_0.city,as1_0.downtown,as1_0.latitude,as1_0.longitude,as1_0.name,as1_0.surcharge,t1_0.departure_station_id,ds1_0.id,ds1_0.city,ds1_0.downtown,ds1_0.latitude,ds1_0.longitude,ds1_0.name,ds1_0.surcharge,t1_0.distance_km,t1_0.estimated_duration_minutes,t1_0.price_per_km,t1_0.route_geo_json from trajets t1_0 join stations as1_0 on as1_0.id=t1_0.arrival_station_id join stations ds1_0 on ds1_0.id=t1_0.departure_station_id where t1_0.id=?
Hibernate: select t1_0.id,t1_0.arrival_station_id,as1_0.id,as1_0.city,as1_0.downtown,as1_0.latitude,as1_0.longitude,as1_0.name,as1_0.surcharge,t1_0.departure_station_id,ds1_0.id,ds1_0.city,ds1_0.downtown,ds1_0.latitude,ds1_0.longitude,ds1_0.name,ds1_0.surcharge,t1_0.distance_km,t1_0.estimated_duration_minutes,t1_0.price_per_km,t1_0.route_geo_json from trajets t1_0 join stations as1_0 on as1_0.id=t1_0.arrival_station_id join stations ds1_0 on ds1_0.id=t1_0.departure_station_id where t1_0.id=?
2026-04-14T21:40:15.703+01:00 DEBUG 10256 --- [gestionUser] [nio-8081-exec-9] org.hibernate.SQL                        : select s1_0.id,s1_0.city,s1_0.downtown,s1_0.latitude,s1_0.longitude,s1_0.name,s1_0.surcharge from stations s1_0 where s1_0.id=?
Hibernate: select s1_0.id,s1_0.city,s1_0.downtown,s1_0.latitude,s1_0.longitude,s1_0.name,s1_0.surcharge from stations s1_0 where s1_0.id=?
2026-04-14T21:40:15.708+01:00 DEBUG 10256 --- [gestionUser] [nio-8081-exec-9] org.hibernate.SQL                        : select s1_0.id,s1_0.city,s1_0.downtown,s1_0.latitude,s1_0.longitude,s1_0.name,s1_0.surcharge from stations s1_0 where s1_0.id=?
Hibernate: select s1_0.id,s1_0.city,s1_0.downtown,s1_0.latitude,s1_0.longitude,s1_0.name,s1_0.surcharge from stations s1_0 where s1_0.id=?
2026-04-14T21:40:15.709+01:00 DEBUG 10256 --- [gestionUser] [nio-8081-exec-1] org.hibernate.SQL                        : select t1_0.id,t1_0.arrival_station_id,as1_0.id,as1_0.city,as1_0.downtown,as1_0.latitude,as1_0.longitude,as1_0.name,as1_0.surcharge,t1_0.departure_station_id,ds1_0.id,ds1_0.city,ds1_0.downtown,ds1_0.latitude,ds1_0.longitude,ds1_0.name,ds1_0.surcharge,t1_0.distance_km,t1_0.estimated_duration_minutes,t1_0.price_per_km,t1_0.route_geo_json from trajets t1_0 join stations as1_0 on as1_0.id=t1_0.arrival_station_id join stations ds1_0 on ds1_0.id=t1_0.departure_station_id where t1_0.id=?
Hibernate: select t1_0.id,t1_0.arrival_station_id,as1_0.id,as1_0.city,as1_0.downtown,as1_0.latitude,as1_0.longitude,as1_0.name,as1_0.surcharge,t1_0.departure_station_id,ds1_0.id,ds1_0.city,ds1_0.downtown,ds1_0.latitude,ds1_0.longitude,ds1_0.name,ds1_0.surcharge,t1_0.distance_km,t1_0.estimated_duration_minutes,t1_0.price_per_km,t1_0.route_geo_json from trajets t1_0 join stations as1_0 on as1_0.id=t1_0.arrival_station_id join stations ds1_0 on ds1_0.id=t1_0.departure_station_id where t1_0.id=?
2026-04-14T21:40:15.713+01:00 DEBUG 10256 --- [gestionUser] [nio-8081-exec-9] org.hibernate.SQL                        : select s1_0.id,s1_0.city,s1_0.downtown,s1_0.latitude,s1_0.longitude,s1_0.name,s1_0.surcharge from stations s1_0 where s1_0.id=?
Hibernate: select s1_0.id,s1_0.city,s1_0.downtown,s1_0.latitude,s1_0.longitude,s1_0.name,s1_0.surcharge from stations s1_0 where s1_0.id=?
2026-04-14T21:40:15.717+01:00 DEBUG 10256 --- [gestionUser] [nio-8081-exec-1] org.hibernate.SQL                        : select t1_0.id,t1_0.arrival_station_id,as1_0.id,as1_0.city,as1_0.downtown,as1_0.latitude,as1_0.longitude,as1_0.name,as1_0.surcharge,t1_0.departure_station_id,ds1_0.id,ds1_0.city,ds1_0.downtown,ds1_0.latitude,ds1_0.longitude,ds1_0.name,ds1_0.surcharge,t1_0.distance_km,t1_0.estimated_duration_minutes,t1_0.price_per_km,t1_0.route_geo_json from trajets t1_0 join stations as1_0 on as1_0.id=t1_0.arrival_station_id join stations ds1_0 on ds1_0.id=t1_0.departure_station_id where t1_0.id=?
Hibernate: select t1_0.id,t1_0.arrival_station_id,as1_0.id,as1_0.city,as1_0.downtown,as1_0.latitude,as1_0.longitude,as1_0.name,as1_0.surcharge,t1_0.departure_station_id,ds1_0.id,ds1_0.city,ds1_0.downtown,ds1_0.latitude,ds1_0.longitude,ds1_0.name,ds1_0.surcharge,t1_0.distance_km,t1_0.estimated_duration_minutes,t1_0.price_per_km,t1_0.route_geo_json from trajets t1_0 join stations as1_0 on as1_0.id=t1_0.arrival_station_id join stations ds1_0 on ds1_0.id=t1_0.departure_station_id where t1_0.id=?
2026-04-14T21:40:15.719+01:00 DEBUG 10256 --- [gestionUser] [nio-8081-exec-9] org.hibernate.SQL                        : select s1_0.id,s1_0.city,s1_0.downtown,s1_0.latitude,s1_0.longitude,s1_0.name,s1_0.surcharge from stations s1_0 where s1_0.id=?
Hibernate: select s1_0.id,s1_0.city,s1_0.downtown,s1_0.latitude,s1_0.longitude,s1_0.name,s1_0.surcharge from stations s1_0 where s1_0.id=?
2026-04-14T21:40:15.721+01:00 DEBUG 10256 --- [gestionUser] [nio-8081-exec-9] org.hibernate.SQL                        : select s1_0.id,s1_0.city,s1_0.downtown,s1_0.latitude,s1_0.longitude,s1_0.name,s1_0.surcharge from stations s1_0 where s1_0.id=?
Hibernate: select s1_0.id,s1_0.city,s1_0.downtown,s1_0.latitude,s1_0.longitude,s1_0.name,s1_0.surcharge from stations s1_0 where s1_0.id=?
2026-04-14T21:40:15.724+01:00 DEBUG 10256 --- [gestionUser] [nio-8081-exec-1] m.m.a.RequestResponseBodyMethodProcessor : Using 'application/json', given [application/json, text/plain, */*] and supported [application/json, application/*+json, application/yaml]
2026-04-14T21:40:15.727+01:00 DEBUG 10256 --- [gestionUser] [nio-8081-exec-1] m.m.a.RequestResponseBodyMethodProcessor : Writing [[TransportDTO(id=3, departurePoint=Zied, departureDate=2026-04-22T21:53, realDepartureDate=2026-04-2 (truncated)...]
2026-04-14T21:40:15.727+01:00 DEBUG 10256 --- [gestionUser] [nio-8081-exec-9] org.hibernate.SQL                        : select s1_0.id,s1_0.city,s1_0.downtown,s1_0.latitude,s1_0.longitude,s1_0.name,s1_0.surcharge from stations s1_0 where s1_0.id=?
Hibernate: select s1_0.id,s1_0.city,s1_0.downtown,s1_0.latitude,s1_0.longitude,s1_0.name,s1_0.surcharge from stations s1_0 where s1_0.id=?
2026-04-14T21:40:15.731+01:00 DEBUG 10256 --- [gestionUser] [nio-8081-exec-1] o.s.web.servlet.DispatcherServlet        : Completed 200 OK
2026-04-14T21:40:15.732+01:00 DEBUG 10256 --- [gestionUser] [nio-8081-exec-9] org.hibernate.SQL                        : select s1_0.id,s1_0.city,s1_0.downtown,s1_0.latitude,s1_0.longitude,s1_0.name,s1_0.surcharge from stations s1_0 where s1_0.id=?
Hibernate: select s1_0.id,s1_0.city,s1_0.downtown,s1_0.latitude,s1_0.longitude,s1_0.name,s1_0.surcharge from stations s1_0 where s1_0.id=?
2026-04-14T21:40:15.735+01:00 DEBUG 10256 --- [gestionUser] [nio-8081-exec-9] org.hibernate.SQL                        : select s1_0.id,s1_0.city,s1_0.downtown,s1_0.latitude,s1_0.longitude,s1_0.name,s1_0.surcharge from stations s1_0 where s1_0.id=?
Hibernate: select s1_0.id,s1_0.city,s1_0.downtown,s1_0.latitude,s1_0.longitude,s1_0.name,s1_0.surcharge from stations s1_0 where s1_0.id=?
2026-04-14T21:40:15.737+01:00 DEBUG 10256 --- [gestionUser] [nio-8081-exec-9] m.m.a.RequestResponseBodyMethodProcessor : Using 'application/json', given [application/json, text/plain, */*] and supported [application/json, application/*+json, application/yaml]
2026-04-14T21:40:15.737+01:00 DEBUG 10256 --- [gestionUser] [nio-8081-exec-9] m.m.a.RequestResponseBodyMethodProcessor : Writing [[TrajetDTO(id=2, departureStationId=5, departureStationName=Barcelone, arrivalStationId=6, arrivalSt (truncated)...]
2026-04-14T21:40:15.745+01:00 DEBUG 10256 --- [gestionUser] [nio-8081-exec-9] o.s.web.servlet.DispatcherServlet        : Completed 200 OK
2026-04-14T21:40:16.251+01:00 DEBUG 10256 --- [gestionUser] [nio-8081-exec-5] o.s.security.web.FilterChainProxy        : Securing GET /api/stations
2026-04-14T21:40:16.253+01:00 DEBUG 10256 --- [gestionUser] [nio-8081-exec-7] o.s.security.web.FilterChainProxy        : Securing GET /api/trajets
2026-04-14T21:40:16.253+01:00  INFO 10256 --- [gestionUser] [nio-8081-exec-5] t.e.s.baladna.user.security.JwtFilter    : Request to: /api/stations - Auth header: present
2026-04-14T21:40:16.255+01:00  INFO 10256 --- [gestionUser] [nio-8081-exec-5] t.e.s.baladna.user.security.JwtFilter    : Token extracted (length: 167)
2026-04-14T21:40:16.255+01:00  INFO 10256 --- [gestionUser] [nio-8081-exec-7] t.e.s.baladna.user.security.JwtFilter    : Request to: /api/trajets - Auth header: present
2026-04-14T21:40:16.258+01:00  INFO 10256 --- [gestionUser] [nio-8081-exec-7] t.e.s.baladna.user.security.JwtFilter    : Token extracted (length: 167)
2026-04-14T21:40:16.263+01:00  INFO 10256 --- [gestionUser] [nio-8081-exec-5] t.e.s.baladna.user.security.JwtFilter    : Email extracted from token: ahmedm12@gmail.com
2026-04-14T21:40:16.263+01:00  INFO 10256 --- [gestionUser] [nio-8081-exec-7] t.e.s.baladna.user.security.JwtFilter    : Email extracted from token: ahmedm12@gmail.com
2026-04-14T21:40:16.265+01:00 DEBUG 10256 --- [gestionUser] [nio-8081-exec-5] org.hibernate.SQL                        : select u1_0.id,u1_0.email,u1_0.first_name,u1_0.last_login,u1_0.last_name,u1_0.password,u1_0.preferred_language,u1_0.profile_photo,u1_0.role,u1_0.status from user u1_0 where u1_0.email=?
Hibernate: select u1_0.id,u1_0.email,u1_0.first_name,u1_0.last_login,u1_0.last_name,u1_0.password,u1_0.preferred_language,u1_0.profile_photo,u1_0.role,u1_0.status from user u1_0 where u1_0.email=?
2026-04-14T21:40:16.265+01:00 DEBUG 10256 --- [gestionUser] [nio-8081-exec-7] org.hibernate.SQL                        : select u1_0.id,u1_0.email,u1_0.first_name,u1_0.last_login,u1_0.last_name,u1_0.password,u1_0.preferred_language,u1_0.profile_photo,u1_0.role,u1_0.status from user u1_0 where u1_0.email=?
Hibernate: select u1_0.id,u1_0.email,u1_0.first_name,u1_0.last_login,u1_0.last_name,u1_0.password,u1_0.preferred_language,u1_0.profile_photo,u1_0.role,u1_0.status from user u1_0 where u1_0.email=?
2026-04-14T21:40:16.269+01:00  INFO 10256 --- [gestionUser] [nio-8081-exec-5] t.e.s.baladna.user.security.JwtFilter    : User found: ahmedm12@gmail.com with role: HOST
2026-04-14T21:40:16.269+01:00  INFO 10256 --- [gestionUser] [nio-8081-exec-5] t.e.s.baladna.user.security.JwtFilter    : Setting authentication with role: ROLE_HOST
2026-04-14T21:40:16.269+01:00  INFO 10256 --- [gestionUser] [nio-8081-exec-7] t.e.s.baladna.user.security.JwtFilter    : User found: ahmedm12@gmail.com with role: HOST
2026-04-14T21:40:16.272+01:00  INFO 10256 --- [gestionUser] [nio-8081-exec-5] t.e.s.baladna.user.security.JwtFilter    : Authentication set successfully
2026-04-14T21:40:16.273+01:00  INFO 10256 --- [gestionUser] [nio-8081-exec-7] t.e.s.baladna.user.security.JwtFilter    : Setting authentication with role: ROLE_HOST
2026-04-14T21:40:16.274+01:00  INFO 10256 --- [gestionUser] [nio-8081-exec-7] t.e.s.baladna.user.security.JwtFilter    : Authentication set successfully
2026-04-14T21:40:16.274+01:00 DEBUG 10256 --- [gestionUser] [nio-8081-exec-5] o.s.security.web.FilterChainProxy        : Secured GET /api/stations
2026-04-14T21:40:16.276+01:00 DEBUG 10256 --- [gestionUser] [nio-8081-exec-7] o.s.security.web.FilterChainProxy        : Secured GET /api/trajets
2026-04-14T21:40:16.277+01:00 DEBUG 10256 --- [gestionUser] [nio-8081-exec-5] o.s.web.servlet.DispatcherServlet        : GET "/api/stations", parameters={}
2026-04-14T21:40:16.278+01:00 DEBUG 10256 --- [gestionUser] [nio-8081-exec-7] o.s.web.servlet.DispatcherServlet        : GET "/api/trajets", parameters={}
2026-04-14T21:40:16.281+01:00 DEBUG 10256 --- [gestionUser] [nio-8081-exec-5] s.w.s.m.m.a.RequestMappingHandlerMapping : Mapped to tn.esprit.spring.baladna.transport.controller.StationController#getAllStations()
2026-04-14T21:40:16.281+01:00 DEBUG 10256 --- [gestionUser] [nio-8081-exec-7] s.w.s.m.m.a.RequestMappingHandlerMapping : Mapped to tn.esprit.spring.baladna.transport.controller.TrajetController#getAllTrajets()
2026-04-14T21:40:16.285+01:00 DEBUG 10256 --- [gestionUser] [nio-8081-exec-5] org.hibernate.SQL                        : select s1_0.id,s1_0.city,s1_0.downtown,s1_0.latitude,s1_0.longitude,s1_0.name,s1_0.surcharge from stations s1_0
Hibernate: select s1_0.id,s1_0.city,s1_0.downtown,s1_0.latitude,s1_0.longitude,s1_0.name,s1_0.surcharge from stations s1_0
2026-04-14T21:40:16.285+01:00 DEBUG 10256 --- [gestionUser] [nio-8081-exec-7] org.hibernate.SQL                        : select t1_0.id,t1_0.arrival_station_id,t1_0.departure_station_id,t1_0.distance_km,t1_0.estimated_duration_minutes,t1_0.price_per_km,t1_0.route_geo_json from trajets t1_0
Hibernate: select t1_0.id,t1_0.arrival_station_id,t1_0.departure_station_id,t1_0.distance_km,t1_0.estimated_duration_minutes,t1_0.price_per_km,t1_0.route_geo_json from trajets t1_0
2026-04-14T21:40:16.295+01:00 DEBUG 10256 --- [gestionUser] [nio-8081-exec-7] org.hibernate.SQL                        : select s1_0.id,s1_0.city,s1_0.downtown,s1_0.latitude,s1_0.longitude,s1_0.name,s1_0.surcharge from stations s1_0 where s1_0.id=?
Hibernate: select s1_0.id,s1_0.city,s1_0.downtown,s1_0.latitude,s1_0.longitude,s1_0.name,s1_0.surcharge from stations s1_0 where s1_0.id=?
2026-04-14T21:40:16.297+01:00 DEBUG 10256 --- [gestionUser] [nio-8081-exec-5] m.m.a.RequestResponseBodyMethodProcessor : Using 'application/json', given [application/json, text/plain, */*] and supported [application/json, application/*+json, application/yaml]
2026-04-14T21:40:16.297+01:00 DEBUG 10256 --- [gestionUser] [nio-8081-exec-5] m.m.a.RequestResponseBodyMethodProcessor : Writing [[StationDTO(id=5, name=Barcelone, city=kbeli, surcharge=3.0, downtown=true, latitude=0.0, longitude= (truncated)...]
2026-04-14T21:40:16.301+01:00 DEBUG 10256 --- [gestionUser] [nio-8081-exec-7] org.hibernate.SQL                        : select s1_0.id,s1_0.city,s1_0.downtown,s1_0.latitude,s1_0.longitude,s1_0.name,s1_0.surcharge from stations s1_0 where s1_0.id=?
Hibernate: select s1_0.id,s1_0.city,s1_0.downtown,s1_0.latitude,s1_0.longitude,s1_0.name,s1_0.surcharge from stations s1_0 where s1_0.id=?
2026-04-14T21:40:16.302+01:00 DEBUG 10256 --- [gestionUser] [nio-8081-exec-5] o.s.web.servlet.DispatcherServlet        : Completed 200 OK
2026-04-14T21:40:16.305+01:00 DEBUG 10256 --- [gestionUser] [nio-8081-exec-7] org.hibernate.SQL                        : select s1_0.id,s1_0.city,s1_0.downtown,s1_0.latitude,s1_0.longitude,s1_0.name,s1_0.surcharge from stations s1_0 where s1_0.id=?
Hibernate: select s1_0.id,s1_0.city,s1_0.downtown,s1_0.latitude,s1_0.longitude,s1_0.name,s1_0.surcharge from stations s1_0 where s1_0.id=?
2026-04-14T21:40:16.310+01:00 DEBUG 10256 --- [gestionUser] [nio-8081-exec-7] org.hibernate.SQL                        : select s1_0.id,s1_0.city,s1_0.downtown,s1_0.latitude,s1_0.longitude,s1_0.name,s1_0.surcharge from stations s1_0 where s1_0.id=?
Hibernate: select s1_0.id,s1_0.city,s1_0.downtown,s1_0.latitude,s1_0.longitude,s1_0.name,s1_0.surcharge from stations s1_0 where s1_0.id=?
2026-04-14T21:40:16.315+01:00 DEBUG 10256 --- [gestionUser] [nio-8081-exec-7] org.hibernate.SQL                        : select s1_0.id,s1_0.city,s1_0.downtown,s1_0.latitude,s1_0.longitude,s1_0.name,s1_0.surcharge from stations s1_0 where s1_0.id=?
Hibernate: select s1_0.id,s1_0.city,s1_0.downtown,s1_0.latitude,s1_0.longitude,s1_0.name,s1_0.surcharge from stations s1_0 where s1_0.id=?
2026-04-14T21:40:16.320+01:00 DEBUG 10256 --- [gestionUser] [nio-8081-exec-7] org.hibernate.SQL                        : select s1_0.id,s1_0.city,s1_0.downtown,s1_0.latitude,s1_0.longitude,s1_0.name,s1_0.surcharge from stations s1_0 where s1_0.id=?
Hibernate: select s1_0.id,s1_0.city,s1_0.downtown,s1_0.latitude,s1_0.longitude,s1_0.name,s1_0.surcharge from stations s1_0 where s1_0.id=?
2026-04-14T21:40:16.326+01:00 DEBUG 10256 --- [gestionUser] [nio-8081-exec-7] org.hibernate.SQL                        : select s1_0.id,s1_0.city,s1_0.downtown,s1_0.latitude,s1_0.longitude,s1_0.name,s1_0.surcharge from stations s1_0 where s1_0.id=?
Hibernate: select s1_0.id,s1_0.city,s1_0.downtown,s1_0.latitude,s1_0.longitude,s1_0.name,s1_0.surcharge from stations s1_0 where s1_0.id=?
2026-04-14T21:40:16.330+01:00 DEBUG 10256 --- [gestionUser] [nio-8081-exec-7] org.hibernate.SQL                        : select s1_0.id,s1_0.city,s1_0.downtown,s1_0.latitude,s1_0.longitude,s1_0.name,s1_0.surcharge from stations s1_0 where s1_0.id=?
Hibernate: select s1_0.id,s1_0.city,s1_0.downtown,s1_0.latitude,s1_0.longitude,s1_0.name,s1_0.surcharge from stations s1_0 where s1_0.id=?
2026-04-14T21:40:16.333+01:00 DEBUG 10256 --- [gestionUser] [nio-8081-exec-7] org.hibernate.SQL                        : select s1_0.id,s1_0.city,s1_0.downtown,s1_0.latitude,s1_0.longitude,s1_0.name,s1_0.surcharge from stations s1_0 where s1_0.id=?
Hibernate: select s1_0.id,s1_0.city,s1_0.downtown,s1_0.latitude,s1_0.longitude,s1_0.name,s1_0.surcharge from stations s1_0 where s1_0.id=?
2026-04-14T21:40:16.336+01:00 DEBUG 10256 --- [gestionUser] [nio-8081-exec-7] org.hibernate.SQL                        : select s1_0.id,s1_0.city,s1_0.downtown,s1_0.latitude,s1_0.longitude,s1_0.name,s1_0.surcharge from stations s1_0 where s1_0.id=?
Hibernate: select s1_0.id,s1_0.city,s1_0.downtown,s1_0.latitude,s1_0.longitude,s1_0.name,s1_0.surcharge from stations s1_0 where s1_0.id=?
2026-04-14T21:40:16.340+01:00 DEBUG 10256 --- [gestionUser] [nio-8081-exec-7] org.hibernate.SQL                        : select s1_0.id,s1_0.city,s1_0.downtown,s1_0.latitude,s1_0.longitude,s1_0.name,s1_0.surcharge from stations s1_0 where s1_0.id=?
Hibernate: select s1_0.id,s1_0.city,s1_0.downtown,s1_0.latitude,s1_0.longitude,s1_0.name,s1_0.surcharge from stations s1_0 where s1_0.id=?
2026-04-14T21:40:16.343+01:00 DEBUG 10256 --- [gestionUser] [nio-8081-exec-7] org.hibernate.SQL                        : select s1_0.id,s1_0.city,s1_0.downtown,s1_0.latitude,s1_0.longitude,s1_0.name,s1_0.surcharge from stations s1_0 where s1_0.id=?
Hibernate: select s1_0.id,s1_0.city,s1_0.downtown,s1_0.latitude,s1_0.longitude,s1_0.name,s1_0.surcharge from stations s1_0 where s1_0.id=?
2026-04-14T21:40:16.343+01:00 DEBUG 10256 --- [gestionUser] [nio-8081-exec-7] org.hibernate.SQL                        : select s1_0.id,s1_0.city,s1_0.downtown,s1_0.latitude,s1_0.longitude,s1_0.name,s1_0.surcharge from stations s1_0 where s1_0.id=?
Hibernate: select s1_0.id,s1_0.city,s1_0.downtown,s1_0.latitude,s1_0.longitude,s1_0.name,s1_0.surcharge from stations s1_0 where s1_0.id=?
2026-04-14T21:40:16.349+01:00 DEBUG 10256 --- [gestionUser] [nio-8081-exec-7] org.hibernate.SQL                        : select s1_0.id,s1_0.city,s1_0.downtown,s1_0.latitude,s1_0.longitude,s1_0.name,s1_0.surcharge from stations s1_0 where s1_0.id=?
Hibernate: select s1_0.id,s1_0.city,s1_0.downtown,s1_0.latitude,s1_0.longitude,s1_0.name,s1_0.surcharge from stations s1_0 where s1_0.id=?
2026-04-14T21:40:16.353+01:00 DEBUG 10256 --- [gestionUser] [nio-8081-exec-7] org.hibernate.SQL                        : select s1_0.id,s1_0.city,s1_0.downtown,s1_0.latitude,s1_0.longitude,s1_0.name,s1_0.surcharge from stations s1_0 where s1_0.id=?
Hibernate: select s1_0.id,s1_0.city,s1_0.downtown,s1_0.latitude,s1_0.longitude,s1_0.name,s1_0.surcharge from stations s1_0 where s1_0.id=?
2026-04-14T21:40:16.358+01:00 DEBUG 10256 --- [gestionUser] [nio-8081-exec-7] org.hibernate.SQL                        : select s1_0.id,s1_0.city,s1_0.downtown,s1_0.latitude,s1_0.longitude,s1_0.name,s1_0.surcharge from stations s1_0 where s1_0.id=?
Hibernate: select s1_0.id,s1_0.city,s1_0.downtown,s1_0.latitude,s1_0.longitude,s1_0.name,s1_0.surcharge from stations s1_0 where s1_0.id=?
2026-04-14T21:40:16.359+01:00 DEBUG 10256 --- [gestionUser] [nio-8081-exec-7] org.hibernate.SQL                        : select s1_0.id,s1_0.city,s1_0.downtown,s1_0.latitude,s1_0.longitude,s1_0.name,s1_0.surcharge from stations s1_0 where s1_0.id=?
Hibernate: select s1_0.id,s1_0.city,s1_0.downtown,s1_0.latitude,s1_0.longitude,s1_0.name,s1_0.surcharge from stations s1_0 where s1_0.id=?
2026-04-14T21:40:16.366+01:00 DEBUG 10256 --- [gestionUser] [nio-8081-exec-7] m.m.a.RequestResponseBodyMethodProcessor : Using 'application/json', given [application/json, text/plain, */*] and supported [application/json, application/*+json, application/yaml]
2026-04-14T21:40:16.369+01:00 DEBUG 10256 --- [gestionUser] [nio-8081-exec-7] m.m.a.RequestResponseBodyMethodProcessor : Writing [[TrajetDTO(id=2, departureStationId=5, departureStationName=Barcelone, arrivalStationId=6, arrivalSt (truncated)...]
2026-04-14T21:40:16.377+01:00 DEBUG 10256 --- [gestionUser] [nio-8081-exec-7] o.s.web.servlet.DispatcherServlet        : Completed 200 OK
2026-04-14T21:40:38.346+01:00 DEBUG 10256 --- [gestionUser] [nio-8081-exec-3] o.s.security.web.FilterChainProxy        : Securing OPTIONS /api/stations
2026-04-14T21:40:38.353+01:00 DEBUG 10256 --- [gestionUser] [nio-8081-exec-4] o.s.security.web.FilterChainProxy        : Securing GET /api/stations
2026-04-14T21:40:38.355+01:00  INFO 10256 --- [gestionUser] [nio-8081-exec-4] t.e.s.baladna.user.security.JwtFilter    : Request to: /api/stations - Auth header: present
2026-04-14T21:40:38.355+01:00  INFO 10256 --- [gestionUser] [nio-8081-exec-4] t.e.s.baladna.user.security.JwtFilter    : Token extracted (length: 167)
2026-04-14T21:40:38.362+01:00  INFO 10256 --- [gestionUser] [nio-8081-exec-4] t.e.s.baladna.user.security.JwtFilter    : Email extracted from token: ahmedm12@gmail.com
2026-04-14T21:40:38.365+01:00 DEBUG 10256 --- [gestionUser] [nio-8081-exec-4] org.hibernate.SQL                        : select u1_0.id,u1_0.email,u1_0.first_name,u1_0.last_login,u1_0.last_name,u1_0.password,u1_0.preferred_language,u1_0.profile_photo,u1_0.role,u1_0.status from user u1_0 where u1_0.email=?
Hibernate: select u1_0.id,u1_0.email,u1_0.first_name,u1_0.last_login,u1_0.last_name,u1_0.password,u1_0.preferred_language,u1_0.profile_photo,u1_0.role,u1_0.status from user u1_0 where u1_0.email=?
2026-04-14T21:40:38.369+01:00  INFO 10256 --- [gestionUser] [nio-8081-exec-4] t.e.s.baladna.user.security.JwtFilter    : User found: ahmedm12@gmail.com with role: HOST
2026-04-14T21:40:38.371+01:00  INFO 10256 --- [gestionUser] [nio-8081-exec-4] t.e.s.baladna.user.security.JwtFilter    : Setting authentication with role: ROLE_HOST
2026-04-14T21:40:38.371+01:00  INFO 10256 --- [gestionUser] [nio-8081-exec-4] t.e.s.baladna.user.security.JwtFilter    : Authentication set successfully
2026-04-14T21:40:38.373+01:00 DEBUG 10256 --- [gestionUser] [nio-8081-exec-4] o.s.security.web.FilterChainProxy        : Secured GET /api/stations
2026-04-14T21:40:38.374+01:00 DEBUG 10256 --- [gestionUser] [nio-8081-exec-4] o.s.web.servlet.DispatcherServlet        : GET "/api/stations", parameters={}
2026-04-14T21:40:38.375+01:00 DEBUG 10256 --- [gestionUser] [nio-8081-exec-4] s.w.s.m.m.a.RequestMappingHandlerMapping : Mapped to tn.esprit.spring.baladna.transport.controller.StationController#getAllStations()
2026-04-14T21:40:38.380+01:00 DEBUG 10256 --- [gestionUser] [nio-8081-exec-4] org.hibernate.SQL                        : select s1_0.id,s1_0.city,s1_0.downtown,s1_0.latitude,s1_0.longitude,s1_0.name,s1_0.surcharge from stations s1_0
Hibernate: select s1_0.id,s1_0.city,s1_0.downtown,s1_0.latitude,s1_0.longitude,s1_0.name,s1_0.surcharge from stations s1_0
2026-04-14T21:40:38.387+01:00 DEBUG 10256 --- [gestionUser] [nio-8081-exec-4] m.m.a.RequestResponseBodyMethodProcessor : Using 'application/json', given [application/json, text/plain, */*] and supported [application/json, application/*+json, application/yaml]
2026-04-14T21:40:38.387+01:00 DEBUG 10256 --- [gestionUser] [nio-8081-exec-4] m.m.a.RequestResponseBodyMethodProcessor : Writing [[StationDTO(id=5, name=Barcelone, city=kbeli, surcharge=3.0, downtown=true, latitude=0.0, longitude= (truncated)...]
2026-04-14T21:40:38.393+01:00 DEBUG 10256 --- [gestionUser] [nio-8081-exec-4] o.s.web.servlet.DispatcherServlet        : Completed 200 OK
2026-04-14T21:41:22.365+01:00 DEBUG 10256 --- [gestionUser] [nio-8081-exec-1] o.s.security.web.FilterChainProxy        : Securing OPTIONS /api/stations
2026-04-14T21:41:22.378+01:00 DEBUG 10256 --- [gestionUser] [nio-8081-exec-9] o.s.security.web.FilterChainProxy        : Securing POST /api/stations
2026-04-14T21:41:22.381+01:00  INFO 10256 --- [gestionUser] [nio-8081-exec-9] t.e.s.baladna.user.security.JwtFilter    : Request to: /api/stations - Auth header: present
2026-04-14T21:41:22.383+01:00  INFO 10256 --- [gestionUser] [nio-8081-exec-9] t.e.s.baladna.user.security.JwtFilter    : Token extracted (length: 167)
2026-04-14T21:41:22.389+01:00  INFO 10256 --- [gestionUser] [nio-8081-exec-9] t.e.s.baladna.user.security.JwtFilter    : Email extracted from token: ahmedm12@gmail.com
2026-04-14T21:41:22.390+01:00 DEBUG 10256 --- [gestionUser] [nio-8081-exec-9] org.hibernate.SQL                        : select u1_0.id,u1_0.email,u1_0.first_name,u1_0.last_login,u1_0.last_name,u1_0.password,u1_0.preferred_language,u1_0.profile_photo,u1_0.role,u1_0.status from user u1_0 where u1_0.email=?
Hibernate: select u1_0.id,u1_0.email,u1_0.first_name,u1_0.last_login,u1_0.last_name,u1_0.password,u1_0.preferred_language,u1_0.profile_photo,u1_0.role,u1_0.status from user u1_0 where u1_0.email=?
2026-04-14T21:41:22.397+01:00  INFO 10256 --- [gestionUser] [nio-8081-exec-9] t.e.s.baladna.user.security.JwtFilter    : User found: ahmedm12@gmail.com with role: HOST
2026-04-14T21:41:22.397+01:00  INFO 10256 --- [gestionUser] [nio-8081-exec-9] t.e.s.baladna.user.security.JwtFilter    : Setting authentication with role: ROLE_HOST
2026-04-14T21:41:22.397+01:00  INFO 10256 --- [gestionUser] [nio-8081-exec-9] t.e.s.baladna.user.security.JwtFilter    : Authentication set successfully
2026-04-14T21:41:22.397+01:00 DEBUG 10256 --- [gestionUser] [nio-8081-exec-9] o.s.security.web.FilterChainProxy        : Secured POST /api/stations
2026-04-14T21:41:22.405+01:00 DEBUG 10256 --- [gestionUser] [nio-8081-exec-9] o.s.web.servlet.DispatcherServlet        : POST "/api/stations", parameters={}
2026-04-14T21:41:22.406+01:00 DEBUG 10256 --- [gestionUser] [nio-8081-exec-9] s.w.s.m.m.a.RequestMappingHandlerMapping : Mapped to tn.esprit.spring.baladna.transport.controller.StationController#createStation(StationDTO)
2026-04-14T21:41:22.409+01:00 DEBUG 10256 --- [gestionUser] [nio-8081-exec-9] m.m.a.RequestResponseBodyMethodProcessor : Read "application/json;charset=UTF-8" to [StationDTO(id=null, name=Beb Aliwa, city=Tunis, surcharge=5.0, downtown=false, latitude=5.0, longitu (truncated)...]
2026-04-14T21:41:22.413+01:00 DEBUG 10256 --- [gestionUser] [nio-8081-exec-9] org.hibernate.SQL                        : select s1_0.id from stations s1_0 where s1_0.name=? and s1_0.city=? limit ?
Hibernate: select s1_0.id from stations s1_0 where s1_0.name=? and s1_0.city=? limit ?
2026-04-14T21:41:22.420+01:00 DEBUG 10256 --- [gestionUser] [nio-8081-exec-9] org.hibernate.SQL                        : insert into stations (city,downtown,latitude,longitude,name,surcharge) values (?,?,?,?,?,?)
Hibernate: insert into stations (city,downtown,latitude,longitude,name,surcharge) values (?,?,?,?,?,?)
2026-04-14T21:41:22.431+01:00 DEBUG 10256 --- [gestionUser] [nio-8081-exec-9] o.s.w.s.m.m.a.HttpEntityMethodProcessor  : Using 'application/json', given [application/json, text/plain, */*] and supported [application/json, application/*+json, application/yaml]
2026-04-14T21:41:22.432+01:00 DEBUG 10256 --- [gestionUser] [nio-8081-exec-9] o.s.w.s.m.m.a.HttpEntityMethodProcessor  : Writing [StationDTO(id=49, name=Beb Aliwa, city=Tunis, surcharge=5.0, downtown=false, latitude=5.0, longitude (truncated)...]
2026-04-14T21:41:22.433+01:00 DEBUG 10256 --- [gestionUser] [nio-8081-exec-9] o.s.web.servlet.DispatcherServlet        : Completed 200 OK
2026-04-14T21:41:22.446+01:00 DEBUG 10256 --- [gestionUser] [nio-8081-exec-5] o.s.security.web.FilterChainProxy        : Securing GET /api/stations
2026-04-14T21:41:22.446+01:00  INFO 10256 --- [gestionUser] [nio-8081-exec-5] t.e.s.baladna.user.security.JwtFilter    : Request to: /api/stations - Auth header: present
2026-04-14T21:41:22.446+01:00  INFO 10256 --- [gestionUser] [nio-8081-exec-5] t.e.s.baladna.user.security.JwtFilter    : Token extracted (length: 167)
2026-04-14T21:41:22.457+01:00  INFO 10256 --- [gestionUser] [nio-8081-exec-5] t.e.s.baladna.user.security.JwtFilter    : Email extracted from token: ahmedm12@gmail.com
2026-04-14T21:41:22.460+01:00 DEBUG 10256 --- [gestionUser] [nio-8081-exec-5] org.hibernate.SQL                        : select u1_0.id,u1_0.email,u1_0.first_name,u1_0.last_login,u1_0.last_name,u1_0.password,u1_0.preferred_language,u1_0.profile_photo,u1_0.role,u1_0.status from user u1_0 where u1_0.email=?
Hibernate: select u1_0.id,u1_0.email,u1_0.first_name,u1_0.last_login,u1_0.last_name,u1_0.password,u1_0.preferred_language,u1_0.profile_photo,u1_0.role,u1_0.status from user u1_0 where u1_0.email=?
2026-04-14T21:41:22.462+01:00  INFO 10256 --- [gestionUser] [nio-8081-exec-5] t.e.s.baladna.user.security.JwtFilter    : User found: ahmedm12@gmail.com with role: HOST
2026-04-14T21:41:22.466+01:00  INFO 10256 --- [gestionUser] [nio-8081-exec-5] t.e.s.baladna.user.security.JwtFilter    : Setting authentication with role: ROLE_HOST
2026-04-14T21:41:22.466+01:00  INFO 10256 --- [gestionUser] [nio-8081-exec-5] t.e.s.baladna.user.security.JwtFilter    : Authentication set successfully
2026-04-14T21:41:22.468+01:00 DEBUG 10256 --- [gestionUser] [nio-8081-exec-5] o.s.security.web.FilterChainProxy        : Secured GET /api/stations
2026-04-14T21:41:22.469+01:00 DEBUG 10256 --- [gestionUser] [nio-8081-exec-5] o.s.web.servlet.DispatcherServlet        : GET "/api/stations", parameters={}
2026-04-14T21:41:22.471+01:00 DEBUG 10256 --- [gestionUser] [nio-8081-exec-5] s.w.s.m.m.a.RequestMappingHandlerMapping : Mapped to tn.esprit.spring.baladna.transport.controller.StationController#getAllStations()
2026-04-14T21:41:22.478+01:00 DEBUG 10256 --- [gestionUser] [nio-8081-exec-5] org.hibernate.SQL                        : select s1_0.id,s1_0.city,s1_0.downtown,s1_0.latitude,s1_0.longitude,s1_0.name,s1_0.surcharge from stations s1_0
Hibernate: select s1_0.id,s1_0.city,s1_0.downtown,s1_0.latitude,s1_0.longitude,s1_0.name,s1_0.surcharge from stations s1_0
2026-04-14T21:41:22.487+01:00 DEBUG 10256 --- [gestionUser] [nio-8081-exec-5] m.m.a.RequestResponseBodyMethodProcessor : Using 'application/json', given [application/json, text/plain, */*] and supported [application/json, application/*+json, application/yaml]
2026-04-14T21:41:22.490+01:00 DEBUG 10256 --- [gestionUser] [nio-8081-exec-5] m.m.a.RequestResponseBodyMethodProcessor : Writing [[StationDTO(id=5, name=Barcelone, city=kbeli, surcharge=3.0, downtown=true, latitude=0.0, longitude= (truncated)...]
2026-04-14T21:41:22.490+01:00 DEBUG 10256 --- [gestionUser] [nio-8081-exec-5] o.s.web.servlet.DispatcherServlet        : Completed 200 OK
2026-04-14T21:41:26.696+01:00 DEBUG 10256 --- [gestionUser] [nio-8081-exec-7] o.s.security.web.FilterChainProxy        : Securing GET /api/stations
2026-04-14T21:41:26.708+01:00 DEBUG 10256 --- [gestionUser] [nio-8081-exec-3] o.s.security.web.FilterChainProxy        : Securing OPTIONS /api/trajets
2026-04-14T21:41:26.715+01:00  INFO 10256 --- [gestionUser] [nio-8081-exec-7] t.e.s.baladna.user.security.JwtFilter    : Request to: /api/stations - Auth header: present
2026-04-14T21:41:26.718+01:00  INFO 10256 --- [gestionUser] [nio-8081-exec-7] t.e.s.baladna.user.security.JwtFilter    : Token extracted (length: 167)
2026-04-14T21:41:26.726+01:00 DEBUG 10256 --- [gestionUser] [nio-8081-exec-4] o.s.security.web.FilterChainProxy        : Securing GET /api/trajets
2026-04-14T21:41:26.730+01:00  INFO 10256 --- [gestionUser] [nio-8081-exec-4] t.e.s.baladna.user.security.JwtFilter    : Request to: /api/trajets - Auth header: present
2026-04-14T21:41:26.732+01:00  INFO 10256 --- [gestionUser] [nio-8081-exec-4] t.e.s.baladna.user.security.JwtFilter    : Token extracted (length: 167)
2026-04-14T21:41:26.730+01:00  INFO 10256 --- [gestionUser] [nio-8081-exec-7] t.e.s.baladna.user.security.JwtFilter    : Email extracted from token: ahmedm12@gmail.com
2026-04-14T21:41:26.754+01:00 DEBUG 10256 --- [gestionUser] [nio-8081-exec-7] org.hibernate.SQL                        : select u1_0.id,u1_0.email,u1_0.first_name,u1_0.last_login,u1_0.last_name,u1_0.password,u1_0.preferred_language,u1_0.profile_photo,u1_0.role,u1_0.status from user u1_0 where u1_0.email=?
Hibernate: select u1_0.id,u1_0.email,u1_0.first_name,u1_0.last_login,u1_0.last_name,u1_0.password,u1_0.preferred_language,u1_0.profile_photo,u1_0.role,u1_0.status from user u1_0 where u1_0.email=?
2026-04-14T21:41:26.831+01:00  INFO 10256 --- [gestionUser] [nio-8081-exec-4] t.e.s.baladna.user.security.JwtFilter    : Email extracted from token: ahmedm12@gmail.com
2026-04-14T21:41:26.847+01:00 DEBUG 10256 --- [gestionUser] [nio-8081-exec-4] org.hibernate.SQL                        : select u1_0.id,u1_0.email,u1_0.first_name,u1_0.last_login,u1_0.last_name,u1_0.password,u1_0.preferred_language,u1_0.profile_photo,u1_0.role,u1_0.status from user u1_0 where u1_0.email=?
Hibernate: select u1_0.id,u1_0.email,u1_0.first_name,u1_0.last_login,u1_0.last_name,u1_0.password,u1_0.preferred_language,u1_0.profile_photo,u1_0.role,u1_0.status from user u1_0 where u1_0.email=?
2026-04-14T21:41:26.897+01:00  INFO 10256 --- [gestionUser] [nio-8081-exec-7] t.e.s.baladna.user.security.JwtFilter    : User found: ahmedm12@gmail.com with role: HOST
2026-04-14T21:41:26.898+01:00  INFO 10256 --- [gestionUser] [nio-8081-exec-7] t.e.s.baladna.user.security.JwtFilter    : Setting authentication with role: ROLE_HOST
2026-04-14T21:41:26.898+01:00  INFO 10256 --- [gestionUser] [nio-8081-exec-7] t.e.s.baladna.user.security.JwtFilter    : Authentication set successfully
2026-04-14T21:41:26.901+01:00 DEBUG 10256 --- [gestionUser] [nio-8081-exec-7] o.s.security.web.FilterChainProxy        : Secured GET /api/stations
2026-04-14T21:41:26.902+01:00 DEBUG 10256 --- [gestionUser] [nio-8081-exec-7] o.s.web.servlet.DispatcherServlet        : GET "/api/stations", parameters={}
2026-04-14T21:41:26.904+01:00 DEBUG 10256 --- [gestionUser] [nio-8081-exec-7] s.w.s.m.m.a.RequestMappingHandlerMapping : Mapped to tn.esprit.spring.baladna.transport.controller.StationController#getAllStations()
2026-04-14T21:41:26.907+01:00  INFO 10256 --- [gestionUser] [nio-8081-exec-4] t.e.s.baladna.user.security.JwtFilter    : User found: ahmedm12@gmail.com with role: HOST
2026-04-14T21:41:26.909+01:00  INFO 10256 --- [gestionUser] [nio-8081-exec-4] t.e.s.baladna.user.security.JwtFilter    : Setting authentication with role: ROLE_HOST
2026-04-14T21:41:26.911+01:00  INFO 10256 --- [gestionUser] [nio-8081-exec-4] t.e.s.baladna.user.security.JwtFilter    : Authentication set successfully
2026-04-14T21:41:26.914+01:00 DEBUG 10256 --- [gestionUser] [nio-8081-exec-4] o.s.security.web.FilterChainProxy        : Secured GET /api/trajets
2026-04-14T21:41:26.915+01:00 DEBUG 10256 --- [gestionUser] [nio-8081-exec-4] o.s.web.servlet.DispatcherServlet        : GET "/api/trajets", parameters={}
2026-04-14T21:41:26.917+01:00 DEBUG 10256 --- [gestionUser] [nio-8081-exec-4] s.w.s.m.m.a.RequestMappingHandlerMapping : Mapped to tn.esprit.spring.baladna.transport.controller.TrajetController#getAllTrajets()
2026-04-14T21:41:26.919+01:00 DEBUG 10256 --- [gestionUser] [nio-8081-exec-7] org.hibernate.SQL                        : select s1_0.id,s1_0.city,s1_0.downtown,s1_0.latitude,s1_0.longitude,s1_0.name,s1_0.surcharge from stations s1_0
Hibernate: select s1_0.id,s1_0.city,s1_0.downtown,s1_0.latitude,s1_0.longitude,s1_0.name,s1_0.surcharge from stations s1_0
2026-04-14T21:41:26.926+01:00 DEBUG 10256 --- [gestionUser] [nio-8081-exec-4] org.hibernate.SQL                        : select t1_0.id,t1_0.arrival_station_id,t1_0.departure_station_id,t1_0.distance_km,t1_0.estimated_duration_minutes,t1_0.price_per_km,t1_0.route_geo_json from trajets t1_0
Hibernate: select t1_0.id,t1_0.arrival_station_id,t1_0.departure_station_id,t1_0.distance_km,t1_0.estimated_duration_minutes,t1_0.price_per_km,t1_0.route_geo_json from trajets t1_0
2026-04-14T21:41:26.947+01:00 DEBUG 10256 --- [gestionUser] [nio-8081-exec-4] org.hibernate.SQL                        : select s1_0.id,s1_0.city,s1_0.downtown,s1_0.latitude,s1_0.longitude,s1_0.name,s1_0.surcharge from stations s1_0 where s1_0.id=?
Hibernate: select s1_0.id,s1_0.city,s1_0.downtown,s1_0.latitude,s1_0.longitude,s1_0.name,s1_0.surcharge from stations s1_0 where s1_0.id=?
2026-04-14T21:41:26.963+01:00 DEBUG 10256 --- [gestionUser] [nio-8081-exec-4] org.hibernate.SQL                        : select s1_0.id,s1_0.city,s1_0.downtown,s1_0.latitude,s1_0.longitude,s1_0.name,s1_0.surcharge from stations s1_0 where s1_0.id=?
Hibernate: select s1_0.id,s1_0.city,s1_0.downtown,s1_0.latitude,s1_0.longitude,s1_0.name,s1_0.surcharge from stations s1_0 where s1_0.id=?
2026-04-14T21:41:26.967+01:00 DEBUG 10256 --- [gestionUser] [nio-8081-exec-7] m.m.a.RequestResponseBodyMethodProcessor : Using 'application/json', given [application/json, text/plain, */*] and supported [application/json, application/*+json, application/yaml]
2026-04-14T21:41:26.969+01:00 DEBUG 10256 --- [gestionUser] [nio-8081-exec-7] m.m.a.RequestResponseBodyMethodProcessor : Writing [[StationDTO(id=5, name=Barcelone, city=kbeli, surcharge=3.0, downtown=true, latitude=0.0, longitude= (truncated)...]
2026-04-14T21:41:26.976+01:00 DEBUG 10256 --- [gestionUser] [nio-8081-exec-4] org.hibernate.SQL                        : select s1_0.id,s1_0.city,s1_0.downtown,s1_0.latitude,s1_0.longitude,s1_0.name,s1_0.surcharge from stations s1_0 where s1_0.id=?
Hibernate: select s1_0.id,s1_0.city,s1_0.downtown,s1_0.latitude,s1_0.longitude,s1_0.name,s1_0.surcharge from stations s1_0 where s1_0.id=?
2026-04-14T21:41:26.979+01:00 DEBUG 10256 --- [gestionUser] [nio-8081-exec-4] org.hibernate.SQL                        : select s1_0.id,s1_0.city,s1_0.downtown,s1_0.latitude,s1_0.longitude,s1_0.name,s1_0.surcharge from stations s1_0 where s1_0.id=?
Hibernate: select s1_0.id,s1_0.city,s1_0.downtown,s1_0.latitude,s1_0.longitude,s1_0.name,s1_0.surcharge from stations s1_0 where s1_0.id=?
2026-04-14T21:41:26.983+01:00 DEBUG 10256 --- [gestionUser] [nio-8081-exec-7] o.s.web.servlet.DispatcherServlet        : Completed 200 OK
2026-04-14T21:41:26.987+01:00 DEBUG 10256 --- [gestionUser] [nio-8081-exec-4] org.hibernate.SQL                        : select s1_0.id,s1_0.city,s1_0.downtown,s1_0.latitude,s1_0.longitude,s1_0.name,s1_0.surcharge from stations s1_0 where s1_0.id=?
Hibernate: select s1_0.id,s1_0.city,s1_0.downtown,s1_0.latitude,s1_0.longitude,s1_0.name,s1_0.surcharge from stations s1_0 where s1_0.id=?
2026-04-14T21:41:27.000+01:00 DEBUG 10256 --- [gestionUser] [nio-8081-exec-4] org.hibernate.SQL                        : select s1_0.id,s1_0.city,s1_0.downtown,s1_0.latitude,s1_0.longitude,s1_0.name,s1_0.surcharge from stations s1_0 where s1_0.id=?
Hibernate: select s1_0.id,s1_0.city,s1_0.downtown,s1_0.latitude,s1_0.longitude,s1_0.name,s1_0.surcharge from stations s1_0 where s1_0.id=?
2026-04-14T21:41:27.016+01:00 DEBUG 10256 --- [gestionUser] [nio-8081-exec-4] org.hibernate.SQL                        : select s1_0.id,s1_0.city,s1_0.downtown,s1_0.latitude,s1_0.longitude,s1_0.name,s1_0.surcharge from stations s1_0 where s1_0.id=?
Hibernate: select s1_0.id,s1_0.city,s1_0.downtown,s1_0.latitude,s1_0.longitude,s1_0.name,s1_0.surcharge from stations s1_0 where s1_0.id=?
2026-04-14T21:41:27.021+01:00 DEBUG 10256 --- [gestionUser] [nio-8081-exec-4] org.hibernate.SQL                        : select s1_0.id,s1_0.city,s1_0.downtown,s1_0.latitude,s1_0.longitude,s1_0.name,s1_0.surcharge from stations s1_0 where s1_0.id=?
Hibernate: select s1_0.id,s1_0.city,s1_0.downtown,s1_0.latitude,s1_0.longitude,s1_0.name,s1_0.surcharge from stations s1_0 where s1_0.id=?
2026-04-14T21:41:27.028+01:00 DEBUG 10256 --- [gestionUser] [nio-8081-exec-4] org.hibernate.SQL                        : select s1_0.id,s1_0.city,s1_0.downtown,s1_0.latitude,s1_0.longitude,s1_0.name,s1_0.surcharge from stations s1_0 where s1_0.id=?
Hibernate: select s1_0.id,s1_0.city,s1_0.downtown,s1_0.latitude,s1_0.longitude,s1_0.name,s1_0.surcharge from stations s1_0 where s1_0.id=?
2026-04-14T21:41:27.035+01:00 DEBUG 10256 --- [gestionUser] [nio-8081-exec-4] org.hibernate.SQL                        : select s1_0.id,s1_0.city,s1_0.downtown,s1_0.latitude,s1_0.longitude,s1_0.name,s1_0.surcharge from stations s1_0 where s1_0.id=?
Hibernate: select s1_0.id,s1_0.city,s1_0.downtown,s1_0.latitude,s1_0.longitude,s1_0.name,s1_0.surcharge from stations s1_0 where s1_0.id=?
2026-04-14T21:41:27.043+01:00 DEBUG 10256 --- [gestionUser] [nio-8081-exec-4] org.hibernate.SQL                        : select s1_0.id,s1_0.city,s1_0.downtown,s1_0.latitude,s1_0.longitude,s1_0.name,s1_0.surcharge from stations s1_0 where s1_0.id=?
Hibernate: select s1_0.id,s1_0.city,s1_0.downtown,s1_0.latitude,s1_0.longitude,s1_0.name,s1_0.surcharge from stations s1_0 where s1_0.id=?
2026-04-14T21:41:27.049+01:00 DEBUG 10256 --- [gestionUser] [nio-8081-exec-4] org.hibernate.SQL                        : select s1_0.id,s1_0.city,s1_0.downtown,s1_0.latitude,s1_0.longitude,s1_0.name,s1_0.surcharge from stations s1_0 where s1_0.id=?
Hibernate: select s1_0.id,s1_0.city,s1_0.downtown,s1_0.latitude,s1_0.longitude,s1_0.name,s1_0.surcharge from stations s1_0 where s1_0.id=?
2026-04-14T21:41:27.052+01:00 DEBUG 10256 --- [gestionUser] [nio-8081-exec-4] org.hibernate.SQL                        : select s1_0.id,s1_0.city,s1_0.downtown,s1_0.latitude,s1_0.longitude,s1_0.name,s1_0.surcharge from stations s1_0 where s1_0.id=?
Hibernate: select s1_0.id,s1_0.city,s1_0.downtown,s1_0.latitude,s1_0.longitude,s1_0.name,s1_0.surcharge from stations s1_0 where s1_0.id=?
2026-04-14T21:41:27.061+01:00 DEBUG 10256 --- [gestionUser] [nio-8081-exec-4] org.hibernate.SQL                        : select s1_0.id,s1_0.city,s1_0.downtown,s1_0.latitude,s1_0.longitude,s1_0.name,s1_0.surcharge from stations s1_0 where s1_0.id=?
Hibernate: select s1_0.id,s1_0.city,s1_0.downtown,s1_0.latitude,s1_0.longitude,s1_0.name,s1_0.surcharge from stations s1_0 where s1_0.id=?
2026-04-14T21:41:27.069+01:00 DEBUG 10256 --- [gestionUser] [nio-8081-exec-4] org.hibernate.SQL                        : select s1_0.id,s1_0.city,s1_0.downtown,s1_0.latitude,s1_0.longitude,s1_0.name,s1_0.surcharge from stations s1_0 where s1_0.id=?
Hibernate: select s1_0.id,s1_0.city,s1_0.downtown,s1_0.latitude,s1_0.longitude,s1_0.name,s1_0.surcharge from stations s1_0 where s1_0.id=?
2026-04-14T21:41:27.078+01:00 DEBUG 10256 --- [gestionUser] [nio-8081-exec-4] org.hibernate.SQL                        : select s1_0.id,s1_0.city,s1_0.downtown,s1_0.latitude,s1_0.longitude,s1_0.name,s1_0.surcharge from stations s1_0 where s1_0.id=?
Hibernate: select s1_0.id,s1_0.city,s1_0.downtown,s1_0.latitude,s1_0.longitude,s1_0.name,s1_0.surcharge from stations s1_0 where s1_0.id=?
2026-04-14T21:41:27.082+01:00 DEBUG 10256 --- [gestionUser] [nio-8081-exec-4] org.hibernate.SQL                        : select s1_0.id,s1_0.city,s1_0.downtown,s1_0.latitude,s1_0.longitude,s1_0.name,s1_0.surcharge from stations s1_0 where s1_0.id=?
Hibernate: select s1_0.id,s1_0.city,s1_0.downtown,s1_0.latitude,s1_0.longitude,s1_0.name,s1_0.surcharge from stations s1_0 where s1_0.id=?
2026-04-14T21:41:27.086+01:00 DEBUG 10256 --- [gestionUser] [nio-8081-exec-4] m.m.a.RequestResponseBodyMethodProcessor : Using 'application/json', given [application/json, text/plain, */*] and supported [application/json, application/*+json, application/yaml]
2026-04-14T21:41:27.089+01:00 DEBUG 10256 --- [gestionUser] [nio-8081-exec-4] m.m.a.RequestResponseBodyMethodProcessor : Writing [[TrajetDTO(id=2, departureStationId=5, departureStationName=Barcelone, arrivalStationId=6, arrivalSt (truncated)...]
2026-04-14T21:41:27.093+01:00 DEBUG 10256 --- [gestionUser] [nio-8081-exec-4] o.s.web.servlet.DispatcherServlet        : Completed 200 OK
2026-04-14T21:41:51.943+01:00 DEBUG 10256 --- [gestionUser] [nio-8081-exec-2] o.s.security.web.FilterChainProxy        : Securing OPTIONS /api/trajets
2026-04-14T21:41:51.952+01:00 DEBUG 10256 --- [gestionUser] [nio-8081-exec-6] o.s.security.web.FilterChainProxy        : Securing POST /api/trajets
2026-04-14T21:41:51.954+01:00  INFO 10256 --- [gestionUser] [nio-8081-exec-6] t.e.s.baladna.user.security.JwtFilter    : Request to: /api/trajets - Auth header: present
2026-04-14T21:41:51.956+01:00  INFO 10256 --- [gestionUser] [nio-8081-exec-6] t.e.s.baladna.user.security.JwtFilter    : Token extracted (length: 167)
2026-04-14T21:41:51.958+01:00  INFO 10256 --- [gestionUser] [nio-8081-exec-6] t.e.s.baladna.user.security.JwtFilter    : Email extracted from token: ahmedm12@gmail.com
2026-04-14T21:41:51.963+01:00 DEBUG 10256 --- [gestionUser] [nio-8081-exec-6] org.hibernate.SQL                        : select u1_0.id,u1_0.email,u1_0.first_name,u1_0.last_login,u1_0.last_name,u1_0.password,u1_0.preferred_language,u1_0.profile_photo,u1_0.role,u1_0.status from user u1_0 where u1_0.email=?
Hibernate: select u1_0.id,u1_0.email,u1_0.first_name,u1_0.last_login,u1_0.last_name,u1_0.password,u1_0.preferred_language,u1_0.profile_photo,u1_0.role,u1_0.status from user u1_0 where u1_0.email=?
2026-04-14T21:41:51.971+01:00  INFO 10256 --- [gestionUser] [nio-8081-exec-6] t.e.s.baladna.user.security.JwtFilter    : User found: ahmedm12@gmail.com with role: HOST
2026-04-14T21:41:51.973+01:00  INFO 10256 --- [gestionUser] [nio-8081-exec-6] t.e.s.baladna.user.security.JwtFilter    : Setting authentication with role: ROLE_HOST
2026-04-14T21:41:51.974+01:00  INFO 10256 --- [gestionUser] [nio-8081-exec-6] t.e.s.baladna.user.security.JwtFilter    : Authentication set successfully
2026-04-14T21:41:51.974+01:00 DEBUG 10256 --- [gestionUser] [nio-8081-exec-6] o.s.security.web.FilterChainProxy        : Secured POST /api/trajets
2026-04-14T21:41:51.977+01:00 DEBUG 10256 --- [gestionUser] [nio-8081-exec-6] o.s.web.servlet.DispatcherServlet        : POST "/api/trajets", parameters={}
2026-04-14T21:41:51.981+01:00 DEBUG 10256 --- [gestionUser] [nio-8081-exec-6] s.w.s.m.m.a.RequestMappingHandlerMapping : Mapped to tn.esprit.spring.baladna.transport.controller.TrajetController#createTrajet(TrajetDTO)
2026-04-14T21:41:51.985+01:00 DEBUG 10256 --- [gestionUser] [nio-8081-exec-6] m.m.a.RequestResponseBodyMethodProcessor : Read "application/json;charset=UTF-8" to [TrajetDTO(id=null, departureStationId=49, departureStationName=null, arrivalStationId=39, arrivalSta (truncated)...]
2026-04-14T21:41:51.989+01:00 DEBUG 10256 --- [gestionUser] [nio-8081-exec-6] org.hibernate.SQL                        : select s1_0.id,s1_0.city,s1_0.downtown,s1_0.latitude,s1_0.longitude,s1_0.name,s1_0.surcharge from stations s1_0 where s1_0.id=?
Hibernate: select s1_0.id,s1_0.city,s1_0.downtown,s1_0.latitude,s1_0.longitude,s1_0.name,s1_0.surcharge from stations s1_0 where s1_0.id=?
2026-04-14T21:41:51.996+01:00 DEBUG 10256 --- [gestionUser] [nio-8081-exec-6] org.hibernate.SQL                        : select s1_0.id,s1_0.city,s1_0.downtown,s1_0.latitude,s1_0.longitude,s1_0.name,s1_0.surcharge from stations s1_0 where s1_0.id=?
Hibernate: select s1_0.id,s1_0.city,s1_0.downtown,s1_0.latitude,s1_0.longitude,s1_0.name,s1_0.surcharge from stations s1_0 where s1_0.id=?
2026-04-14T21:41:52.006+01:00 DEBUG 10256 --- [gestionUser] [nio-8081-exec-6] o.s.web.client.RestTemplate              : HTTP GET https://router.project-osrm.org/route/v1/driving/5.0,5.0;0.0,0.0?overview=full&geometries=geojson
2026-04-14T21:41:52.008+01:00 DEBUG 10256 --- [gestionUser] [nio-8081-exec-6] o.s.web.client.RestTemplate              : Accept=[application/json, application/yaml, application/*+json]
2026-04-14T21:41:52.255+01:00 DEBUG 10256 --- [gestionUser] [nio-8081-exec-6] o.s.web.client.RestTemplate              : Response 400 BAD_REQUEST
2026-04-14T21:41:52.286+01:00 DEBUG 10256 --- [gestionUser] [nio-8081-exec-6] org.hibernate.SQL                        : insert into trajets (arrival_station_id,departure_station_id,distance_km,estimated_duration_minutes,price_per_km,route_geo_json) values (?,?,?,?,?,?)
Hibernate: insert into trajets (arrival_station_id,departure_station_id,distance_km,estimated_duration_minutes,price_per_km,route_geo_json) values (?,?,?,?,?,?)
2026-04-14T21:41:52.315+01:00 DEBUG 10256 --- [gestionUser] [nio-8081-exec-6] o.s.w.s.m.m.a.HttpEntityMethodProcessor  : Using 'application/json', given [application/json, text/plain, */*] and supported [application/json, application/*+json, application/yaml]
2026-04-14T21:41:52.318+01:00 DEBUG 10256 --- [gestionUser] [nio-8081-exec-6] o.s.w.s.m.m.a.HttpEntityMethodProcessor  : Writing [TrajetDTO(id=40, departureStationId=49, departureStationName=Beb Aliwa, arrivalStationId=39, arrival (truncated)...]
2026-04-14T21:41:52.318+01:00 DEBUG 10256 --- [gestionUser] [nio-8081-exec-6] o.s.web.servlet.DispatcherServlet        : Completed 200 OK
2026-04-14T21:41:52.348+01:00 DEBUG 10256 --- [gestionUser] [nio-8081-exec-8] o.s.security.web.FilterChainProxy        : Securing GET /api/trajets
2026-04-14T21:41:52.350+01:00  INFO 10256 --- [gestionUser] [nio-8081-exec-8] t.e.s.baladna.user.security.JwtFilter    : Request to: /api/trajets - Auth header: present
2026-04-14T21:41:52.350+01:00  INFO 10256 --- [gestionUser] [nio-8081-exec-8] t.e.s.baladna.user.security.JwtFilter    : Token extracted (length: 167)
2026-04-14T21:41:52.357+01:00  INFO 10256 --- [gestionUser] [nio-8081-exec-8] t.e.s.baladna.user.security.JwtFilter    : Email extracted from token: ahmedm12@gmail.com
2026-04-14T21:41:52.360+01:00 DEBUG 10256 --- [gestionUser] [nio-8081-exec-8] org.hibernate.SQL                        : select u1_0.id,u1_0.email,u1_0.first_name,u1_0.last_login,u1_0.last_name,u1_0.password,u1_0.preferred_language,u1_0.profile_photo,u1_0.role,u1_0.status from user u1_0 where u1_0.email=?
Hibernate: select u1_0.id,u1_0.email,u1_0.first_name,u1_0.last_login,u1_0.last_name,u1_0.password,u1_0.preferred_language,u1_0.profile_photo,u1_0.role,u1_0.status from user u1_0 where u1_0.email=?
2026-04-14T21:41:52.360+01:00  INFO 10256 --- [gestionUser] [nio-8081-exec-8] t.e.s.baladna.user.security.JwtFilter    : User found: ahmedm12@gmail.com with role: HOST
2026-04-14T21:41:52.360+01:00  INFO 10256 --- [gestionUser] [nio-8081-exec-8] t.e.s.baladna.user.security.JwtFilter    : Setting authentication with role: ROLE_HOST
2026-04-14T21:41:52.360+01:00  INFO 10256 --- [gestionUser] [nio-8081-exec-8] t.e.s.baladna.user.security.JwtFilter    : Authentication set successfully
2026-04-14T21:41:52.368+01:00 DEBUG 10256 --- [gestionUser] [nio-8081-exec-8] o.s.security.web.FilterChainProxy        : Secured GET /api/trajets
2026-04-14T21:41:52.369+01:00 DEBUG 10256 --- [gestionUser] [nio-8081-exec-8] o.s.web.servlet.DispatcherServlet        : GET "/api/trajets", parameters={}
2026-04-14T21:41:52.369+01:00 DEBUG 10256 --- [gestionUser] [nio-8081-exec-8] s.w.s.m.m.a.RequestMappingHandlerMapping : Mapped to tn.esprit.spring.baladna.transport.controller.TrajetController#getAllTrajets()
2026-04-14T21:41:52.389+01:00 DEBUG 10256 --- [gestionUser] [nio-8081-exec-8] org.hibernate.SQL                        : select t1_0.id,t1_0.arrival_station_id,t1_0.departure_station_id,t1_0.distance_km,t1_0.estimated_duration_minutes,t1_0.price_per_km,t1_0.route_geo_json from trajets t1_0
Hibernate: select t1_0.id,t1_0.arrival_station_id,t1_0.departure_station_id,t1_0.distance_km,t1_0.estimated_duration_minutes,t1_0.price_per_km,t1_0.route_geo_json from trajets t1_0
2026-04-14T21:41:52.400+01:00 DEBUG 10256 --- [gestionUser] [nio-8081-exec-8] org.hibernate.SQL                        : select s1_0.id,s1_0.city,s1_0.downtown,s1_0.latitude,s1_0.longitude,s1_0.name,s1_0.surcharge from stations s1_0 where s1_0.id=?
Hibernate: select s1_0.id,s1_0.city,s1_0.downtown,s1_0.latitude,s1_0.longitude,s1_0.name,s1_0.surcharge from stations s1_0 where s1_0.id=?
2026-04-14T21:41:52.412+01:00 DEBUG 10256 --- [gestionUser] [nio-8081-exec-8] org.hibernate.SQL                        : select s1_0.id,s1_0.city,s1_0.downtown,s1_0.latitude,s1_0.longitude,s1_0.name,s1_0.surcharge from stations s1_0 where s1_0.id=?
Hibernate: select s1_0.id,s1_0.city,s1_0.downtown,s1_0.latitude,s1_0.longitude,s1_0.name,s1_0.surcharge from stations s1_0 where s1_0.id=?
2026-04-14T21:41:52.412+01:00 DEBUG 10256 --- [gestionUser] [nio-8081-exec-8] org.hibernate.SQL                        : select s1_0.id,s1_0.city,s1_0.downtown,s1_0.latitude,s1_0.longitude,s1_0.name,s1_0.surcharge from stations s1_0 where s1_0.id=?
Hibernate: select s1_0.id,s1_0.city,s1_0.downtown,s1_0.latitude,s1_0.longitude,s1_0.name,s1_0.surcharge from stations s1_0 where s1_0.id=?
2026-04-14T21:41:52.420+01:00 DEBUG 10256 --- [gestionUser] [nio-8081-exec-8] org.hibernate.SQL                        : select s1_0.id,s1_0.city,s1_0.downtown,s1_0.latitude,s1_0.longitude,s1_0.name,s1_0.surcharge from stations s1_0 where s1_0.id=?
Hibernate: select s1_0.id,s1_0.city,s1_0.downtown,s1_0.latitude,s1_0.longitude,s1_0.name,s1_0.surcharge from stations s1_0 where s1_0.id=?
2026-04-14T21:41:52.426+01:00 DEBUG 10256 --- [gestionUser] [nio-8081-exec-8] org.hibernate.SQL                        : select s1_0.id,s1_0.city,s1_0.downtown,s1_0.latitude,s1_0.longitude,s1_0.name,s1_0.surcharge from stations s1_0 where s1_0.id=?
Hibernate: select s1_0.id,s1_0.city,s1_0.downtown,s1_0.latitude,s1_0.longitude,s1_0.name,s1_0.surcharge from stations s1_0 where s1_0.id=?
2026-04-14T21:41:52.427+01:00 DEBUG 10256 --- [gestionUser] [nio-8081-exec-8] org.hibernate.SQL                        : select s1_0.id,s1_0.city,s1_0.downtown,s1_0.latitude,s1_0.longitude,s1_0.name,s1_0.surcharge from stations s1_0 where s1_0.id=?
Hibernate: select s1_0.id,s1_0.city,s1_0.downtown,s1_0.latitude,s1_0.longitude,s1_0.name,s1_0.surcharge from stations s1_0 where s1_0.id=?
2026-04-14T21:41:52.431+01:00 DEBUG 10256 --- [gestionUser] [nio-8081-exec-8] org.hibernate.SQL                        : select s1_0.id,s1_0.city,s1_0.downtown,s1_0.latitude,s1_0.longitude,s1_0.name,s1_0.surcharge from stations s1_0 where s1_0.id=?
Hibernate: select s1_0.id,s1_0.city,s1_0.downtown,s1_0.latitude,s1_0.longitude,s1_0.name,s1_0.surcharge from stations s1_0 where s1_0.id=?
2026-04-14T21:41:52.435+01:00 DEBUG 10256 --- [gestionUser] [nio-8081-exec-8] org.hibernate.SQL                        : select s1_0.id,s1_0.city,s1_0.downtown,s1_0.latitude,s1_0.longitude,s1_0.name,s1_0.surcharge from stations s1_0 where s1_0.id=?
Hibernate: select s1_0.id,s1_0.city,s1_0.downtown,s1_0.latitude,s1_0.longitude,s1_0.name,s1_0.surcharge from stations s1_0 where s1_0.id=?
2026-04-14T21:41:52.438+01:00 DEBUG 10256 --- [gestionUser] [nio-8081-exec-8] org.hibernate.SQL                        : select s1_0.id,s1_0.city,s1_0.downtown,s1_0.latitude,s1_0.longitude,s1_0.name,s1_0.surcharge from stations s1_0 where s1_0.id=?
Hibernate: select s1_0.id,s1_0.city,s1_0.downtown,s1_0.latitude,s1_0.longitude,s1_0.name,s1_0.surcharge from stations s1_0 where s1_0.id=?
2026-04-14T21:41:52.443+01:00 DEBUG 10256 --- [gestionUser] [nio-8081-exec-8] org.hibernate.SQL                        : select s1_0.id,s1_0.city,s1_0.downtown,s1_0.latitude,s1_0.longitude,s1_0.name,s1_0.surcharge from stations s1_0 where s1_0.id=?
Hibernate: select s1_0.id,s1_0.city,s1_0.downtown,s1_0.latitude,s1_0.longitude,s1_0.name,s1_0.surcharge from stations s1_0 where s1_0.id=?
2026-04-14T21:41:52.445+01:00 DEBUG 10256 --- [gestionUser] [nio-8081-exec-8] org.hibernate.SQL                        : select s1_0.id,s1_0.city,s1_0.downtown,s1_0.latitude,s1_0.longitude,s1_0.name,s1_0.surcharge from stations s1_0 where s1_0.id=?
Hibernate: select s1_0.id,s1_0.city,s1_0.downtown,s1_0.latitude,s1_0.longitude,s1_0.name,s1_0.surcharge from stations s1_0 where s1_0.id=?
2026-04-14T21:41:52.445+01:00 DEBUG 10256 --- [gestionUser] [nio-8081-exec-8] org.hibernate.SQL                        : select s1_0.id,s1_0.city,s1_0.downtown,s1_0.latitude,s1_0.longitude,s1_0.name,s1_0.surcharge from stations s1_0 where s1_0.id=?
Hibernate: select s1_0.id,s1_0.city,s1_0.downtown,s1_0.latitude,s1_0.longitude,s1_0.name,s1_0.surcharge from stations s1_0 where s1_0.id=?
2026-04-14T21:41:52.455+01:00 DEBUG 10256 --- [gestionUser] [nio-8081-exec-8] org.hibernate.SQL                        : select s1_0.id,s1_0.city,s1_0.downtown,s1_0.latitude,s1_0.longitude,s1_0.name,s1_0.surcharge from stations s1_0 where s1_0.id=?
Hibernate: select s1_0.id,s1_0.city,s1_0.downtown,s1_0.latitude,s1_0.longitude,s1_0.name,s1_0.surcharge from stations s1_0 where s1_0.id=?
2026-04-14T21:41:52.459+01:00 DEBUG 10256 --- [gestionUser] [nio-8081-exec-8] org.hibernate.SQL                        : select s1_0.id,s1_0.city,s1_0.downtown,s1_0.latitude,s1_0.longitude,s1_0.name,s1_0.surcharge from stations s1_0 where s1_0.id=?
Hibernate: select s1_0.id,s1_0.city,s1_0.downtown,s1_0.latitude,s1_0.longitude,s1_0.name,s1_0.surcharge from stations s1_0 where s1_0.id=?
2026-04-14T21:41:52.459+01:00 DEBUG 10256 --- [gestionUser] [nio-8081-exec-8] org.hibernate.SQL                        : select s1_0.id,s1_0.city,s1_0.downtown,s1_0.latitude,s1_0.longitude,s1_0.name,s1_0.surcharge from stations s1_0 where s1_0.id=?
Hibernate: select s1_0.id,s1_0.city,s1_0.downtown,s1_0.latitude,s1_0.longitude,s1_0.name,s1_0.surcharge from stations s1_0 where s1_0.id=?
2026-04-14T21:41:52.459+01:00 DEBUG 10256 --- [gestionUser] [nio-8081-exec-8] org.hibernate.SQL                        : select s1_0.id,s1_0.city,s1_0.downtown,s1_0.latitude,s1_0.longitude,s1_0.name,s1_0.surcharge from stations s1_0 where s1_0.id=?
Hibernate: select s1_0.id,s1_0.city,s1_0.downtown,s1_0.latitude,s1_0.longitude,s1_0.name,s1_0.surcharge from stations s1_0 where s1_0.id=?
2026-04-14T21:41:52.468+01:00 DEBUG 10256 --- [gestionUser] [nio-8081-exec-8] org.hibernate.SQL                        : select s1_0.id,s1_0.city,s1_0.downtown,s1_0.latitude,s1_0.longitude,s1_0.name,s1_0.surcharge from stations s1_0 where s1_0.id=?
Hibernate: select s1_0.id,s1_0.city,s1_0.downtown,s1_0.latitude,s1_0.longitude,s1_0.name,s1_0.surcharge from stations s1_0 where s1_0.id=?
2026-04-14T21:41:52.471+01:00 DEBUG 10256 --- [gestionUser] [nio-8081-exec-8] org.hibernate.SQL                        : select s1_0.id,s1_0.city,s1_0.downtown,s1_0.latitude,s1_0.longitude,s1_0.name,s1_0.surcharge from stations s1_0 where s1_0.id=?
Hibernate: select s1_0.id,s1_0.city,s1_0.downtown,s1_0.latitude,s1_0.longitude,s1_0.name,s1_0.surcharge from stations s1_0 where s1_0.id=?
2026-04-14T21:41:52.478+01:00 DEBUG 10256 --- [gestionUser] [nio-8081-exec-8] org.hibernate.SQL                        : select s1_0.id,s1_0.city,s1_0.downtown,s1_0.latitude,s1_0.longitude,s1_0.name,s1_0.surcharge from stations s1_0 where s1_0.id=?
Hibernate: select s1_0.id,s1_0.city,s1_0.downtown,s1_0.latitude,s1_0.longitude,s1_0.name,s1_0.surcharge from stations s1_0 where s1_0.id=?
2026-04-14T21:41:52.481+01:00 DEBUG 10256 --- [gestionUser] [nio-8081-exec-8] m.m.a.RequestResponseBodyMethodProcessor : Using 'application/json', given [application/json, text/plain, */*] and supported [application/json, application/*+json, application/yaml]
2026-04-14T21:41:52.483+01:00 DEBUG 10256 --- [gestionUser] [nio-8081-exec-8] m.m.a.RequestResponseBodyMethodProcessor : Writing [[TrajetDTO(id=2, departureStationId=5, departureStationName=Barcelone, arrivalStationId=6, arrivalSt (truncated)...]
2026-04-14T21:41:52.485+01:00 DEBUG 10256 --- [gestionUser] [nio-8081-exec-8] o.s.web.servlet.DispatcherServlet        : Completed 200 OK
2026-04-14T21:41:59.029+01:00 DEBUG 10256 --- [gestionUser] [io-8081-exec-10] o.s.security.web.FilterChainProxy        : Securing OPTIONS /api/stations
2026-04-14T21:41:59.039+01:00 DEBUG 10256 --- [gestionUser] [nio-8081-exec-1] o.s.security.web.FilterChainProxy        : Securing GET /api/stations
2026-04-14T21:41:59.045+01:00  INFO 10256 --- [gestionUser] [nio-8081-exec-1] t.e.s.baladna.user.security.JwtFilter    : Request to: /api/stations - Auth header: present
2026-04-14T21:41:59.046+01:00  INFO 10256 --- [gestionUser] [nio-8081-exec-1] t.e.s.baladna.user.security.JwtFilter    : Token extracted (length: 167)
2026-04-14T21:41:59.052+01:00  INFO 10256 --- [gestionUser] [nio-8081-exec-1] t.e.s.baladna.user.security.JwtFilter    : Email extracted from token: ahmedm12@gmail.com
2026-04-14T21:41:59.056+01:00 DEBUG 10256 --- [gestionUser] [nio-8081-exec-1] org.hibernate.SQL                        : select u1_0.id,u1_0.email,u1_0.first_name,u1_0.last_login,u1_0.last_name,u1_0.password,u1_0.preferred_language,u1_0.profile_photo,u1_0.role,u1_0.status from user u1_0 where u1_0.email=?
Hibernate: select u1_0.id,u1_0.email,u1_0.first_name,u1_0.last_login,u1_0.last_name,u1_0.password,u1_0.preferred_language,u1_0.profile_photo,u1_0.role,u1_0.status from user u1_0 where u1_0.email=?
2026-04-14T21:41:59.060+01:00  INFO 10256 --- [gestionUser] [nio-8081-exec-1] t.e.s.baladna.user.security.JwtFilter    : User found: ahmedm12@gmail.com with role: HOST
2026-04-14T21:41:59.060+01:00  INFO 10256 --- [gestionUser] [nio-8081-exec-1] t.e.s.baladna.user.security.JwtFilter    : Setting authentication with role: ROLE_HOST
2026-04-14T21:41:59.060+01:00  INFO 10256 --- [gestionUser] [nio-8081-exec-1] t.e.s.baladna.user.security.JwtFilter    : Authentication set successfully
2026-04-14T21:41:59.060+01:00 DEBUG 10256 --- [gestionUser] [nio-8081-exec-1] o.s.security.web.FilterChainProxy        : Secured GET /api/stations
2026-04-14T21:41:59.060+01:00 DEBUG 10256 --- [gestionUser] [nio-8081-exec-1] o.s.web.servlet.DispatcherServlet        : GET "/api/stations", parameters={}
2026-04-14T21:41:59.060+01:00 DEBUG 10256 --- [gestionUser] [nio-8081-exec-1] s.w.s.m.m.a.RequestMappingHandlerMapping : Mapped to tn.esprit.spring.baladna.transport.controller.StationController#getAllStations()
2026-04-14T21:41:59.072+01:00 DEBUG 10256 --- [gestionUser] [nio-8081-exec-1] org.hibernate.SQL                        : select s1_0.id,s1_0.city,s1_0.downtown,s1_0.latitude,s1_0.longitude,s1_0.name,s1_0.surcharge from stations s1_0
Hibernate: select s1_0.id,s1_0.city,s1_0.downtown,s1_0.latitude,s1_0.longitude,s1_0.name,s1_0.surcharge from stations s1_0
2026-04-14T21:41:59.080+01:00 DEBUG 10256 --- [gestionUser] [nio-8081-exec-1] m.m.a.RequestResponseBodyMethodProcessor : Using 'application/json', given [application/json, text/plain, */*] and supported [application/json, application/*+json, application/yaml]
2026-04-14T21:41:59.081+01:00 DEBUG 10256 --- [gestionUser] [nio-8081-exec-1] m.m.a.RequestResponseBodyMethodProcessor : Writing [[StationDTO(id=5, name=Barcelone, city=kbeli, surcharge=3.0, downtown=true, latitude=0.0, longitude= (truncated)...]
2026-04-14T21:41:59.085+01:00 DEBUG 10256 --- [gestionUser] [nio-8081-exec-1] o.s.web.servlet.DispatcherServlet        : Completed 200 OK
2026-04-14T21:43:41.849+01:00 DEBUG 10256 --- [gestionUser] [nio-8081-exec-3] o.s.security.web.FilterChainProxy        : Securing OPTIONS /api/stations
2026-04-14T21:43:41.849+01:00 DEBUG 10256 --- [gestionUser] [nio-8081-exec-7] o.s.security.web.FilterChainProxy        : Securing OPTIONS /api/trajets
2026-04-14T21:43:41.861+01:00 DEBUG 10256 --- [gestionUser] [nio-8081-exec-4] o.s.security.web.FilterChainProxy        : Securing GET /api/stations
2026-04-14T21:43:41.861+01:00 DEBUG 10256 --- [gestionUser] [nio-8081-exec-2] o.s.security.web.FilterChainProxy        : Securing GET /api/trajets
2026-04-14T21:43:41.863+01:00  INFO 10256 --- [gestionUser] [nio-8081-exec-4] t.e.s.baladna.user.security.JwtFilter    : Request to: /api/stations - Auth header: present
2026-04-14T21:43:41.863+01:00  INFO 10256 --- [gestionUser] [nio-8081-exec-2] t.e.s.baladna.user.security.JwtFilter    : Request to: /api/trajets - Auth header: present
2026-04-14T21:43:41.865+01:00  INFO 10256 --- [gestionUser] [nio-8081-exec-4] t.e.s.baladna.user.security.JwtFilter    : Token extracted (length: 167)
2026-04-14T21:43:41.865+01:00  INFO 10256 --- [gestionUser] [nio-8081-exec-2] t.e.s.baladna.user.security.JwtFilter    : Token extracted (length: 167)
2026-04-14T21:43:41.869+01:00  INFO 10256 --- [gestionUser] [nio-8081-exec-4] t.e.s.baladna.user.security.JwtFilter    : Email extracted from token: ahmedm12@gmail.com
2026-04-14T21:43:41.869+01:00  INFO 10256 --- [gestionUser] [nio-8081-exec-2] t.e.s.baladna.user.security.JwtFilter    : Email extracted from token: ahmedm12@gmail.com
2026-04-14T21:43:41.873+01:00 DEBUG 10256 --- [gestionUser] [nio-8081-exec-4] org.hibernate.SQL                        : select u1_0.id,u1_0.email,u1_0.first_name,u1_0.last_login,u1_0.last_name,u1_0.password,u1_0.preferred_language,u1_0.profile_photo,u1_0.role,u1_0.status from user u1_0 where u1_0.email=?
Hibernate: select u1_0.id,u1_0.email,u1_0.first_name,u1_0.last_login,u1_0.last_name,u1_0.password,u1_0.preferred_language,u1_0.profile_photo,u1_0.role,u1_0.status from user u1_0 where u1_0.email=?
2026-04-14T21:43:41.873+01:00 DEBUG 10256 --- [gestionUser] [nio-8081-exec-2] org.hibernate.SQL                        : select u1_0.id,u1_0.email,u1_0.first_name,u1_0.last_login,u1_0.last_name,u1_0.password,u1_0.preferred_language,u1_0.profile_photo,u1_0.role,u1_0.status from user u1_0 where u1_0.email=?
Hibernate: select u1_0.id,u1_0.email,u1_0.first_name,u1_0.last_login,u1_0.last_name,u1_0.password,u1_0.preferred_language,u1_0.profile_photo,u1_0.role,u1_0.status from user u1_0 where u1_0.email=?
2026-04-14T21:43:41.877+01:00  INFO 10256 --- [gestionUser] [nio-8081-exec-4] t.e.s.baladna.user.security.JwtFilter    : User found: ahmedm12@gmail.com with role: HOST
2026-04-14T21:43:41.878+01:00  INFO 10256 --- [gestionUser] [nio-8081-exec-2] t.e.s.baladna.user.security.JwtFilter    : User found: ahmedm12@gmail.com with role: HOST
2026-04-14T21:43:41.878+01:00  INFO 10256 --- [gestionUser] [nio-8081-exec-4] t.e.s.baladna.user.security.JwtFilter    : Setting authentication with role: ROLE_HOST
2026-04-14T21:43:41.878+01:00  INFO 10256 --- [gestionUser] [nio-8081-exec-2] t.e.s.baladna.user.security.JwtFilter    : Setting authentication with role: ROLE_HOST
2026-04-14T21:43:41.878+01:00  INFO 10256 --- [gestionUser] [nio-8081-exec-4] t.e.s.baladna.user.security.JwtFilter    : Authentication set successfully
2026-04-14T21:43:41.880+01:00  INFO 10256 --- [gestionUser] [nio-8081-exec-2] t.e.s.baladna.user.security.JwtFilter    : Authentication set successfully
2026-04-14T21:43:41.881+01:00 DEBUG 10256 --- [gestionUser] [nio-8081-exec-4] o.s.security.web.FilterChainProxy        : Secured GET /api/stations
2026-04-14T21:43:41.881+01:00 DEBUG 10256 --- [gestionUser] [nio-8081-exec-2] o.s.security.web.FilterChainProxy        : Secured GET /api/trajets
2026-04-14T21:43:41.881+01:00 DEBUG 10256 --- [gestionUser] [nio-8081-exec-4] o.s.web.servlet.DispatcherServlet        : GET "/api/stations", parameters={}
2026-04-14T21:43:41.881+01:00 DEBUG 10256 --- [gestionUser] [nio-8081-exec-2] o.s.web.servlet.DispatcherServlet        : GET "/api/trajets", parameters={}
2026-04-14T21:43:41.883+01:00 DEBUG 10256 --- [gestionUser] [nio-8081-exec-4] s.w.s.m.m.a.RequestMappingHandlerMapping : Mapped to tn.esprit.spring.baladna.transport.controller.StationController#getAllStations()
2026-04-14T21:43:41.883+01:00 DEBUG 10256 --- [gestionUser] [nio-8081-exec-2] s.w.s.m.m.a.RequestMappingHandlerMapping : Mapped to tn.esprit.spring.baladna.transport.controller.TrajetController#getAllTrajets()
2026-04-14T21:43:41.892+01:00 DEBUG 10256 --- [gestionUser] [nio-8081-exec-4] org.hibernate.SQL                        : select s1_0.id,s1_0.city,s1_0.downtown,s1_0.latitude,s1_0.longitude,s1_0.name,s1_0.surcharge from stations s1_0
Hibernate: select s1_0.id,s1_0.city,s1_0.downtown,s1_0.latitude,s1_0.longitude,s1_0.name,s1_0.surcharge from stations s1_0
2026-04-14T21:43:41.892+01:00 DEBUG 10256 --- [gestionUser] [nio-8081-exec-2] org.hibernate.SQL                        : select t1_0.id,t1_0.arrival_station_id,t1_0.departure_station_id,t1_0.distance_km,t1_0.estimated_duration_minutes,t1_0.price_per_km,t1_0.route_geo_json from trajets t1_0
Hibernate: select t1_0.id,t1_0.arrival_station_id,t1_0.departure_station_id,t1_0.distance_km,t1_0.estimated_duration_minutes,t1_0.price_per_km,t1_0.route_geo_json from trajets t1_0
2026-04-14T21:43:41.897+01:00 DEBUG 10256 --- [gestionUser] [nio-8081-exec-2] org.hibernate.SQL                        : select s1_0.id,s1_0.city,s1_0.downtown,s1_0.latitude,s1_0.longitude,s1_0.name,s1_0.surcharge from stations s1_0 where s1_0.id=?
Hibernate: select s1_0.id,s1_0.city,s1_0.downtown,s1_0.latitude,s1_0.longitude,s1_0.name,s1_0.surcharge from stations s1_0 where s1_0.id=?
2026-04-14T21:43:41.897+01:00 DEBUG 10256 --- [gestionUser] [nio-8081-exec-4] m.m.a.RequestResponseBodyMethodProcessor : Using 'application/json', given [application/json, text/plain, */*] and supported [application/json, application/*+json, application/yaml]
2026-04-14T21:43:41.897+01:00 DEBUG 10256 --- [gestionUser] [nio-8081-exec-2] org.hibernate.SQL                        : select s1_0.id,s1_0.city,s1_0.downtown,s1_0.latitude,s1_0.longitude,s1_0.name,s1_0.surcharge from stations s1_0 where s1_0.id=?
Hibernate: select s1_0.id,s1_0.city,s1_0.downtown,s1_0.latitude,s1_0.longitude,s1_0.name,s1_0.surcharge from stations s1_0 where s1_0.id=?
2026-04-14T21:43:41.897+01:00 DEBUG 10256 --- [gestionUser] [nio-8081-exec-4] m.m.a.RequestResponseBodyMethodProcessor : Writing [[StationDTO(id=5, name=Barcelone, city=kbeli, surcharge=3.0, downtown=true, latitude=0.0, longitude= (truncated)...]
2026-04-14T21:43:41.903+01:00 DEBUG 10256 --- [gestionUser] [nio-8081-exec-2] org.hibernate.SQL                        : select s1_0.id,s1_0.city,s1_0.downtown,s1_0.latitude,s1_0.longitude,s1_0.name,s1_0.surcharge from stations s1_0 where s1_0.id=?
Hibernate: select s1_0.id,s1_0.city,s1_0.downtown,s1_0.latitude,s1_0.longitude,s1_0.name,s1_0.surcharge from stations s1_0 where s1_0.id=?
2026-04-14T21:43:41.903+01:00 DEBUG 10256 --- [gestionUser] [nio-8081-exec-4] o.s.web.servlet.DispatcherServlet        : Completed 200 OK
2026-04-14T21:43:41.909+01:00 DEBUG 10256 --- [gestionUser] [nio-8081-exec-2] org.hibernate.SQL                        : select s1_0.id,s1_0.city,s1_0.downtown,s1_0.latitude,s1_0.longitude,s1_0.name,s1_0.surcharge from stations s1_0 where s1_0.id=?
Hibernate: select s1_0.id,s1_0.city,s1_0.downtown,s1_0.latitude,s1_0.longitude,s1_0.name,s1_0.surcharge from stations s1_0 where s1_0.id=?
2026-04-14T21:43:41.913+01:00 DEBUG 10256 --- [gestionUser] [nio-8081-exec-2] org.hibernate.SQL                        : select s1_0.id,s1_0.city,s1_0.downtown,s1_0.latitude,s1_0.longitude,s1_0.name,s1_0.surcharge from stations s1_0 where s1_0.id=?
Hibernate: select s1_0.id,s1_0.city,s1_0.downtown,s1_0.latitude,s1_0.longitude,s1_0.name,s1_0.surcharge from stations s1_0 where s1_0.id=?
2026-04-14T21:43:41.915+01:00 DEBUG 10256 --- [gestionUser] [nio-8081-exec-2] org.hibernate.SQL                        : select s1_0.id,s1_0.city,s1_0.downtown,s1_0.latitude,s1_0.longitude,s1_0.name,s1_0.surcharge from stations s1_0 where s1_0.id=?
Hibernate: select s1_0.id,s1_0.city,s1_0.downtown,s1_0.latitude,s1_0.longitude,s1_0.name,s1_0.surcharge from stations s1_0 where s1_0.id=?
2026-04-14T21:43:41.919+01:00 DEBUG 10256 --- [gestionUser] [nio-8081-exec-2] org.hibernate.SQL                        : select s1_0.id,s1_0.city,s1_0.downtown,s1_0.latitude,s1_0.longitude,s1_0.name,s1_0.surcharge from stations s1_0 where s1_0.id=?
Hibernate: select s1_0.id,s1_0.city,s1_0.downtown,s1_0.latitude,s1_0.longitude,s1_0.name,s1_0.surcharge from stations s1_0 where s1_0.id=?
2026-04-14T21:43:41.925+01:00 DEBUG 10256 --- [gestionUser] [nio-8081-exec-2] org.hibernate.SQL                        : select s1_0.id,s1_0.city,s1_0.downtown,s1_0.latitude,s1_0.longitude,s1_0.name,s1_0.surcharge from stations s1_0 where s1_0.id=?
Hibernate: select s1_0.id,s1_0.city,s1_0.downtown,s1_0.latitude,s1_0.longitude,s1_0.name,s1_0.surcharge from stations s1_0 where s1_0.id=?
2026-04-14T21:43:41.928+01:00 DEBUG 10256 --- [gestionUser] [nio-8081-exec-2] org.hibernate.SQL                        : select s1_0.id,s1_0.city,s1_0.downtown,s1_0.latitude,s1_0.longitude,s1_0.name,s1_0.surcharge from stations s1_0 where s1_0.id=?
Hibernate: select s1_0.id,s1_0.city,s1_0.downtown,s1_0.latitude,s1_0.longitude,s1_0.name,s1_0.surcharge from stations s1_0 where s1_0.id=?
2026-04-14T21:43:41.931+01:00 DEBUG 10256 --- [gestionUser] [nio-8081-exec-2] org.hibernate.SQL                        : select s1_0.id,s1_0.city,s1_0.downtown,s1_0.latitude,s1_0.longitude,s1_0.name,s1_0.surcharge from stations s1_0 where s1_0.id=?
Hibernate: select s1_0.id,s1_0.city,s1_0.downtown,s1_0.latitude,s1_0.longitude,s1_0.name,s1_0.surcharge from stations s1_0 where s1_0.id=?
2026-04-14T21:43:41.935+01:00 DEBUG 10256 --- [gestionUser] [nio-8081-exec-2] org.hibernate.SQL                        : select s1_0.id,s1_0.city,s1_0.downtown,s1_0.latitude,s1_0.longitude,s1_0.name,s1_0.surcharge from stations s1_0 where s1_0.id=?
Hibernate: select s1_0.id,s1_0.city,s1_0.downtown,s1_0.latitude,s1_0.longitude,s1_0.name,s1_0.surcharge from stations s1_0 where s1_0.id=?
2026-04-14T21:43:41.937+01:00 DEBUG 10256 --- [gestionUser] [nio-8081-exec-2] org.hibernate.SQL                        : select s1_0.id,s1_0.city,s1_0.downtown,s1_0.latitude,s1_0.longitude,s1_0.name,s1_0.surcharge from stations s1_0 where s1_0.id=?
Hibernate: select s1_0.id,s1_0.city,s1_0.downtown,s1_0.latitude,s1_0.longitude,s1_0.name,s1_0.surcharge from stations s1_0 where s1_0.id=?
2026-04-14T21:43:41.939+01:00 DEBUG 10256 --- [gestionUser] [nio-8081-exec-2] org.hibernate.SQL                        : select s1_0.id,s1_0.city,s1_0.downtown,s1_0.latitude,s1_0.longitude,s1_0.name,s1_0.surcharge from stations s1_0 where s1_0.id=?
Hibernate: select s1_0.id,s1_0.city,s1_0.downtown,s1_0.latitude,s1_0.longitude,s1_0.name,s1_0.surcharge from stations s1_0 where s1_0.id=?
2026-04-14T21:43:41.945+01:00 DEBUG 10256 --- [gestionUser] [nio-8081-exec-2] org.hibernate.SQL                        : select s1_0.id,s1_0.city,s1_0.downtown,s1_0.latitude,s1_0.longitude,s1_0.name,s1_0.surcharge from stations s1_0 where s1_0.id=?
Hibernate: select s1_0.id,s1_0.city,s1_0.downtown,s1_0.latitude,s1_0.longitude,s1_0.name,s1_0.surcharge from stations s1_0 where s1_0.id=?
2026-04-14T21:43:41.950+01:00 DEBUG 10256 --- [gestionUser] [nio-8081-exec-2] org.hibernate.SQL                        : select s1_0.id,s1_0.city,s1_0.downtown,s1_0.latitude,s1_0.longitude,s1_0.name,s1_0.surcharge from stations s1_0 where s1_0.id=?
Hibernate: select s1_0.id,s1_0.city,s1_0.downtown,s1_0.latitude,s1_0.longitude,s1_0.name,s1_0.surcharge from stations s1_0 where s1_0.id=?
2026-04-14T21:43:41.959+01:00 DEBUG 10256 --- [gestionUser] [nio-8081-exec-2] org.hibernate.SQL                        : select s1_0.id,s1_0.city,s1_0.downtown,s1_0.latitude,s1_0.longitude,s1_0.name,s1_0.surcharge from stations s1_0 where s1_0.id=?
Hibernate: select s1_0.id,s1_0.city,s1_0.downtown,s1_0.latitude,s1_0.longitude,s1_0.name,s1_0.surcharge from stations s1_0 where s1_0.id=?
2026-04-14T21:43:41.963+01:00 DEBUG 10256 --- [gestionUser] [nio-8081-exec-2] org.hibernate.SQL                        : select s1_0.id,s1_0.city,s1_0.downtown,s1_0.latitude,s1_0.longitude,s1_0.name,s1_0.surcharge from stations s1_0 where s1_0.id=?
Hibernate: select s1_0.id,s1_0.city,s1_0.downtown,s1_0.latitude,s1_0.longitude,s1_0.name,s1_0.surcharge from stations s1_0 where s1_0.id=?
2026-04-14T21:43:41.975+01:00 DEBUG 10256 --- [gestionUser] [nio-8081-exec-2] org.hibernate.SQL                        : select s1_0.id,s1_0.city,s1_0.downtown,s1_0.latitude,s1_0.longitude,s1_0.name,s1_0.surcharge from stations s1_0 where s1_0.id=?
Hibernate: select s1_0.id,s1_0.city,s1_0.downtown,s1_0.latitude,s1_0.longitude,s1_0.name,s1_0.surcharge from stations s1_0 where s1_0.id=?
2026-04-14T21:43:41.978+01:00 DEBUG 10256 --- [gestionUser] [nio-8081-exec-2] org.hibernate.SQL                        : select s1_0.id,s1_0.city,s1_0.downtown,s1_0.latitude,s1_0.longitude,s1_0.name,s1_0.surcharge from stations s1_0 where s1_0.id=?
Hibernate: select s1_0.id,s1_0.city,s1_0.downtown,s1_0.latitude,s1_0.longitude,s1_0.name,s1_0.surcharge from stations s1_0 where s1_0.id=?
2026-04-14T21:43:41.984+01:00 DEBUG 10256 --- [gestionUser] [nio-8081-exec-2] m.m.a.RequestResponseBodyMethodProcessor : Using 'application/json', given [application/json, text/plain, */*] and supported [application/json, application/*+json, application/yaml]
2026-04-14T21:43:41.987+01:00 DEBUG 10256 --- [gestionUser] [nio-8081-exec-2] m.m.a.RequestResponseBodyMethodProcessor : Writing [[TrajetDTO(id=2, departureStationId=5, departureStationName=Barcelone, arrivalStationId=6, arrivalSt (truncated)...]
2026-04-14T21:43:41.993+01:00 DEBUG 10256 --- [gestionUser] [nio-8081-exec-2] o.s.web.servlet.DispatcherServlet        : Completed 200 OK
2026-04-14T21:44:13.781+01:00 DEBUG 10256 --- [gestionUser] [nio-8081-exec-6] o.s.security.web.FilterChainProxy        : Securing OPTIONS /api/stations
2026-04-14T21:44:13.794+01:00 DEBUG 10256 --- [gestionUser] [nio-8081-exec-8] o.s.security.web.FilterChainProxy        : Securing GET /api/stations
2026-04-14T21:44:13.796+01:00  INFO 10256 --- [gestionUser] [nio-8081-exec-8] t.e.s.baladna.user.security.JwtFilter    : Request to: /api/stations - Auth header: present
2026-04-14T21:44:13.799+01:00  INFO 10256 --- [gestionUser] [nio-8081-exec-8] t.e.s.baladna.user.security.JwtFilter    : Token extracted (length: 167)
2026-04-14T21:44:13.806+01:00  INFO 10256 --- [gestionUser] [nio-8081-exec-8] t.e.s.baladna.user.security.JwtFilter    : Email extracted from token: ahmedm12@gmail.com
2026-04-14T21:44:13.811+01:00 DEBUG 10256 --- [gestionUser] [nio-8081-exec-8] org.hibernate.SQL                        : select u1_0.id,u1_0.email,u1_0.first_name,u1_0.last_login,u1_0.last_name,u1_0.password,u1_0.preferred_language,u1_0.profile_photo,u1_0.role,u1_0.status from user u1_0 where u1_0.email=?
Hibernate: select u1_0.id,u1_0.email,u1_0.first_name,u1_0.last_login,u1_0.last_name,u1_0.password,u1_0.preferred_language,u1_0.profile_photo,u1_0.role,u1_0.status from user u1_0 where u1_0.email=?
2026-04-14T21:44:13.816+01:00  INFO 10256 --- [gestionUser] [nio-8081-exec-8] t.e.s.baladna.user.security.JwtFilter    : User found: ahmedm12@gmail.com with role: HOST
2026-04-14T21:44:13.817+01:00  INFO 10256 --- [gestionUser] [nio-8081-exec-8] t.e.s.baladna.user.security.JwtFilter    : Setting authentication with role: ROLE_HOST
2026-04-14T21:44:13.818+01:00  INFO 10256 --- [gestionUser] [nio-8081-exec-8] t.e.s.baladna.user.security.JwtFilter    : Authentication set successfully
2026-04-14T21:44:13.818+01:00 DEBUG 10256 --- [gestionUser] [nio-8081-exec-8] o.s.security.web.FilterChainProxy        : Secured GET /api/stations
2026-04-14T21:44:13.821+01:00 DEBUG 10256 --- [gestionUser] [nio-8081-exec-8] o.s.web.servlet.DispatcherServlet        : GET "/api/stations", parameters={}
2026-04-14T21:44:13.821+01:00 DEBUG 10256 --- [gestionUser] [nio-8081-exec-8] s.w.s.m.m.a.RequestMappingHandlerMapping : Mapped to tn.esprit.spring.baladna.transport.controller.StationController#getAllStations()
2026-04-14T21:44:13.828+01:00 DEBUG 10256 --- [gestionUser] [nio-8081-exec-8] org.hibernate.SQL                        : select s1_0.id,s1_0.city,s1_0.downtown,s1_0.latitude,s1_0.longitude,s1_0.name,s1_0.surcharge from stations s1_0
Hibernate: select s1_0.id,s1_0.city,s1_0.downtown,s1_0.latitude,s1_0.longitude,s1_0.name,s1_0.surcharge from stations s1_0
2026-04-14T21:44:13.835+01:00 DEBUG 10256 --- [gestionUser] [nio-8081-exec-8] m.m.a.RequestResponseBodyMethodProcessor : Using 'application/json', given [application/json, text/plain, */*] and supported [application/json, application/*+json, application/yaml]
2026-04-14T21:44:13.836+01:00 DEBUG 10256 --- [gestionUser] [nio-8081-exec-8] m.m.a.RequestResponseBodyMethodProcessor : Writing [[StationDTO(id=5, name=Barcelone, city=kbeli, surcharge=3.0, downtown=true, latitude=0.0, longitude= (truncated)...]
2026-04-14T21:44:13.839+01:00 DEBUG 10256 --- [gestionUser] [nio-8081-exec-8] o.s.web.servlet.DispatcherServlet        : Completed 200 OK
2026-04-14T21:54:35.305+01:00 DEBUG 10256 --- [gestionUser] [nio-8081-exec-9] o.s.security.web.FilterChainProxy        : Securing OPTIONS /api/auth/login
2026-04-14T21:54:35.313+01:00 DEBUG 10256 --- [gestionUser] [nio-8081-exec-5] o.s.security.web.FilterChainProxy        : Securing POST /api/auth/login
2026-04-14T21:54:35.315+01:00 DEBUG 10256 --- [gestionUser] [nio-8081-exec-5] o.s.s.w.a.AnonymousAuthenticationFilter  : Set SecurityContextHolder to anonymous SecurityContext
2026-04-14T21:54:35.315+01:00 DEBUG 10256 --- [gestionUser] [nio-8081-exec-5] o.s.security.web.FilterChainProxy        : Secured POST /api/auth/login
2026-04-14T21:54:35.318+01:00 DEBUG 10256 --- [gestionUser] [nio-8081-exec-5] o.s.web.servlet.DispatcherServlet        : POST "/api/auth/login", parameters={}
2026-04-14T21:54:35.321+01:00 DEBUG 10256 --- [gestionUser] [nio-8081-exec-5] s.w.s.m.m.a.RequestMappingHandlerMapping : Mapped to tn.esprit.spring.baladna.user.controller.AuthController#login(LoginRequest)
2026-04-14T21:54:35.324+01:00 DEBUG 10256 --- [gestionUser] [nio-8081-exec-5] m.m.a.RequestResponseBodyMethodProcessor : Read "application/json;charset=UTF-8" to [LoginRequest(email=ahmedm12@gmail.com, password=ahmedm12)]
2026-04-14T21:54:35.328+01:00 DEBUG 10256 --- [gestionUser] [nio-8081-exec-5] org.hibernate.SQL                        : select u1_0.id,u1_0.email,u1_0.first_name,u1_0.last_login,u1_0.last_name,u1_0.password,u1_0.preferred_language,u1_0.profile_photo,u1_0.role,u1_0.status from user u1_0 where u1_0.email=?
Hibernate: select u1_0.id,u1_0.email,u1_0.first_name,u1_0.last_login,u1_0.last_name,u1_0.password,u1_0.preferred_language,u1_0.profile_photo,u1_0.role,u1_0.status from user u1_0 where u1_0.email=?
2026-04-14T21:54:35.533+01:00 DEBUG 10256 --- [gestionUser] [nio-8081-exec-5] org.hibernate.SQL                        : insert into activity_log (action,timestamp,user_id,id) values (?,?,?,?)
Hibernate: insert into activity_log (action,timestamp,user_id,id) values (?,?,?,?)
2026-04-14T21:54:35.548+01:00 DEBUG 10256 --- [gestionUser] [nio-8081-exec-5] org.hibernate.SQL                        : insert into session (expires_at,token,user_id,id) values (?,?,?,?)
Hibernate: insert into session (expires_at,token,user_id,id) values (?,?,?,?)
2026-04-14T21:54:35.563+01:00 DEBUG 10256 --- [gestionUser] [nio-8081-exec-5] o.s.w.s.m.m.a.HttpEntityMethodProcessor  : Using 'application/json', given [application/json, text/plain, */*] and supported [application/json, application/*+json, application/yaml]
2026-04-14T21:54:35.564+01:00 DEBUG 10256 --- [gestionUser] [nio-8081-exec-5] o.s.w.s.m.m.a.HttpEntityMethodProcessor  : Writing [AuthResponse(accessToken=eyJhbGciOiJIUzI1NiJ9.eyJzdWIiOiJhaG1lZG0xMkBnbWFpbC5jb20iLCJyb2xlIjoiSE9TVC (truncated)...]
2026-04-14T21:54:35.564+01:00 DEBUG 10256 --- [gestionUser] [nio-8081-exec-5] o.s.web.servlet.DispatcherServlet        : Completed 200 OK
2026-04-14T21:54:35.669+01:00 DEBUG 10256 --- [gestionUser] [nio-8081-exec-3] o.s.security.web.FilterChainProxy        : Securing OPTIONS /api/profile/me
2026-04-14T21:54:35.673+01:00 DEBUG 10256 --- [gestionUser] [nio-8081-exec-7] o.s.security.web.FilterChainProxy        : Securing OPTIONS /api/stations
2026-04-14T21:54:35.680+01:00 DEBUG 10256 --- [gestionUser] [nio-8081-exec-2] o.s.security.web.FilterChainProxy        : Securing OPTIONS /api/transports
2026-04-14T21:54:35.682+01:00 DEBUG 10256 --- [gestionUser] [nio-8081-exec-7] o.s.security.web.FilterChainProxy        : Securing OPTIONS /api/reservations
2026-04-14T21:54:35.684+01:00 DEBUG 10256 --- [gestionUser] [nio-8081-exec-6] o.s.security.web.FilterChainProxy        : Securing GET /api/profile/me
2026-04-14T21:54:35.673+01:00 DEBUG 10256 --- [gestionUser] [nio-8081-exec-4] o.s.security.web.FilterChainProxy        : Securing OPTIONS /api/trajets
2026-04-14T21:54:35.687+01:00  INFO 10256 --- [gestionUser] [nio-8081-exec-6] t.e.s.baladna.user.security.JwtFilter    : Request to: /api/profile/me - Auth header: present
2026-04-14T21:54:35.689+01:00 DEBUG 10256 --- [gestionUser] [io-8081-exec-10] o.s.security.web.FilterChainProxy        : Securing GET /api/stations
2026-04-14T21:54:35.690+01:00 DEBUG 10256 --- [gestionUser] [nio-8081-exec-9] o.s.security.web.FilterChainProxy        : Securing GET /api/reservations
2026-04-14T21:54:35.695+01:00 DEBUG 10256 --- [gestionUser] [nio-8081-exec-1] o.s.security.web.FilterChainProxy        : Securing GET /api/transports
2026-04-14T21:54:35.697+01:00  INFO 10256 --- [gestionUser] [nio-8081-exec-6] t.e.s.baladna.user.security.JwtFilter    : Token extracted (length: 167)
2026-04-14T21:54:35.702+01:00  INFO 10256 --- [gestionUser] [io-8081-exec-10] t.e.s.baladna.user.security.JwtFilter    : Request to: /api/stations - Auth header: present
2026-04-14T21:54:35.705+01:00  INFO 10256 --- [gestionUser] [io-8081-exec-10] t.e.s.baladna.user.security.JwtFilter    : Token extracted (length: 167)
2026-04-14T21:54:35.703+01:00  INFO 10256 --- [gestionUser] [nio-8081-exec-9] t.e.s.baladna.user.security.JwtFilter    : Request to: /api/reservations - Auth header: present
2026-04-14T21:54:35.708+01:00  INFO 10256 --- [gestionUser] [nio-8081-exec-9] t.e.s.baladna.user.security.JwtFilter    : Token extracted (length: 167)
2026-04-14T21:54:35.703+01:00 DEBUG 10256 --- [gestionUser] [nio-8081-exec-5] o.s.security.web.FilterChainProxy        : Securing GET /api/trajets
2026-04-14T21:54:35.713+01:00  INFO 10256 --- [gestionUser] [io-8081-exec-10] t.e.s.baladna.user.security.JwtFilter    : Email extracted from token: ahmedm12@gmail.com
2026-04-14T21:54:35.703+01:00  INFO 10256 --- [gestionUser] [nio-8081-exec-1] t.e.s.baladna.user.security.JwtFilter    : Request to: /api/transports - Auth header: present
2026-04-14T21:54:35.716+01:00  INFO 10256 --- [gestionUser] [nio-8081-exec-1] t.e.s.baladna.user.security.JwtFilter    : Token extracted (length: 167)
2026-04-14T21:54:35.716+01:00 DEBUG 10256 --- [gestionUser] [io-8081-exec-10] org.hibernate.SQL                        : select u1_0.id,u1_0.email,u1_0.first_name,u1_0.last_login,u1_0.last_name,u1_0.password,u1_0.preferred_language,u1_0.profile_photo,u1_0.role,u1_0.status from user u1_0 where u1_0.email=?
Hibernate: select u1_0.id,u1_0.email,u1_0.first_name,u1_0.last_login,u1_0.last_name,u1_0.password,u1_0.preferred_language,u1_0.profile_photo,u1_0.role,u1_0.status from user u1_0 where u1_0.email=?
2026-04-14T21:54:35.719+01:00  INFO 10256 --- [gestionUser] [nio-8081-exec-1] t.e.s.baladna.user.security.JwtFilter    : Email extracted from token: ahmedm12@gmail.com
2026-04-14T21:54:35.721+01:00 DEBUG 10256 --- [gestionUser] [nio-8081-exec-1] org.hibernate.SQL                        : select u1_0.id,u1_0.email,u1_0.first_name,u1_0.last_login,u1_0.last_name,u1_0.password,u1_0.preferred_language,u1_0.profile_photo,u1_0.role,u1_0.status from user u1_0 where u1_0.email=?
Hibernate: select u1_0.id,u1_0.email,u1_0.first_name,u1_0.last_login,u1_0.last_name,u1_0.password,u1_0.preferred_language,u1_0.profile_photo,u1_0.role,u1_0.status from user u1_0 where u1_0.email=?
2026-04-14T21:54:35.724+01:00  INFO 10256 --- [gestionUser] [nio-8081-exec-1] t.e.s.baladna.user.security.JwtFilter    : User found: ahmedm12@gmail.com with role: HOST
2026-04-14T21:54:35.724+01:00  INFO 10256 --- [gestionUser] [nio-8081-exec-1] t.e.s.baladna.user.security.JwtFilter    : Setting authentication with role: ROLE_HOST
2026-04-14T21:54:35.726+01:00  INFO 10256 --- [gestionUser] [nio-8081-exec-1] t.e.s.baladna.user.security.JwtFilter    : Authentication set successfully
2026-04-14T21:54:35.705+01:00  INFO 10256 --- [gestionUser] [nio-8081-exec-6] t.e.s.baladna.user.security.JwtFilter    : Email extracted from token: ahmedm12@gmail.com
2026-04-14T21:54:35.713+01:00  INFO 10256 --- [gestionUser] [nio-8081-exec-5] t.e.s.baladna.user.security.JwtFilter    : Request to: /api/trajets - Auth header: present
2026-04-14T21:54:35.729+01:00  INFO 10256 --- [gestionUser] [nio-8081-exec-9] t.e.s.baladna.user.security.JwtFilter    : Email extracted from token: ahmedm12@gmail.com
2026-04-14T21:54:35.729+01:00 DEBUG 10256 --- [gestionUser] [nio-8081-exec-1] o.s.security.web.FilterChainProxy        : Secured GET /api/transports
2026-04-14T21:54:35.729+01:00  INFO 10256 --- [gestionUser] [nio-8081-exec-5] t.e.s.baladna.user.security.JwtFilter    : Token extracted (length: 167)
2026-04-14T21:54:35.729+01:00 DEBUG 10256 --- [gestionUser] [nio-8081-exec-6] org.hibernate.SQL                        : select u1_0.id,u1_0.email,u1_0.first_name,u1_0.last_login,u1_0.last_name,u1_0.password,u1_0.preferred_language,u1_0.profile_photo,u1_0.role,u1_0.status from user u1_0 where u1_0.email=?
Hibernate: select u1_0.id,u1_0.email,u1_0.first_name,u1_0.last_login,u1_0.last_name,u1_0.password,u1_0.preferred_language,u1_0.profile_photo,u1_0.role,u1_0.status from user u1_0 where u1_0.email=?
2026-04-14T21:54:35.733+01:00 DEBUG 10256 --- [gestionUser] [nio-8081-exec-1] o.s.web.servlet.DispatcherServlet        : GET "/api/transports", parameters={}
2026-04-14T21:54:35.733+01:00 DEBUG 10256 --- [gestionUser] [nio-8081-exec-9] org.hibernate.SQL                        : select u1_0.id,u1_0.email,u1_0.first_name,u1_0.last_login,u1_0.last_name,u1_0.password,u1_0.preferred_language,u1_0.profile_photo,u1_0.role,u1_0.status from user u1_0 where u1_0.email=?
Hibernate: select u1_0.id,u1_0.email,u1_0.first_name,u1_0.last_login,u1_0.last_name,u1_0.password,u1_0.preferred_language,u1_0.profile_photo,u1_0.role,u1_0.status from user u1_0 where u1_0.email=?
2026-04-14T21:54:35.733+01:00  INFO 10256 --- [gestionUser] [io-8081-exec-10] t.e.s.baladna.user.security.JwtFilter    : User found: ahmedm12@gmail.com with role: HOST
2026-04-14T21:54:35.735+01:00  INFO 10256 --- [gestionUser] [nio-8081-exec-5] t.e.s.baladna.user.security.JwtFilter    : Email extracted from token: ahmedm12@gmail.com
2026-04-14T21:54:35.737+01:00 DEBUG 10256 --- [gestionUser] [nio-8081-exec-1] s.w.s.m.m.a.RequestMappingHandlerMapping : Mapped to tn.esprit.spring.baladna.transport.controller.TransportController#getAllTransports()
2026-04-14T21:54:35.737+01:00  INFO 10256 --- [gestionUser] [io-8081-exec-10] t.e.s.baladna.user.security.JwtFilter    : Setting authentication with role: ROLE_HOST
2026-04-14T21:54:35.737+01:00  INFO 10256 --- [gestionUser] [nio-8081-exec-6] t.e.s.baladna.user.security.JwtFilter    : User found: ahmedm12@gmail.com with role: HOST
2026-04-14T21:54:35.747+01:00  INFO 10256 --- [gestionUser] [nio-8081-exec-6] t.e.s.baladna.user.security.JwtFilter    : Setting authentication with role: ROLE_HOST
2026-04-14T21:54:35.739+01:00 DEBUG 10256 --- [gestionUser] [nio-8081-exec-5] org.hibernate.SQL                        : select u1_0.id,u1_0.email,u1_0.first_name,u1_0.last_login,u1_0.last_name,u1_0.password,u1_0.preferred_language,u1_0.profile_photo,u1_0.role,u1_0.status from user u1_0 where u1_0.email=?
Hibernate: select u1_0.id,u1_0.email,u1_0.first_name,u1_0.last_login,u1_0.last_name,u1_0.password,u1_0.preferred_language,u1_0.profile_photo,u1_0.role,u1_0.status from user u1_0 where u1_0.email=?
2026-04-14T21:54:35.741+01:00  INFO 10256 --- [gestionUser] [nio-8081-exec-9] t.e.s.baladna.user.security.JwtFilter    : User found: ahmedm12@gmail.com with role: HOST
2026-04-14T21:54:35.754+01:00  INFO 10256 --- [gestionUser] [nio-8081-exec-9] t.e.s.baladna.user.security.JwtFilter    : Setting authentication with role: ROLE_HOST
2026-04-14T21:54:35.756+01:00  INFO 10256 --- [gestionUser] [nio-8081-exec-9] t.e.s.baladna.user.security.JwtFilter    : Authentication set successfully
2026-04-14T21:54:35.758+01:00 DEBUG 10256 --- [gestionUser] [nio-8081-exec-9] o.s.security.web.FilterChainProxy        : Secured GET /api/reservations
2026-04-14T21:54:35.759+01:00 DEBUG 10256 --- [gestionUser] [nio-8081-exec-9] o.s.web.servlet.DispatcherServlet        : GET "/api/reservations", parameters={}
2026-04-14T21:54:35.745+01:00  INFO 10256 --- [gestionUser] [io-8081-exec-10] t.e.s.baladna.user.security.JwtFilter    : Authentication set successfully
2026-04-14T21:54:35.748+01:00  INFO 10256 --- [gestionUser] [nio-8081-exec-6] t.e.s.baladna.user.security.JwtFilter    : Authentication set successfully
2026-04-14T21:54:35.752+01:00 DEBUG 10256 --- [gestionUser] [nio-8081-exec-1] org.hibernate.SQL                        : select t1_0.id,t1_0.available_seats,t1_0.base_price,t1_0.departure_date,t1_0.departure_point,t1_0.status,t1_0.total_capacity,t1_0.traffic_jam,t1_0.trajet_id,t1_0.weather,t1_0.weather_source from transports t1_0
Hibernate: select t1_0.id,t1_0.available_seats,t1_0.base_price,t1_0.departure_date,t1_0.departure_point,t1_0.status,t1_0.total_capacity,t1_0.traffic_jam,t1_0.trajet_id,t1_0.weather,t1_0.weather_source from transports t1_0
2026-04-14T21:54:35.760+01:00  INFO 10256 --- [gestionUser] [nio-8081-exec-5] t.e.s.baladna.user.security.JwtFilter    : User found: ahmedm12@gmail.com with role: HOST
2026-04-14T21:54:35.760+01:00 DEBUG 10256 --- [gestionUser] [nio-8081-exec-9] s.w.s.m.m.a.RequestMappingHandlerMapping : Mapped to tn.esprit.spring.baladna.transport.controller.ReservationController#getAllReservations()
2026-04-14T21:54:35.763+01:00 DEBUG 10256 --- [gestionUser] [io-8081-exec-10] o.s.security.web.FilterChainProxy        : Secured GET /api/stations
2026-04-14T21:54:35.767+01:00 DEBUG 10256 --- [gestionUser] [io-8081-exec-10] o.s.web.servlet.DispatcherServlet        : GET "/api/stations", parameters={}
2026-04-14T21:54:35.763+01:00 DEBUG 10256 --- [gestionUser] [nio-8081-exec-6] o.s.security.web.FilterChainProxy        : Secured GET /api/profile/me
2026-04-14T21:54:35.763+01:00  INFO 10256 --- [gestionUser] [nio-8081-exec-5] t.e.s.baladna.user.security.JwtFilter    : Setting authentication with role: ROLE_HOST
2026-04-14T21:54:35.769+01:00  INFO 10256 --- [gestionUser] [nio-8081-exec-5] t.e.s.baladna.user.security.JwtFilter    : Authentication set successfully
2026-04-14T21:54:35.767+01:00 DEBUG 10256 --- [gestionUser] [nio-8081-exec-1] org.hibernate.SQL                        : select t1_0.id,t1_0.arrival_station_id,as1_0.id,as1_0.city,as1_0.downtown,as1_0.latitude,as1_0.longitude,as1_0.name,as1_0.surcharge,t1_0.departure_station_id,ds1_0.id,ds1_0.city,ds1_0.downtown,ds1_0.latitude,ds1_0.longitude,ds1_0.name,ds1_0.surcharge,t1_0.distance_km,t1_0.estimated_duration_minutes,t1_0.price_per_km,t1_0.route_geo_json from trajets t1_0 join stations as1_0 on as1_0.id=t1_0.arrival_station_id join stations ds1_0 on ds1_0.id=t1_0.departure_station_id where t1_0.id=?
Hibernate: select t1_0.id,t1_0.arrival_station_id,as1_0.id,as1_0.city,as1_0.downtown,as1_0.latitude,as1_0.longitude,as1_0.name,as1_0.surcharge,t1_0.departure_station_id,ds1_0.id,ds1_0.city,ds1_0.downtown,ds1_0.latitude,ds1_0.longitude,ds1_0.name,ds1_0.surcharge,t1_0.distance_km,t1_0.estimated_duration_minutes,t1_0.price_per_km,t1_0.route_geo_json from trajets t1_0 join stations as1_0 on as1_0.id=t1_0.arrival_station_id join stations ds1_0 on ds1_0.id=t1_0.departure_station_id where t1_0.id=?
2026-04-14T21:54:35.768+01:00 DEBUG 10256 --- [gestionUser] [io-8081-exec-10] s.w.s.m.m.a.RequestMappingHandlerMapping : Mapped to tn.esprit.spring.baladna.transport.controller.StationController#getAllStations()
2026-04-14T21:54:35.769+01:00 DEBUG 10256 --- [gestionUser] [nio-8081-exec-6] o.s.web.servlet.DispatcherServlet        : GET "/api/profile/me", parameters={}
2026-04-14T21:54:35.770+01:00 DEBUG 10256 --- [gestionUser] [nio-8081-exec-5] o.s.security.web.FilterChainProxy        : Secured GET /api/trajets
2026-04-14T21:54:35.770+01:00 DEBUG 10256 --- [gestionUser] [nio-8081-exec-9] org.hibernate.SQL                        : select r1_0.id,r1_0.boarding_point,r1_0.reservation_date,r1_0.reserved_seats,r1_0.status,r1_0.total_price,r1_0.transport_id,r1_0.user_id from reservations r1_0
Hibernate: select r1_0.id,r1_0.boarding_point,r1_0.reservation_date,r1_0.reserved_seats,r1_0.status,r1_0.total_price,r1_0.transport_id,r1_0.user_id from reservations r1_0
2026-04-14T21:54:35.773+01:00 DEBUG 10256 --- [gestionUser] [nio-8081-exec-6] s.w.s.m.m.a.RequestMappingHandlerMapping : Mapped to tn.esprit.spring.baladna.user.controller.UserController#getMyProfile(String)
2026-04-14T21:54:35.774+01:00 DEBUG 10256 --- [gestionUser] [nio-8081-exec-5] o.s.web.servlet.DispatcherServlet        : GET "/api/trajets", parameters={}
2026-04-14T21:54:35.776+01:00 DEBUG 10256 --- [gestionUser] [io-8081-exec-10] org.hibernate.SQL                        : select s1_0.id,s1_0.city,s1_0.downtown,s1_0.latitude,s1_0.longitude,s1_0.name,s1_0.surcharge from stations s1_0
Hibernate: select s1_0.id,s1_0.city,s1_0.downtown,s1_0.latitude,s1_0.longitude,s1_0.name,s1_0.surcharge from stations s1_0
2026-04-14T21:54:35.776+01:00 DEBUG 10256 --- [gestionUser] [nio-8081-exec-9] org.hibernate.SQL                        : select t1_0.id,t1_0.available_seats,t1_0.base_price,t1_0.departure_date,t1_0.departure_point,t1_0.status,t1_0.total_capacity,t1_0.traffic_jam,t1_0.trajet_id,t2_0.id,t2_0.arrival_station_id,as1_0.id,as1_0.city,as1_0.downtown,as1_0.latitude,as1_0.longitude,as1_0.name,as1_0.surcharge,t2_0.departure_station_id,ds1_0.id,ds1_0.city,ds1_0.downtown,ds1_0.latitude,ds1_0.longitude,ds1_0.name,ds1_0.surcharge,t2_0.distance_km,t2_0.estimated_duration_minutes,t2_0.price_per_km,t2_0.route_geo_json,t1_0.weather,t1_0.weather_source from transports t1_0 join trajets t2_0 on t2_0.id=t1_0.trajet_id join stations as1_0 on as1_0.id=t2_0.arrival_station_id join stations ds1_0 on ds1_0.id=t2_0.departure_station_id where t1_0.id=?
Hibernate: select t1_0.id,t1_0.available_seats,t1_0.base_price,t1_0.departure_date,t1_0.departure_point,t1_0.status,t1_0.total_capacity,t1_0.traffic_jam,t1_0.trajet_id,t2_0.id,t2_0.arrival_station_id,as1_0.id,as1_0.city,as1_0.downtown,as1_0.latitude,as1_0.longitude,as1_0.name,as1_0.surcharge,t2_0.departure_station_id,ds1_0.id,ds1_0.city,ds1_0.downtown,ds1_0.latitude,ds1_0.longitude,ds1_0.name,ds1_0.surcharge,t2_0.distance_km,t2_0.estimated_duration_minutes,t2_0.price_per_km,t2_0.route_geo_json,t1_0.weather,t1_0.weather_source from transports t1_0 join trajets t2_0 on t2_0.id=t1_0.trajet_id join stations as1_0 on as1_0.id=t2_0.arrival_station_id join stations ds1_0 on ds1_0.id=t2_0.departure_station_id where t1_0.id=?
2026-04-14T21:54:35.780+01:00 DEBUG 10256 --- [gestionUser] [nio-8081-exec-1] org.hibernate.SQL                        : select t1_0.id,t1_0.arrival_station_id,as1_0.id,as1_0.city,as1_0.downtown,as1_0.latitude,as1_0.longitude,as1_0.name,as1_0.surcharge,t1_0.departure_station_id,ds1_0.id,ds1_0.city,ds1_0.downtown,ds1_0.latitude,ds1_0.longitude,ds1_0.name,ds1_0.surcharge,t1_0.distance_km,t1_0.estimated_duration_minutes,t1_0.price_per_km,t1_0.route_geo_json from trajets t1_0 join stations as1_0 on as1_0.id=t1_0.arrival_station_id join stations ds1_0 on ds1_0.id=t1_0.departure_station_id where t1_0.id=?
Hibernate: select t1_0.id,t1_0.arrival_station_id,as1_0.id,as1_0.city,as1_0.downtown,as1_0.latitude,as1_0.longitude,as1_0.name,as1_0.surcharge,t1_0.departure_station_id,ds1_0.id,ds1_0.city,ds1_0.downtown,ds1_0.latitude,ds1_0.longitude,ds1_0.name,ds1_0.surcharge,t1_0.distance_km,t1_0.estimated_duration_minutes,t1_0.price_per_km,t1_0.route_geo_json from trajets t1_0 join stations as1_0 on as1_0.id=t1_0.arrival_station_id join stations ds1_0 on ds1_0.id=t1_0.departure_station_id where t1_0.id=?
2026-04-14T21:54:35.782+01:00 DEBUG 10256 --- [gestionUser] [nio-8081-exec-6] org.hibernate.SQL                        : select u1_0.id,u1_0.email,u1_0.first_name,u1_0.last_login,u1_0.last_name,u1_0.password,u1_0.preferred_language,u1_0.profile_photo,u1_0.role,u1_0.status from user u1_0 where u1_0.email=?
Hibernate: select u1_0.id,u1_0.email,u1_0.first_name,u1_0.last_login,u1_0.last_name,u1_0.password,u1_0.preferred_language,u1_0.profile_photo,u1_0.role,u1_0.status from user u1_0 where u1_0.email=?
2026-04-14T21:54:35.783+01:00 DEBUG 10256 --- [gestionUser] [nio-8081-exec-5] s.w.s.m.m.a.RequestMappingHandlerMapping : Mapped to tn.esprit.spring.baladna.transport.controller.TrajetController#getAllTrajets()
2026-04-14T21:54:35.785+01:00 DEBUG 10256 --- [gestionUser] [nio-8081-exec-9] org.hibernate.SQL                        : select u1_0.id,u1_0.email,u1_0.first_name,u1_0.last_login,u1_0.last_name,u1_0.password,u1_0.preferred_language,u1_0.profile_photo,u1_0.role,u1_0.status from user u1_0 where u1_0.id=?
Hibernate: select u1_0.id,u1_0.email,u1_0.first_name,u1_0.last_login,u1_0.last_name,u1_0.password,u1_0.preferred_language,u1_0.profile_photo,u1_0.role,u1_0.status from user u1_0 where u1_0.id=?
2026-04-14T21:54:35.791+01:00 DEBUG 10256 --- [gestionUser] [io-8081-exec-10] m.m.a.RequestResponseBodyMethodProcessor : Using 'application/json', given [application/json, text/plain, */*] and supported [application/json, application/*+json, application/yaml]
2026-04-14T21:54:35.795+01:00 DEBUG 10256 --- [gestionUser] [nio-8081-exec-1] org.hibernate.SQL                        : select t1_0.id,t1_0.arrival_station_id,as1_0.id,as1_0.city,as1_0.downtown,as1_0.latitude,as1_0.longitude,as1_0.name,as1_0.surcharge,t1_0.departure_station_id,ds1_0.id,ds1_0.city,ds1_0.downtown,ds1_0.latitude,ds1_0.longitude,ds1_0.name,ds1_0.surcharge,t1_0.distance_km,t1_0.estimated_duration_minutes,t1_0.price_per_km,t1_0.route_geo_json from trajets t1_0 join stations as1_0 on as1_0.id=t1_0.arrival_station_id join stations ds1_0 on ds1_0.id=t1_0.departure_station_id where t1_0.id=?
Hibernate: select t1_0.id,t1_0.arrival_station_id,as1_0.id,as1_0.city,as1_0.downtown,as1_0.latitude,as1_0.longitude,as1_0.name,as1_0.surcharge,t1_0.departure_station_id,ds1_0.id,ds1_0.city,ds1_0.downtown,ds1_0.latitude,ds1_0.longitude,ds1_0.name,ds1_0.surcharge,t1_0.distance_km,t1_0.estimated_duration_minutes,t1_0.price_per_km,t1_0.route_geo_json from trajets t1_0 join stations as1_0 on as1_0.id=t1_0.arrival_station_id join stations ds1_0 on ds1_0.id=t1_0.departure_station_id where t1_0.id=?
2026-04-14T21:54:35.795+01:00 DEBUG 10256 --- [gestionUser] [io-8081-exec-10] m.m.a.RequestResponseBodyMethodProcessor : Writing [[StationDTO(id=5, name=Barcelone, city=kbeli, surcharge=3.0, downtown=true, latitude=0.0, longitude= (truncated)...]
2026-04-14T21:54:35.795+01:00 DEBUG 10256 --- [gestionUser] [nio-8081-exec-6] o.s.w.s.m.m.a.HttpEntityMethodProcessor  : Using 'application/json', given [application/json, text/plain, */*] and supported [application/json, application/*+json, application/yaml]
2026-04-14T21:54:35.797+01:00 DEBUG 10256 --- [gestionUser] [nio-8081-exec-9] org.hibernate.SQL                        : select t1_0.id,t1_0.available_seats,t1_0.base_price,t1_0.departure_date,t1_0.departure_point,t1_0.status,t1_0.total_capacity,t1_0.traffic_jam,t1_0.trajet_id,t2_0.id,t2_0.arrival_station_id,as1_0.id,as1_0.city,as1_0.downtown,as1_0.latitude,as1_0.longitude,as1_0.name,as1_0.surcharge,t2_0.departure_station_id,ds1_0.id,ds1_0.city,ds1_0.downtown,ds1_0.latitude,ds1_0.longitude,ds1_0.name,ds1_0.surcharge,t2_0.distance_km,t2_0.estimated_duration_minutes,t2_0.price_per_km,t2_0.route_geo_json,t1_0.weather,t1_0.weather_source from transports t1_0 join trajets t2_0 on t2_0.id=t1_0.trajet_id join stations as1_0 on as1_0.id=t2_0.arrival_station_id join stations ds1_0 on ds1_0.id=t2_0.departure_station_id where t1_0.id=?
Hibernate: select t1_0.id,t1_0.available_seats,t1_0.base_price,t1_0.departure_date,t1_0.departure_point,t1_0.status,t1_0.total_capacity,t1_0.traffic_jam,t1_0.trajet_id,t2_0.id,t2_0.arrival_station_id,as1_0.id,as1_0.city,as1_0.downtown,as1_0.latitude,as1_0.longitude,as1_0.name,as1_0.surcharge,t2_0.departure_station_id,ds1_0.id,ds1_0.city,ds1_0.downtown,ds1_0.latitude,ds1_0.longitude,ds1_0.name,ds1_0.surcharge,t2_0.distance_km,t2_0.estimated_duration_minutes,t2_0.price_per_km,t2_0.route_geo_json,t1_0.weather,t1_0.weather_source from transports t1_0 join trajets t2_0 on t2_0.id=t1_0.trajet_id join stations as1_0 on as1_0.id=t2_0.arrival_station_id join stations ds1_0 on ds1_0.id=t2_0.departure_station_id where t1_0.id=?
2026-04-14T21:54:35.798+01:00 DEBUG 10256 --- [gestionUser] [nio-8081-exec-5] org.hibernate.SQL                        : select t1_0.id,t1_0.arrival_station_id,t1_0.departure_station_id,t1_0.distance_km,t1_0.estimated_duration_minutes,t1_0.price_per_km,t1_0.route_geo_json from trajets t1_0
Hibernate: select t1_0.id,t1_0.arrival_station_id,t1_0.departure_station_id,t1_0.distance_km,t1_0.estimated_duration_minutes,t1_0.price_per_km,t1_0.route_geo_json from trajets t1_0
2026-04-14T21:54:35.799+01:00 DEBUG 10256 --- [gestionUser] [nio-8081-exec-6] o.s.w.s.m.m.a.HttpEntityMethodProcessor  : Writing [tn.esprit.spring.baladna.user.entity.User@5634602e]
2026-04-14T21:54:35.799+01:00 DEBUG 10256 --- [gestionUser] [io-8081-exec-10] o.s.web.servlet.DispatcherServlet        : Completed 200 OK
2026-04-14T21:54:35.805+01:00 DEBUG 10256 --- [gestionUser] [nio-8081-exec-6] o.s.web.servlet.DispatcherServlet        : Completed 200 OK
2026-04-14T21:54:35.801+01:00 DEBUG 10256 --- [gestionUser] [nio-8081-exec-1] org.hibernate.SQL                        : select t1_0.id,t1_0.arrival_station_id,as1_0.id,as1_0.city,as1_0.downtown,as1_0.latitude,as1_0.longitude,as1_0.name,as1_0.surcharge,t1_0.departure_station_id,ds1_0.id,ds1_0.city,ds1_0.downtown,ds1_0.latitude,ds1_0.longitude,ds1_0.name,ds1_0.surcharge,t1_0.distance_km,t1_0.estimated_duration_minutes,t1_0.price_per_km,t1_0.route_geo_json from trajets t1_0 join stations as1_0 on as1_0.id=t1_0.arrival_station_id join stations ds1_0 on ds1_0.id=t1_0.departure_station_id where t1_0.id=?
Hibernate: select t1_0.id,t1_0.arrival_station_id,as1_0.id,as1_0.city,as1_0.downtown,as1_0.latitude,as1_0.longitude,as1_0.name,as1_0.surcharge,t1_0.departure_station_id,ds1_0.id,ds1_0.city,ds1_0.downtown,ds1_0.latitude,ds1_0.longitude,ds1_0.name,ds1_0.surcharge,t1_0.distance_km,t1_0.estimated_duration_minutes,t1_0.price_per_km,t1_0.route_geo_json from trajets t1_0 join stations as1_0 on as1_0.id=t1_0.arrival_station_id join stations ds1_0 on ds1_0.id=t1_0.departure_station_id where t1_0.id=?
2026-04-14T21:54:35.812+01:00 DEBUG 10256 --- [gestionUser] [nio-8081-exec-5] org.hibernate.SQL                        : select s1_0.id,s1_0.city,s1_0.downtown,s1_0.latitude,s1_0.longitude,s1_0.name,s1_0.surcharge from stations s1_0 where s1_0.id=?
Hibernate: select s1_0.id,s1_0.city,s1_0.downtown,s1_0.latitude,s1_0.longitude,s1_0.name,s1_0.surcharge from stations s1_0 where s1_0.id=?
2026-04-14T21:54:35.812+01:00 DEBUG 10256 --- [gestionUser] [nio-8081-exec-9] org.hibernate.SQL                        : select t1_0.id,t1_0.available_seats,t1_0.base_price,t1_0.departure_date,t1_0.departure_point,t1_0.status,t1_0.total_capacity,t1_0.traffic_jam,t1_0.trajet_id,t2_0.id,t2_0.arrival_station_id,as1_0.id,as1_0.city,as1_0.downtown,as1_0.latitude,as1_0.longitude,as1_0.name,as1_0.surcharge,t2_0.departure_station_id,ds1_0.id,ds1_0.city,ds1_0.downtown,ds1_0.latitude,ds1_0.longitude,ds1_0.name,ds1_0.surcharge,t2_0.distance_km,t2_0.estimated_duration_minutes,t2_0.price_per_km,t2_0.route_geo_json,t1_0.weather,t1_0.weather_source from transports t1_0 join trajets t2_0 on t2_0.id=t1_0.trajet_id join stations as1_0 on as1_0.id=t2_0.arrival_station_id join stations ds1_0 on ds1_0.id=t2_0.departure_station_id where t1_0.id=?
Hibernate: select t1_0.id,t1_0.available_seats,t1_0.base_price,t1_0.departure_date,t1_0.departure_point,t1_0.status,t1_0.total_capacity,t1_0.traffic_jam,t1_0.trajet_id,t2_0.id,t2_0.arrival_station_id,as1_0.id,as1_0.city,as1_0.downtown,as1_0.latitude,as1_0.longitude,as1_0.name,as1_0.surcharge,t2_0.departure_station_id,ds1_0.id,ds1_0.city,ds1_0.downtown,ds1_0.latitude,ds1_0.longitude,ds1_0.name,ds1_0.surcharge,t2_0.distance_km,t2_0.estimated_duration_minutes,t2_0.price_per_km,t2_0.route_geo_json,t1_0.weather,t1_0.weather_source from transports t1_0 join trajets t2_0 on t2_0.id=t1_0.trajet_id join stations as1_0 on as1_0.id=t2_0.arrival_station_id join stations ds1_0 on ds1_0.id=t2_0.departure_station_id where t1_0.id=?
2026-04-14T21:54:35.822+01:00 DEBUG 10256 --- [gestionUser] [nio-8081-exec-5] org.hibernate.SQL                        : select s1_0.id,s1_0.city,s1_0.downtown,s1_0.latitude,s1_0.longitude,s1_0.name,s1_0.surcharge from stations s1_0 where s1_0.id=?
Hibernate: select s1_0.id,s1_0.city,s1_0.downtown,s1_0.latitude,s1_0.longitude,s1_0.name,s1_0.surcharge from stations s1_0 where s1_0.id=?
2026-04-14T21:54:35.822+01:00 DEBUG 10256 --- [gestionUser] [nio-8081-exec-1] org.hibernate.SQL                        : select t1_0.id,t1_0.arrival_station_id,as1_0.id,as1_0.city,as1_0.downtown,as1_0.latitude,as1_0.longitude,as1_0.name,as1_0.surcharge,t1_0.departure_station_id,ds1_0.id,ds1_0.city,ds1_0.downtown,ds1_0.latitude,ds1_0.longitude,ds1_0.name,ds1_0.surcharge,t1_0.distance_km,t1_0.estimated_duration_minutes,t1_0.price_per_km,t1_0.route_geo_json from trajets t1_0 join stations as1_0 on as1_0.id=t1_0.arrival_station_id join stations ds1_0 on ds1_0.id=t1_0.departure_station_id where t1_0.id=?
Hibernate: select t1_0.id,t1_0.arrival_station_id,as1_0.id,as1_0.city,as1_0.downtown,as1_0.latitude,as1_0.longitude,as1_0.name,as1_0.surcharge,t1_0.departure_station_id,ds1_0.id,ds1_0.city,ds1_0.downtown,ds1_0.latitude,ds1_0.longitude,ds1_0.name,ds1_0.surcharge,t1_0.distance_km,t1_0.estimated_duration_minutes,t1_0.price_per_km,t1_0.route_geo_json from trajets t1_0 join stations as1_0 on as1_0.id=t1_0.arrival_station_id join stations ds1_0 on ds1_0.id=t1_0.departure_station_id where t1_0.id=?
2026-04-14T21:54:35.828+01:00 DEBUG 10256 --- [gestionUser] [nio-8081-exec-9] org.hibernate.SQL                        : select t1_0.id,t1_0.available_seats,t1_0.base_price,t1_0.departure_date,t1_0.departure_point,t1_0.status,t1_0.total_capacity,t1_0.traffic_jam,t1_0.trajet_id,t2_0.id,t2_0.arrival_station_id,as1_0.id,as1_0.city,as1_0.downtown,as1_0.latitude,as1_0.longitude,as1_0.name,as1_0.surcharge,t2_0.departure_station_id,ds1_0.id,ds1_0.city,ds1_0.downtown,ds1_0.latitude,ds1_0.longitude,ds1_0.name,ds1_0.surcharge,t2_0.distance_km,t2_0.estimated_duration_minutes,t2_0.price_per_km,t2_0.route_geo_json,t1_0.weather,t1_0.weather_source from transports t1_0 join trajets t2_0 on t2_0.id=t1_0.trajet_id join stations as1_0 on as1_0.id=t2_0.arrival_station_id join stations ds1_0 on ds1_0.id=t2_0.departure_station_id where t1_0.id=?
Hibernate: select t1_0.id,t1_0.available_seats,t1_0.base_price,t1_0.departure_date,t1_0.departure_point,t1_0.status,t1_0.total_capacity,t1_0.traffic_jam,t1_0.trajet_id,t2_0.id,t2_0.arrival_station_id,as1_0.id,as1_0.city,as1_0.downtown,as1_0.latitude,as1_0.longitude,as1_0.name,as1_0.surcharge,t2_0.departure_station_id,ds1_0.id,ds1_0.city,ds1_0.downtown,ds1_0.latitude,ds1_0.longitude,ds1_0.name,ds1_0.surcharge,t2_0.distance_km,t2_0.estimated_duration_minutes,t2_0.price_per_km,t2_0.route_geo_json,t1_0.weather,t1_0.weather_source from transports t1_0 join trajets t2_0 on t2_0.id=t1_0.trajet_id join stations as1_0 on as1_0.id=t2_0.arrival_station_id join stations ds1_0 on ds1_0.id=t2_0.departure_station_id where t1_0.id=?
2026-04-14T21:54:35.829+01:00 DEBUG 10256 --- [gestionUser] [nio-8081-exec-5] org.hibernate.SQL                        : select s1_0.id,s1_0.city,s1_0.downtown,s1_0.latitude,s1_0.longitude,s1_0.name,s1_0.surcharge from stations s1_0 where s1_0.id=?
Hibernate: select s1_0.id,s1_0.city,s1_0.downtown,s1_0.latitude,s1_0.longitude,s1_0.name,s1_0.surcharge from stations s1_0 where s1_0.id=?
2026-04-14T21:54:35.829+01:00 DEBUG 10256 --- [gestionUser] [nio-8081-exec-1] org.hibernate.SQL                        : select t1_0.id,t1_0.arrival_station_id,as1_0.id,as1_0.city,as1_0.downtown,as1_0.latitude,as1_0.longitude,as1_0.name,as1_0.surcharge,t1_0.departure_station_id,ds1_0.id,ds1_0.city,ds1_0.downtown,ds1_0.latitude,ds1_0.longitude,ds1_0.name,ds1_0.surcharge,t1_0.distance_km,t1_0.estimated_duration_minutes,t1_0.price_per_km,t1_0.route_geo_json from trajets t1_0 join stations as1_0 on as1_0.id=t1_0.arrival_station_id join stations ds1_0 on ds1_0.id=t1_0.departure_station_id where t1_0.id=?
Hibernate: select t1_0.id,t1_0.arrival_station_id,as1_0.id,as1_0.city,as1_0.downtown,as1_0.latitude,as1_0.longitude,as1_0.name,as1_0.surcharge,t1_0.departure_station_id,ds1_0.id,ds1_0.city,ds1_0.downtown,ds1_0.latitude,ds1_0.longitude,ds1_0.name,ds1_0.surcharge,t1_0.distance_km,t1_0.estimated_duration_minutes,t1_0.price_per_km,t1_0.route_geo_json from trajets t1_0 join stations as1_0 on as1_0.id=t1_0.arrival_station_id join stations ds1_0 on ds1_0.id=t1_0.departure_station_id where t1_0.id=?
2026-04-14T21:54:35.833+01:00 DEBUG 10256 --- [gestionUser] [nio-8081-exec-5] org.hibernate.SQL                        : select s1_0.id,s1_0.city,s1_0.downtown,s1_0.latitude,s1_0.longitude,s1_0.name,s1_0.surcharge from stations s1_0 where s1_0.id=?
Hibernate: select s1_0.id,s1_0.city,s1_0.downtown,s1_0.latitude,s1_0.longitude,s1_0.name,s1_0.surcharge from stations s1_0 where s1_0.id=?
2026-04-14T21:54:35.833+01:00 DEBUG 10256 --- [gestionUser] [nio-8081-exec-9] org.hibernate.SQL                        : select u1_0.id,u1_0.email,u1_0.first_name,u1_0.last_login,u1_0.last_name,u1_0.password,u1_0.preferred_language,u1_0.profile_photo,u1_0.role,u1_0.status from user u1_0 where u1_0.id=?
Hibernate: select u1_0.id,u1_0.email,u1_0.first_name,u1_0.last_login,u1_0.last_name,u1_0.password,u1_0.preferred_language,u1_0.profile_photo,u1_0.role,u1_0.status from user u1_0 where u1_0.id=?
2026-04-14T21:54:35.836+01:00 DEBUG 10256 --- [gestionUser] [nio-8081-exec-1] org.hibernate.SQL                        : select t1_0.id,t1_0.arrival_station_id,as1_0.id,as1_0.city,as1_0.downtown,as1_0.latitude,as1_0.longitude,as1_0.name,as1_0.surcharge,t1_0.departure_station_id,ds1_0.id,ds1_0.city,ds1_0.downtown,ds1_0.latitude,ds1_0.longitude,ds1_0.name,ds1_0.surcharge,t1_0.distance_km,t1_0.estimated_duration_minutes,t1_0.price_per_km,t1_0.route_geo_json from trajets t1_0 join stations as1_0 on as1_0.id=t1_0.arrival_station_id join stations ds1_0 on ds1_0.id=t1_0.departure_station_id where t1_0.id=?
Hibernate: select t1_0.id,t1_0.arrival_station_id,as1_0.id,as1_0.city,as1_0.downtown,as1_0.latitude,as1_0.longitude,as1_0.name,as1_0.surcharge,t1_0.departure_station_id,ds1_0.id,ds1_0.city,ds1_0.downtown,ds1_0.latitude,ds1_0.longitude,ds1_0.name,ds1_0.surcharge,t1_0.distance_km,t1_0.estimated_duration_minutes,t1_0.price_per_km,t1_0.route_geo_json from trajets t1_0 join stations as1_0 on as1_0.id=t1_0.arrival_station_id join stations ds1_0 on ds1_0.id=t1_0.departure_station_id where t1_0.id=?
2026-04-14T21:54:35.836+01:00 DEBUG 10256 --- [gestionUser] [nio-8081-exec-5] org.hibernate.SQL                        : select s1_0.id,s1_0.city,s1_0.downtown,s1_0.latitude,s1_0.longitude,s1_0.name,s1_0.surcharge from stations s1_0 where s1_0.id=?
Hibernate: select s1_0.id,s1_0.city,s1_0.downtown,s1_0.latitude,s1_0.longitude,s1_0.name,s1_0.surcharge from stations s1_0 where s1_0.id=?
2026-04-14T21:54:35.836+01:00 DEBUG 10256 --- [gestionUser] [nio-8081-exec-9] org.hibernate.SQL                        : select t1_0.id,t1_0.available_seats,t1_0.base_price,t1_0.departure_date,t1_0.departure_point,t1_0.status,t1_0.total_capacity,t1_0.traffic_jam,t1_0.trajet_id,t2_0.id,t2_0.arrival_station_id,as1_0.id,as1_0.city,as1_0.downtown,as1_0.latitude,as1_0.longitude,as1_0.name,as1_0.surcharge,t2_0.departure_station_id,ds1_0.id,ds1_0.city,ds1_0.downtown,ds1_0.latitude,ds1_0.longitude,ds1_0.name,ds1_0.surcharge,t2_0.distance_km,t2_0.estimated_duration_minutes,t2_0.price_per_km,t2_0.route_geo_json,t1_0.weather,t1_0.weather_source from transports t1_0 join trajets t2_0 on t2_0.id=t1_0.trajet_id join stations as1_0 on as1_0.id=t2_0.arrival_station_id join stations ds1_0 on ds1_0.id=t2_0.departure_station_id where t1_0.id=?
Hibernate: select t1_0.id,t1_0.available_seats,t1_0.base_price,t1_0.departure_date,t1_0.departure_point,t1_0.status,t1_0.total_capacity,t1_0.traffic_jam,t1_0.trajet_id,t2_0.id,t2_0.arrival_station_id,as1_0.id,as1_0.city,as1_0.downtown,as1_0.latitude,as1_0.longitude,as1_0.name,as1_0.surcharge,t2_0.departure_station_id,ds1_0.id,ds1_0.city,ds1_0.downtown,ds1_0.latitude,ds1_0.longitude,ds1_0.name,ds1_0.surcharge,t2_0.distance_km,t2_0.estimated_duration_minutes,t2_0.price_per_km,t2_0.route_geo_json,t1_0.weather,t1_0.weather_source from transports t1_0 join trajets t2_0 on t2_0.id=t1_0.trajet_id join stations as1_0 on as1_0.id=t2_0.arrival_station_id join stations ds1_0 on ds1_0.id=t2_0.departure_station_id where t1_0.id=?
2026-04-14T21:54:35.836+01:00 DEBUG 10256 --- [gestionUser] [nio-8081-exec-1] org.hibernate.SQL                        : select t1_0.id,t1_0.arrival_station_id,as1_0.id,as1_0.city,as1_0.downtown,as1_0.latitude,as1_0.longitude,as1_0.name,as1_0.surcharge,t1_0.departure_station_id,ds1_0.id,ds1_0.city,ds1_0.downtown,ds1_0.latitude,ds1_0.longitude,ds1_0.name,ds1_0.surcharge,t1_0.distance_km,t1_0.estimated_duration_minutes,t1_0.price_per_km,t1_0.route_geo_json from trajets t1_0 join stations as1_0 on as1_0.id=t1_0.arrival_station_id join stations ds1_0 on ds1_0.id=t1_0.departure_station_id where t1_0.id=?
Hibernate: select t1_0.id,t1_0.arrival_station_id,as1_0.id,as1_0.city,as1_0.downtown,as1_0.latitude,as1_0.longitude,as1_0.name,as1_0.surcharge,t1_0.departure_station_id,ds1_0.id,ds1_0.city,ds1_0.downtown,ds1_0.latitude,ds1_0.longitude,ds1_0.name,ds1_0.surcharge,t1_0.distance_km,t1_0.estimated_duration_minutes,t1_0.price_per_km,t1_0.route_geo_json from trajets t1_0 join stations as1_0 on as1_0.id=t1_0.arrival_station_id join stations ds1_0 on ds1_0.id=t1_0.departure_station_id where t1_0.id=?
2026-04-14T21:54:35.840+01:00 DEBUG 10256 --- [gestionUser] [nio-8081-exec-5] org.hibernate.SQL                        : select s1_0.id,s1_0.city,s1_0.downtown,s1_0.latitude,s1_0.longitude,s1_0.name,s1_0.surcharge from stations s1_0 where s1_0.id=?
Hibernate: select s1_0.id,s1_0.city,s1_0.downtown,s1_0.latitude,s1_0.longitude,s1_0.name,s1_0.surcharge from stations s1_0 where s1_0.id=?
2026-04-14T21:54:35.844+01:00 DEBUG 10256 --- [gestionUser] [nio-8081-exec-9] org.hibernate.SQL                        : select t1_0.id,t1_0.available_seats,t1_0.base_price,t1_0.departure_date,t1_0.departure_point,t1_0.status,t1_0.total_capacity,t1_0.traffic_jam,t1_0.trajet_id,t2_0.id,t2_0.arrival_station_id,as1_0.id,as1_0.city,as1_0.downtown,as1_0.latitude,as1_0.longitude,as1_0.name,as1_0.surcharge,t2_0.departure_station_id,ds1_0.id,ds1_0.city,ds1_0.downtown,ds1_0.latitude,ds1_0.longitude,ds1_0.name,ds1_0.surcharge,t2_0.distance_km,t2_0.estimated_duration_minutes,t2_0.price_per_km,t2_0.route_geo_json,t1_0.weather,t1_0.weather_source from transports t1_0 join trajets t2_0 on t2_0.id=t1_0.trajet_id join stations as1_0 on as1_0.id=t2_0.arrival_station_id join stations ds1_0 on ds1_0.id=t2_0.departure_station_id where t1_0.id=?
Hibernate: select t1_0.id,t1_0.available_seats,t1_0.base_price,t1_0.departure_date,t1_0.departure_point,t1_0.status,t1_0.total_capacity,t1_0.traffic_jam,t1_0.trajet_id,t2_0.id,t2_0.arrival_station_id,as1_0.id,as1_0.city,as1_0.downtown,as1_0.latitude,as1_0.longitude,as1_0.name,as1_0.surcharge,t2_0.departure_station_id,ds1_0.id,ds1_0.city,ds1_0.downtown,ds1_0.latitude,ds1_0.longitude,ds1_0.name,ds1_0.surcharge,t2_0.distance_km,t2_0.estimated_duration_minutes,t2_0.price_per_km,t2_0.route_geo_json,t1_0.weather,t1_0.weather_source from transports t1_0 join trajets t2_0 on t2_0.id=t1_0.trajet_id join stations as1_0 on as1_0.id=t2_0.arrival_station_id join stations ds1_0 on ds1_0.id=t2_0.departure_station_id where t1_0.id=?
2026-04-14T21:54:35.844+01:00 DEBUG 10256 --- [gestionUser] [nio-8081-exec-5] org.hibernate.SQL                        : select s1_0.id,s1_0.city,s1_0.downtown,s1_0.latitude,s1_0.longitude,s1_0.name,s1_0.surcharge from stations s1_0 where s1_0.id=?
Hibernate: select s1_0.id,s1_0.city,s1_0.downtown,s1_0.latitude,s1_0.longitude,s1_0.name,s1_0.surcharge from stations s1_0 where s1_0.id=?
2026-04-14T21:54:35.844+01:00 DEBUG 10256 --- [gestionUser] [nio-8081-exec-1] org.hibernate.SQL                        : select t1_0.id,t1_0.arrival_station_id,as1_0.id,as1_0.city,as1_0.downtown,as1_0.latitude,as1_0.longitude,as1_0.name,as1_0.surcharge,t1_0.departure_station_id,ds1_0.id,ds1_0.city,ds1_0.downtown,ds1_0.latitude,ds1_0.longitude,ds1_0.name,ds1_0.surcharge,t1_0.distance_km,t1_0.estimated_duration_minutes,t1_0.price_per_km,t1_0.route_geo_json from trajets t1_0 join stations as1_0 on as1_0.id=t1_0.arrival_station_id join stations ds1_0 on ds1_0.id=t1_0.departure_station_id where t1_0.id=?
Hibernate: select t1_0.id,t1_0.arrival_station_id,as1_0.id,as1_0.city,as1_0.downtown,as1_0.latitude,as1_0.longitude,as1_0.name,as1_0.surcharge,t1_0.departure_station_id,ds1_0.id,ds1_0.city,ds1_0.downtown,ds1_0.latitude,ds1_0.longitude,ds1_0.name,ds1_0.surcharge,t1_0.distance_km,t1_0.estimated_duration_minutes,t1_0.price_per_km,t1_0.route_geo_json from trajets t1_0 join stations as1_0 on as1_0.id=t1_0.arrival_station_id join stations ds1_0 on ds1_0.id=t1_0.departure_station_id where t1_0.id=?
2026-04-14T21:54:35.850+01:00 DEBUG 10256 --- [gestionUser] [nio-8081-exec-5] org.hibernate.SQL                        : select s1_0.id,s1_0.city,s1_0.downtown,s1_0.latitude,s1_0.longitude,s1_0.name,s1_0.surcharge from stations s1_0 where s1_0.id=?
Hibernate: select s1_0.id,s1_0.city,s1_0.downtown,s1_0.latitude,s1_0.longitude,s1_0.name,s1_0.surcharge from stations s1_0 where s1_0.id=?
2026-04-14T21:54:35.850+01:00 DEBUG 10256 --- [gestionUser] [nio-8081-exec-9] org.hibernate.SQL                        : select t1_0.id,t1_0.available_seats,t1_0.base_price,t1_0.departure_date,t1_0.departure_point,t1_0.status,t1_0.total_capacity,t1_0.traffic_jam,t1_0.trajet_id,t2_0.id,t2_0.arrival_station_id,as1_0.id,as1_0.city,as1_0.downtown,as1_0.latitude,as1_0.longitude,as1_0.name,as1_0.surcharge,t2_0.departure_station_id,ds1_0.id,ds1_0.city,ds1_0.downtown,ds1_0.latitude,ds1_0.longitude,ds1_0.name,ds1_0.surcharge,t2_0.distance_km,t2_0.estimated_duration_minutes,t2_0.price_per_km,t2_0.route_geo_json,t1_0.weather,t1_0.weather_source from transports t1_0 join trajets t2_0 on t2_0.id=t1_0.trajet_id join stations as1_0 on as1_0.id=t2_0.arrival_station_id join stations ds1_0 on ds1_0.id=t2_0.departure_station_id where t1_0.id=?
Hibernate: select t1_0.id,t1_0.available_seats,t1_0.base_price,t1_0.departure_date,t1_0.departure_point,t1_0.status,t1_0.total_capacity,t1_0.traffic_jam,t1_0.trajet_id,t2_0.id,t2_0.arrival_station_id,as1_0.id,as1_0.city,as1_0.downtown,as1_0.latitude,as1_0.longitude,as1_0.name,as1_0.surcharge,t2_0.departure_station_id,ds1_0.id,ds1_0.city,ds1_0.downtown,ds1_0.latitude,ds1_0.longitude,ds1_0.name,ds1_0.surcharge,t2_0.distance_km,t2_0.estimated_duration_minutes,t2_0.price_per_km,t2_0.route_geo_json,t1_0.weather,t1_0.weather_source from transports t1_0 join trajets t2_0 on t2_0.id=t1_0.trajet_id join stations as1_0 on as1_0.id=t2_0.arrival_station_id join stations ds1_0 on ds1_0.id=t2_0.departure_station_id where t1_0.id=?
2026-04-14T21:54:35.852+01:00 DEBUG 10256 --- [gestionUser] [nio-8081-exec-1] org.hibernate.SQL                        : select t1_0.id,t1_0.arrival_station_id,as1_0.id,as1_0.city,as1_0.downtown,as1_0.latitude,as1_0.longitude,as1_0.name,as1_0.surcharge,t1_0.departure_station_id,ds1_0.id,ds1_0.city,ds1_0.downtown,ds1_0.latitude,ds1_0.longitude,ds1_0.name,ds1_0.surcharge,t1_0.distance_km,t1_0.estimated_duration_minutes,t1_0.price_per_km,t1_0.route_geo_json from trajets t1_0 join stations as1_0 on as1_0.id=t1_0.arrival_station_id join stations ds1_0 on ds1_0.id=t1_0.departure_station_id where t1_0.id=?
Hibernate: select t1_0.id,t1_0.arrival_station_id,as1_0.id,as1_0.city,as1_0.downtown,as1_0.latitude,as1_0.longitude,as1_0.name,as1_0.surcharge,t1_0.departure_station_id,ds1_0.id,ds1_0.city,ds1_0.downtown,ds1_0.latitude,ds1_0.longitude,ds1_0.name,ds1_0.surcharge,t1_0.distance_km,t1_0.estimated_duration_minutes,t1_0.price_per_km,t1_0.route_geo_json from trajets t1_0 join stations as1_0 on as1_0.id=t1_0.arrival_station_id join stations ds1_0 on ds1_0.id=t1_0.departure_station_id where t1_0.id=?
2026-04-14T21:54:35.852+01:00 DEBUG 10256 --- [gestionUser] [nio-8081-exec-5] org.hibernate.SQL                        : select s1_0.id,s1_0.city,s1_0.downtown,s1_0.latitude,s1_0.longitude,s1_0.name,s1_0.surcharge from stations s1_0 where s1_0.id=?
Hibernate: select s1_0.id,s1_0.city,s1_0.downtown,s1_0.latitude,s1_0.longitude,s1_0.name,s1_0.surcharge from stations s1_0 where s1_0.id=?
2026-04-14T21:54:35.857+01:00 DEBUG 10256 --- [gestionUser] [nio-8081-exec-9] org.hibernate.SQL                        : select u1_0.id,u1_0.email,u1_0.first_name,u1_0.last_login,u1_0.last_name,u1_0.password,u1_0.preferred_language,u1_0.profile_photo,u1_0.role,u1_0.status from user u1_0 where u1_0.id=?
Hibernate: select u1_0.id,u1_0.email,u1_0.first_name,u1_0.last_login,u1_0.last_name,u1_0.password,u1_0.preferred_language,u1_0.profile_photo,u1_0.role,u1_0.status from user u1_0 where u1_0.id=?
2026-04-14T21:54:35.857+01:00 DEBUG 10256 --- [gestionUser] [nio-8081-exec-5] org.hibernate.SQL                        : select s1_0.id,s1_0.city,s1_0.downtown,s1_0.latitude,s1_0.longitude,s1_0.name,s1_0.surcharge from stations s1_0 where s1_0.id=?
Hibernate: select s1_0.id,s1_0.city,s1_0.downtown,s1_0.latitude,s1_0.longitude,s1_0.name,s1_0.surcharge from stations s1_0 where s1_0.id=?
2026-04-14T21:54:35.861+01:00 DEBUG 10256 --- [gestionUser] [nio-8081-exec-9] org.hibernate.SQL                        : select t1_0.id,t1_0.available_seats,t1_0.base_price,t1_0.departure_date,t1_0.departure_point,t1_0.status,t1_0.total_capacity,t1_0.traffic_jam,t1_0.trajet_id,t2_0.id,t2_0.arrival_station_id,as1_0.id,as1_0.city,as1_0.downtown,as1_0.latitude,as1_0.longitude,as1_0.name,as1_0.surcharge,t2_0.departure_station_id,ds1_0.id,ds1_0.city,ds1_0.downtown,ds1_0.latitude,ds1_0.longitude,ds1_0.name,ds1_0.surcharge,t2_0.distance_km,t2_0.estimated_duration_minutes,t2_0.price_per_km,t2_0.route_geo_json,t1_0.weather,t1_0.weather_source from transports t1_0 join trajets t2_0 on t2_0.id=t1_0.trajet_id join stations as1_0 on as1_0.id=t2_0.arrival_station_id join stations ds1_0 on ds1_0.id=t2_0.departure_station_id where t1_0.id=?
Hibernate: select t1_0.id,t1_0.available_seats,t1_0.base_price,t1_0.departure_date,t1_0.departure_point,t1_0.status,t1_0.total_capacity,t1_0.traffic_jam,t1_0.trajet_id,t2_0.id,t2_0.arrival_station_id,as1_0.id,as1_0.city,as1_0.downtown,as1_0.latitude,as1_0.longitude,as1_0.name,as1_0.surcharge,t2_0.departure_station_id,ds1_0.id,ds1_0.city,ds1_0.downtown,ds1_0.latitude,ds1_0.longitude,ds1_0.name,ds1_0.surcharge,t2_0.distance_km,t2_0.estimated_duration_minutes,t2_0.price_per_km,t2_0.route_geo_json,t1_0.weather,t1_0.weather_source from transports t1_0 join trajets t2_0 on t2_0.id=t1_0.trajet_id join stations as1_0 on as1_0.id=t2_0.arrival_station_id join stations ds1_0 on ds1_0.id=t2_0.departure_station_id where t1_0.id=?
2026-04-14T21:54:35.868+01:00 DEBUG 10256 --- [gestionUser] [nio-8081-exec-5] org.hibernate.SQL                        : select s1_0.id,s1_0.city,s1_0.downtown,s1_0.latitude,s1_0.longitude,s1_0.name,s1_0.surcharge from stations s1_0 where s1_0.id=?
Hibernate: select s1_0.id,s1_0.city,s1_0.downtown,s1_0.latitude,s1_0.longitude,s1_0.name,s1_0.surcharge from stations s1_0 where s1_0.id=?
2026-04-14T21:54:35.869+01:00 DEBUG 10256 --- [gestionUser] [nio-8081-exec-1] m.m.a.RequestResponseBodyMethodProcessor : Using 'application/json', given [application/json, text/plain, */*] and supported [application/json, application/*+json, application/yaml]
2026-04-14T21:54:35.869+01:00 DEBUG 10256 --- [gestionUser] [nio-8081-exec-9] m.m.a.RequestResponseBodyMethodProcessor : Using 'application/json', given [application/json, text/plain, */*] and supported [application/json, application/*+json, application/yaml]
2026-04-14T21:54:35.871+01:00 DEBUG 10256 --- [gestionUser] [nio-8081-exec-1] m.m.a.RequestResponseBodyMethodProcessor : Writing [[TransportDTO(id=3, departurePoint=Zied, departureDate=2026-04-22T21:53, realDepartureDate=2026-04-2 (truncated)...]
2026-04-14T21:54:35.872+01:00 DEBUG 10256 --- [gestionUser] [nio-8081-exec-9] m.m.a.RequestResponseBodyMethodProcessor : Writing [[ReservationDTO(id=5, reservedSeats=2, totalPrice=48.0, pricePerSeat=24.0, reservationDate=2026-04-1 (truncated)...]
2026-04-14T21:54:35.872+01:00 DEBUG 10256 --- [gestionUser] [nio-8081-exec-5] org.hibernate.SQL                        : select s1_0.id,s1_0.city,s1_0.downtown,s1_0.latitude,s1_0.longitude,s1_0.name,s1_0.surcharge from stations s1_0 where s1_0.id=?
Hibernate: select s1_0.id,s1_0.city,s1_0.downtown,s1_0.latitude,s1_0.longitude,s1_0.name,s1_0.surcharge from stations s1_0 where s1_0.id=?
2026-04-14T21:54:35.874+01:00 DEBUG 10256 --- [gestionUser] [nio-8081-exec-1] o.s.web.servlet.DispatcherServlet        : Completed 200 OK
2026-04-14T21:54:35.885+01:00 DEBUG 10256 --- [gestionUser] [nio-8081-exec-5] org.hibernate.SQL                        : select s1_0.id,s1_0.city,s1_0.downtown,s1_0.latitude,s1_0.longitude,s1_0.name,s1_0.surcharge from stations s1_0 where s1_0.id=?
Hibernate: select s1_0.id,s1_0.city,s1_0.downtown,s1_0.latitude,s1_0.longitude,s1_0.name,s1_0.surcharge from stations s1_0 where s1_0.id=?
2026-04-14T21:54:35.887+01:00 DEBUG 10256 --- [gestionUser] [nio-8081-exec-9] o.s.web.servlet.DispatcherServlet        : Completed 200 OK
2026-04-14T21:54:35.892+01:00 DEBUG 10256 --- [gestionUser] [nio-8081-exec-5] org.hibernate.SQL                        : select s1_0.id,s1_0.city,s1_0.downtown,s1_0.latitude,s1_0.longitude,s1_0.name,s1_0.surcharge from stations s1_0 where s1_0.id=?
Hibernate: select s1_0.id,s1_0.city,s1_0.downtown,s1_0.latitude,s1_0.longitude,s1_0.name,s1_0.surcharge from stations s1_0 where s1_0.id=?
2026-04-14T21:54:35.901+01:00 DEBUG 10256 --- [gestionUser] [nio-8081-exec-5] org.hibernate.SQL                        : select s1_0.id,s1_0.city,s1_0.downtown,s1_0.latitude,s1_0.longitude,s1_0.name,s1_0.surcharge from stations s1_0 where s1_0.id=?
Hibernate: select s1_0.id,s1_0.city,s1_0.downtown,s1_0.latitude,s1_0.longitude,s1_0.name,s1_0.surcharge from stations s1_0 where s1_0.id=?
2026-04-14T21:54:35.905+01:00 DEBUG 10256 --- [gestionUser] [nio-8081-exec-5] org.hibernate.SQL                        : select s1_0.id,s1_0.city,s1_0.downtown,s1_0.latitude,s1_0.longitude,s1_0.name,s1_0.surcharge from stations s1_0 where s1_0.id=?
Hibernate: select s1_0.id,s1_0.city,s1_0.downtown,s1_0.latitude,s1_0.longitude,s1_0.name,s1_0.surcharge from stations s1_0 where s1_0.id=?
2026-04-14T21:54:35.907+01:00 DEBUG 10256 --- [gestionUser] [nio-8081-exec-5] org.hibernate.SQL                        : select s1_0.id,s1_0.city,s1_0.downtown,s1_0.latitude,s1_0.longitude,s1_0.name,s1_0.surcharge from stations s1_0 where s1_0.id=?
Hibernate: select s1_0.id,s1_0.city,s1_0.downtown,s1_0.latitude,s1_0.longitude,s1_0.name,s1_0.surcharge from stations s1_0 where s1_0.id=?
2026-04-14T21:54:35.913+01:00 DEBUG 10256 --- [gestionUser] [nio-8081-exec-5] org.hibernate.SQL                        : select s1_0.id,s1_0.city,s1_0.downtown,s1_0.latitude,s1_0.longitude,s1_0.name,s1_0.surcharge from stations s1_0 where s1_0.id=?
Hibernate: select s1_0.id,s1_0.city,s1_0.downtown,s1_0.latitude,s1_0.longitude,s1_0.name,s1_0.surcharge from stations s1_0 where s1_0.id=?
2026-04-14T21:54:35.916+01:00 DEBUG 10256 --- [gestionUser] [nio-8081-exec-5] org.hibernate.SQL                        : select s1_0.id,s1_0.city,s1_0.downtown,s1_0.latitude,s1_0.longitude,s1_0.name,s1_0.surcharge from stations s1_0 where s1_0.id=?
Hibernate: select s1_0.id,s1_0.city,s1_0.downtown,s1_0.latitude,s1_0.longitude,s1_0.name,s1_0.surcharge from stations s1_0 where s1_0.id=?
2026-04-14T21:54:35.921+01:00 DEBUG 10256 --- [gestionUser] [nio-8081-exec-5] m.m.a.RequestResponseBodyMethodProcessor : Using 'application/json', given [application/json, text/plain, */*] and supported [application/json, application/*+json, application/yaml]
2026-04-14T21:54:35.921+01:00 DEBUG 10256 --- [gestionUser] [nio-8081-exec-5] m.m.a.RequestResponseBodyMethodProcessor : Writing [[TrajetDTO(id=2, departureStationId=5, departureStationName=Barcelone, arrivalStationId=6, arrivalSt (truncated)...]
2026-04-14T21:54:35.927+01:00 DEBUG 10256 --- [gestionUser] [nio-8081-exec-5] o.s.web.servlet.DispatcherServlet        : Completed 200 OK
2026-04-14T21:54:38.672+01:00 DEBUG 10256 --- [gestionUser] [nio-8081-exec-3] o.s.security.web.FilterChainProxy        : Securing GET /api/stations
2026-04-14T21:54:38.672+01:00  INFO 10256 --- [gestionUser] [nio-8081-exec-3] t.e.s.baladna.user.security.JwtFilter    : Request to: /api/stations - Auth header: present
2026-04-14T21:54:38.672+01:00  INFO 10256 --- [gestionUser] [nio-8081-exec-3] t.e.s.baladna.user.security.JwtFilter    : Token extracted (length: 167)
2026-04-14T21:54:38.677+01:00  INFO 10256 --- [gestionUser] [nio-8081-exec-3] t.e.s.baladna.user.security.JwtFilter    : Email extracted from token: ahmedm12@gmail.com
2026-04-14T21:54:38.680+01:00 DEBUG 10256 --- [gestionUser] [nio-8081-exec-3] org.hibernate.SQL                        : select u1_0.id,u1_0.email,u1_0.first_name,u1_0.last_login,u1_0.last_name,u1_0.password,u1_0.preferred_language,u1_0.profile_photo,u1_0.role,u1_0.status from user u1_0 where u1_0.email=?
Hibernate: select u1_0.id,u1_0.email,u1_0.first_name,u1_0.last_login,u1_0.last_name,u1_0.password,u1_0.preferred_language,u1_0.profile_photo,u1_0.role,u1_0.status from user u1_0 where u1_0.email=?
2026-04-14T21:54:38.685+01:00  INFO 10256 --- [gestionUser] [nio-8081-exec-3] t.e.s.baladna.user.security.JwtFilter    : User found: ahmedm12@gmail.com with role: HOST
2026-04-14T21:54:38.685+01:00  INFO 10256 --- [gestionUser] [nio-8081-exec-3] t.e.s.baladna.user.security.JwtFilter    : Setting authentication with role: ROLE_HOST
2026-04-14T21:54:38.685+01:00  INFO 10256 --- [gestionUser] [nio-8081-exec-3] t.e.s.baladna.user.security.JwtFilter    : Authentication set successfully
2026-04-14T21:54:38.687+01:00 DEBUG 10256 --- [gestionUser] [nio-8081-exec-3] o.s.security.web.FilterChainProxy        : Secured GET /api/stations
2026-04-14T21:54:38.688+01:00 DEBUG 10256 --- [gestionUser] [nio-8081-exec-3] o.s.web.servlet.DispatcherServlet        : GET "/api/stations", parameters={}
2026-04-14T21:54:38.689+01:00 DEBUG 10256 --- [gestionUser] [nio-8081-exec-3] s.w.s.m.m.a.RequestMappingHandlerMapping : Mapped to tn.esprit.spring.baladna.transport.controller.StationController#getAllStations()
2026-04-14T21:54:38.693+01:00 DEBUG 10256 --- [gestionUser] [nio-8081-exec-3] org.hibernate.SQL                        : select s1_0.id,s1_0.city,s1_0.downtown,s1_0.latitude,s1_0.longitude,s1_0.name,s1_0.surcharge from stations s1_0
Hibernate: select s1_0.id,s1_0.city,s1_0.downtown,s1_0.latitude,s1_0.longitude,s1_0.name,s1_0.surcharge from stations s1_0
2026-04-14T21:54:38.700+01:00 DEBUG 10256 --- [gestionUser] [nio-8081-exec-3] m.m.a.RequestResponseBodyMethodProcessor : Using 'application/json', given [application/json, text/plain, */*] and supported [application/json, application/*+json, application/yaml]
2026-04-14T21:54:38.702+01:00 DEBUG 10256 --- [gestionUser] [nio-8081-exec-3] m.m.a.RequestResponseBodyMethodProcessor : Writing [[StationDTO(id=5, name=Barcelone, city=kbeli, surcharge=3.0, downtown=true, latitude=0.0, longitude= (truncated)...]
2026-04-14T21:54:38.705+01:00 DEBUG 10256 --- [gestionUser] [nio-8081-exec-3] o.s.web.servlet.DispatcherServlet        : Completed 200 OK
2026-04-14T21:55:24.989+01:00 DEBUG 10256 --- [gestionUser] [nio-8081-exec-2] o.s.security.web.FilterChainProxy        : Securing OPTIONS /api/stations
2026-04-14T21:55:25.003+01:00 DEBUG 10256 --- [gestionUser] [nio-8081-exec-8] o.s.security.web.FilterChainProxy        : Securing POST /api/stations
2026-04-14T21:55:25.007+01:00  INFO 10256 --- [gestionUser] [nio-8081-exec-8] t.e.s.baladna.user.security.JwtFilter    : Request to: /api/stations - Auth header: present
2026-04-14T21:55:25.007+01:00  INFO 10256 --- [gestionUser] [nio-8081-exec-8] t.e.s.baladna.user.security.JwtFilter    : Token extracted (length: 167)
2026-04-14T21:55:25.012+01:00  INFO 10256 --- [gestionUser] [nio-8081-exec-8] t.e.s.baladna.user.security.JwtFilter    : Email extracted from token: ahmedm12@gmail.com
2026-04-14T21:55:25.017+01:00 DEBUG 10256 --- [gestionUser] [nio-8081-exec-8] org.hibernate.SQL                        : select u1_0.id,u1_0.email,u1_0.first_name,u1_0.last_login,u1_0.last_name,u1_0.password,u1_0.preferred_language,u1_0.profile_photo,u1_0.role,u1_0.status from user u1_0 where u1_0.email=?
Hibernate: select u1_0.id,u1_0.email,u1_0.first_name,u1_0.last_login,u1_0.last_name,u1_0.password,u1_0.preferred_language,u1_0.profile_photo,u1_0.role,u1_0.status from user u1_0 where u1_0.email=?
2026-04-14T21:55:25.022+01:00  INFO 10256 --- [gestionUser] [nio-8081-exec-8] t.e.s.baladna.user.security.JwtFilter    : User found: ahmedm12@gmail.com with role: HOST
2026-04-14T21:55:25.024+01:00  INFO 10256 --- [gestionUser] [nio-8081-exec-8] t.e.s.baladna.user.security.JwtFilter    : Setting authentication with role: ROLE_HOST
2026-04-14T21:55:25.024+01:00  INFO 10256 --- [gestionUser] [nio-8081-exec-8] t.e.s.baladna.user.security.JwtFilter    : Authentication set successfully
2026-04-14T21:55:25.025+01:00 DEBUG 10256 --- [gestionUser] [nio-8081-exec-8] o.s.security.web.FilterChainProxy        : Secured POST /api/stations
2026-04-14T21:55:25.027+01:00 DEBUG 10256 --- [gestionUser] [nio-8081-exec-8] o.s.web.servlet.DispatcherServlet        : POST "/api/stations", parameters={}
2026-04-14T21:55:25.028+01:00 DEBUG 10256 --- [gestionUser] [nio-8081-exec-8] s.w.s.m.m.a.RequestMappingHandlerMapping : Mapped to tn.esprit.spring.baladna.transport.controller.StationController#createStation(StationDTO)
2026-04-14T21:55:25.032+01:00 DEBUG 10256 --- [gestionUser] [nio-8081-exec-8] m.m.a.RequestResponseBodyMethodProcessor : Read "application/json;charset=UTF-8" to [StationDTO(id=null, name=Cité de la culture, city=Tunis, surcharge=0.0, downtown=false, latitude=36. (truncated)...]
2026-04-14T21:55:25.035+01:00 DEBUG 10256 --- [gestionUser] [nio-8081-exec-8] org.hibernate.SQL                        : select s1_0.id from stations s1_0 where s1_0.name=? and s1_0.city=? limit ?
Hibernate: select s1_0.id from stations s1_0 where s1_0.name=? and s1_0.city=? limit ?
2026-04-14T21:55:25.058+01:00 DEBUG 10256 --- [gestionUser] [nio-8081-exec-8] org.hibernate.SQL                        : insert into stations (city,downtown,latitude,longitude,name,surcharge) values (?,?,?,?,?,?)
Hibernate: insert into stations (city,downtown,latitude,longitude,name,surcharge) values (?,?,?,?,?,?)
2026-04-14T21:55:25.069+01:00 DEBUG 10256 --- [gestionUser] [nio-8081-exec-8] o.s.w.s.m.m.a.HttpEntityMethodProcessor  : Using 'application/json', given [application/json, text/plain, */*] and supported [application/json, application/*+json, application/yaml]
2026-04-14T21:55:25.069+01:00 DEBUG 10256 --- [gestionUser] [nio-8081-exec-8] o.s.w.s.m.m.a.HttpEntityMethodProcessor  : Writing [StationDTO(id=50, name=Cité de la culture, city=Tunis, surcharge=0.0, downtown=false, latitude=36.39 (truncated)...]
2026-04-14T21:55:25.072+01:00 DEBUG 10256 --- [gestionUser] [nio-8081-exec-8] o.s.web.servlet.DispatcherServlet        : Completed 200 OK
2026-04-14T21:55:25.085+01:00 DEBUG 10256 --- [gestionUser] [nio-8081-exec-7] o.s.security.web.FilterChainProxy        : Securing GET /api/stations
2026-04-14T21:55:25.085+01:00  INFO 10256 --- [gestionUser] [nio-8081-exec-7] t.e.s.baladna.user.security.JwtFilter    : Request to: /api/stations - Auth header: present
2026-04-14T21:55:25.085+01:00  INFO 10256 --- [gestionUser] [nio-8081-exec-7] t.e.s.baladna.user.security.JwtFilter    : Token extracted (length: 167)
2026-04-14T21:55:25.092+01:00  INFO 10256 --- [gestionUser] [nio-8081-exec-7] t.e.s.baladna.user.security.JwtFilter    : Email extracted from token: ahmedm12@gmail.com
2026-04-14T21:55:25.095+01:00 DEBUG 10256 --- [gestionUser] [nio-8081-exec-7] org.hibernate.SQL                        : select u1_0.id,u1_0.email,u1_0.first_name,u1_0.last_login,u1_0.last_name,u1_0.password,u1_0.preferred_language,u1_0.profile_photo,u1_0.role,u1_0.status from user u1_0 where u1_0.email=?
Hibernate: select u1_0.id,u1_0.email,u1_0.first_name,u1_0.last_login,u1_0.last_name,u1_0.password,u1_0.preferred_language,u1_0.profile_photo,u1_0.role,u1_0.status from user u1_0 where u1_0.email=?
2026-04-14T21:55:25.100+01:00  INFO 10256 --- [gestionUser] [nio-8081-exec-7] t.e.s.baladna.user.security.JwtFilter    : User found: ahmedm12@gmail.com with role: HOST
2026-04-14T21:55:25.101+01:00  INFO 10256 --- [gestionUser] [nio-8081-exec-7] t.e.s.baladna.user.security.JwtFilter    : Setting authentication with role: ROLE_HOST
2026-04-14T21:55:25.101+01:00  INFO 10256 --- [gestionUser] [nio-8081-exec-7] t.e.s.baladna.user.security.JwtFilter    : Authentication set successfully
2026-04-14T21:55:25.101+01:00 DEBUG 10256 --- [gestionUser] [nio-8081-exec-7] o.s.security.web.FilterChainProxy        : Secured GET /api/stations
2026-04-14T21:55:25.101+01:00 DEBUG 10256 --- [gestionUser] [nio-8081-exec-7] o.s.web.servlet.DispatcherServlet        : GET "/api/stations", parameters={}
2026-04-14T21:55:25.104+01:00 DEBUG 10256 --- [gestionUser] [nio-8081-exec-7] s.w.s.m.m.a.RequestMappingHandlerMapping : Mapped to tn.esprit.spring.baladna.transport.controller.StationController#getAllStations()
2026-04-14T21:55:25.109+01:00 DEBUG 10256 --- [gestionUser] [nio-8081-exec-7] org.hibernate.SQL                        : select s1_0.id,s1_0.city,s1_0.downtown,s1_0.latitude,s1_0.longitude,s1_0.name,s1_0.surcharge from stations s1_0
Hibernate: select s1_0.id,s1_0.city,s1_0.downtown,s1_0.latitude,s1_0.longitude,s1_0.name,s1_0.surcharge from stations s1_0
2026-04-14T21:55:25.118+01:00 DEBUG 10256 --- [gestionUser] [nio-8081-exec-7] m.m.a.RequestResponseBodyMethodProcessor : Using 'application/json', given [application/json, text/plain, */*] and supported [application/json, application/*+json, application/yaml]
2026-04-14T21:55:25.122+01:00 DEBUG 10256 --- [gestionUser] [nio-8081-exec-7] m.m.a.RequestResponseBodyMethodProcessor : Writing [[StationDTO(id=5, name=Barcelone, city=kbeli, surcharge=3.0, downtown=true, latitude=0.0, longitude= (truncated)...]
2026-04-14T21:55:25.131+01:00 DEBUG 10256 --- [gestionUser] [nio-8081-exec-7] o.s.web.servlet.DispatcherServlet        : Completed 200 OK
2026-04-14T21:55:31.583+01:00 DEBUG 10256 --- [gestionUser] [io-8081-exec-10] o.s.security.web.FilterChainProxy        : Securing OPTIONS /api/trajets
2026-04-14T21:55:31.583+01:00 DEBUG 10256 --- [gestionUser] [nio-8081-exec-4] o.s.security.web.FilterChainProxy        : Securing OPTIONS /api/stations
2026-04-14T21:55:31.592+01:00 DEBUG 10256 --- [gestionUser] [nio-8081-exec-6] o.s.security.web.FilterChainProxy        : Securing GET /api/stations
2026-04-14T21:55:31.592+01:00 DEBUG 10256 --- [gestionUser] [nio-8081-exec-1] o.s.security.web.FilterChainProxy        : Securing GET /api/trajets
2026-04-14T21:55:31.594+01:00  INFO 10256 --- [gestionUser] [nio-8081-exec-6] t.e.s.baladna.user.security.JwtFilter    : Request to: /api/stations - Auth header: present
2026-04-14T21:55:31.596+01:00  INFO 10256 --- [gestionUser] [nio-8081-exec-6] t.e.s.baladna.user.security.JwtFilter    : Token extracted (length: 167)
2026-04-14T21:55:31.596+01:00  INFO 10256 --- [gestionUser] [nio-8081-exec-1] t.e.s.baladna.user.security.JwtFilter    : Request to: /api/trajets - Auth header: present
2026-04-14T21:55:31.596+01:00  INFO 10256 --- [gestionUser] [nio-8081-exec-1] t.e.s.baladna.user.security.JwtFilter    : Token extracted (length: 167)
2026-04-14T21:55:31.596+01:00  INFO 10256 --- [gestionUser] [nio-8081-exec-6] t.e.s.baladna.user.security.JwtFilter    : Email extracted from token: ahmedm12@gmail.com
2026-04-14T21:55:31.596+01:00  INFO 10256 --- [gestionUser] [nio-8081-exec-1] t.e.s.baladna.user.security.JwtFilter    : Email extracted from token: ahmedm12@gmail.com
2026-04-14T21:55:31.601+01:00 DEBUG 10256 --- [gestionUser] [nio-8081-exec-1] org.hibernate.SQL                        : select u1_0.id,u1_0.email,u1_0.first_name,u1_0.last_login,u1_0.last_name,u1_0.password,u1_0.preferred_language,u1_0.profile_photo,u1_0.role,u1_0.status from user u1_0 where u1_0.email=?
Hibernate: select u1_0.id,u1_0.email,u1_0.first_name,u1_0.last_login,u1_0.last_name,u1_0.password,u1_0.preferred_language,u1_0.profile_photo,u1_0.role,u1_0.status from user u1_0 where u1_0.email=?
2026-04-14T21:55:31.601+01:00 DEBUG 10256 --- [gestionUser] [nio-8081-exec-6] org.hibernate.SQL                        : select u1_0.id,u1_0.email,u1_0.first_name,u1_0.last_login,u1_0.last_name,u1_0.password,u1_0.preferred_language,u1_0.profile_photo,u1_0.role,u1_0.status from user u1_0 where u1_0.email=?
Hibernate: select u1_0.id,u1_0.email,u1_0.first_name,u1_0.last_login,u1_0.last_name,u1_0.password,u1_0.preferred_language,u1_0.profile_photo,u1_0.role,u1_0.status from user u1_0 where u1_0.email=?
2026-04-14T21:55:31.607+01:00  INFO 10256 --- [gestionUser] [nio-8081-exec-1] t.e.s.baladna.user.security.JwtFilter    : User found: ahmedm12@gmail.com with role: HOST
2026-04-14T21:55:31.607+01:00  INFO 10256 --- [gestionUser] [nio-8081-exec-6] t.e.s.baladna.user.security.JwtFilter    : User found: ahmedm12@gmail.com with role: HOST
2026-04-14T21:55:31.609+01:00  INFO 10256 --- [gestionUser] [nio-8081-exec-1] t.e.s.baladna.user.security.JwtFilter    : Setting authentication with role: ROLE_HOST
2026-04-14T21:55:31.609+01:00  INFO 10256 --- [gestionUser] [nio-8081-exec-6] t.e.s.baladna.user.security.JwtFilter    : Setting authentication with role: ROLE_HOST
2026-04-14T21:55:31.609+01:00  INFO 10256 --- [gestionUser] [nio-8081-exec-1] t.e.s.baladna.user.security.JwtFilter    : Authentication set successfully
2026-04-14T21:55:31.611+01:00  INFO 10256 --- [gestionUser] [nio-8081-exec-6] t.e.s.baladna.user.security.JwtFilter    : Authentication set successfully
2026-04-14T21:55:31.611+01:00 DEBUG 10256 --- [gestionUser] [nio-8081-exec-1] o.s.security.web.FilterChainProxy        : Secured GET /api/trajets
2026-04-14T21:55:31.611+01:00 DEBUG 10256 --- [gestionUser] [nio-8081-exec-6] o.s.security.web.FilterChainProxy        : Secured GET /api/stations
2026-04-14T21:55:31.611+01:00 DEBUG 10256 --- [gestionUser] [nio-8081-exec-1] o.s.web.servlet.DispatcherServlet        : GET "/api/trajets", parameters={}
2026-04-14T21:55:31.611+01:00 DEBUG 10256 --- [gestionUser] [nio-8081-exec-6] o.s.web.servlet.DispatcherServlet        : GET "/api/stations", parameters={}
2026-04-14T21:55:31.611+01:00 DEBUG 10256 --- [gestionUser] [nio-8081-exec-1] s.w.s.m.m.a.RequestMappingHandlerMapping : Mapped to tn.esprit.spring.baladna.transport.controller.TrajetController#getAllTrajets()
2026-04-14T21:55:31.611+01:00 DEBUG 10256 --- [gestionUser] [nio-8081-exec-6] s.w.s.m.m.a.RequestMappingHandlerMapping : Mapped to tn.esprit.spring.baladna.transport.controller.StationController#getAllStations()
2026-04-14T21:55:31.622+01:00 DEBUG 10256 --- [gestionUser] [nio-8081-exec-6] org.hibernate.SQL                        : select s1_0.id,s1_0.city,s1_0.downtown,s1_0.latitude,s1_0.longitude,s1_0.name,s1_0.surcharge from stations s1_0
Hibernate: select s1_0.id,s1_0.city,s1_0.downtown,s1_0.latitude,s1_0.longitude,s1_0.name,s1_0.surcharge from stations s1_0
2026-04-14T21:55:31.624+01:00 DEBUG 10256 --- [gestionUser] [nio-8081-exec-1] org.hibernate.SQL                        : select t1_0.id,t1_0.arrival_station_id,t1_0.departure_station_id,t1_0.distance_km,t1_0.estimated_duration_minutes,t1_0.price_per_km,t1_0.route_geo_json from trajets t1_0
Hibernate: select t1_0.id,t1_0.arrival_station_id,t1_0.departure_station_id,t1_0.distance_km,t1_0.estimated_duration_minutes,t1_0.price_per_km,t1_0.route_geo_json from trajets t1_0
2026-04-14T21:55:31.630+01:00 DEBUG 10256 --- [gestionUser] [nio-8081-exec-1] org.hibernate.SQL                        : select s1_0.id,s1_0.city,s1_0.downtown,s1_0.latitude,s1_0.longitude,s1_0.name,s1_0.surcharge from stations s1_0 where s1_0.id=?
Hibernate: select s1_0.id,s1_0.city,s1_0.downtown,s1_0.latitude,s1_0.longitude,s1_0.name,s1_0.surcharge from stations s1_0 where s1_0.id=?
2026-04-14T21:55:31.631+01:00 DEBUG 10256 --- [gestionUser] [nio-8081-exec-6] m.m.a.RequestResponseBodyMethodProcessor : Using 'application/json', given [application/json, text/plain, */*] and supported [application/json, application/*+json, application/yaml]
2026-04-14T21:55:31.631+01:00 DEBUG 10256 --- [gestionUser] [nio-8081-exec-6] m.m.a.RequestResponseBodyMethodProcessor : Writing [[StationDTO(id=5, name=Barcelone, city=kbeli, surcharge=3.0, downtown=true, latitude=0.0, longitude= (truncated)...]
2026-04-14T21:55:31.631+01:00 DEBUG 10256 --- [gestionUser] [nio-8081-exec-1] org.hibernate.SQL                        : select s1_0.id,s1_0.city,s1_0.downtown,s1_0.latitude,s1_0.longitude,s1_0.name,s1_0.surcharge from stations s1_0 where s1_0.id=?
Hibernate: select s1_0.id,s1_0.city,s1_0.downtown,s1_0.latitude,s1_0.longitude,s1_0.name,s1_0.surcharge from stations s1_0 where s1_0.id=?
2026-04-14T21:55:31.635+01:00 DEBUG 10256 --- [gestionUser] [nio-8081-exec-6] o.s.web.servlet.DispatcherServlet        : Completed 200 OK
2026-04-14T21:55:31.636+01:00 DEBUG 10256 --- [gestionUser] [nio-8081-exec-1] org.hibernate.SQL                        : select s1_0.id,s1_0.city,s1_0.downtown,s1_0.latitude,s1_0.longitude,s1_0.name,s1_0.surcharge from stations s1_0 where s1_0.id=?
Hibernate: select s1_0.id,s1_0.city,s1_0.downtown,s1_0.latitude,s1_0.longitude,s1_0.name,s1_0.surcharge from stations s1_0 where s1_0.id=?
2026-04-14T21:55:31.636+01:00 DEBUG 10256 --- [gestionUser] [nio-8081-exec-1] org.hibernate.SQL                        : select s1_0.id,s1_0.city,s1_0.downtown,s1_0.latitude,s1_0.longitude,s1_0.name,s1_0.surcharge from stations s1_0 where s1_0.id=?
Hibernate: select s1_0.id,s1_0.city,s1_0.downtown,s1_0.latitude,s1_0.longitude,s1_0.name,s1_0.surcharge from stations s1_0 where s1_0.id=?
2026-04-14T21:55:31.645+01:00 DEBUG 10256 --- [gestionUser] [nio-8081-exec-1] org.hibernate.SQL                        : select s1_0.id,s1_0.city,s1_0.downtown,s1_0.latitude,s1_0.longitude,s1_0.name,s1_0.surcharge from stations s1_0 where s1_0.id=?
Hibernate: select s1_0.id,s1_0.city,s1_0.downtown,s1_0.latitude,s1_0.longitude,s1_0.name,s1_0.surcharge from stations s1_0 where s1_0.id=?
2026-04-14T21:55:31.645+01:00 DEBUG 10256 --- [gestionUser] [nio-8081-exec-1] org.hibernate.SQL                        : select s1_0.id,s1_0.city,s1_0.downtown,s1_0.latitude,s1_0.longitude,s1_0.name,s1_0.surcharge from stations s1_0 where s1_0.id=?
Hibernate: select s1_0.id,s1_0.city,s1_0.downtown,s1_0.latitude,s1_0.longitude,s1_0.name,s1_0.surcharge from stations s1_0 where s1_0.id=?
2026-04-14T21:55:31.645+01:00 DEBUG 10256 --- [gestionUser] [nio-8081-exec-1] org.hibernate.SQL                        : select s1_0.id,s1_0.city,s1_0.downtown,s1_0.latitude,s1_0.longitude,s1_0.name,s1_0.surcharge from stations s1_0 where s1_0.id=?
Hibernate: select s1_0.id,s1_0.city,s1_0.downtown,s1_0.latitude,s1_0.longitude,s1_0.name,s1_0.surcharge from stations s1_0 where s1_0.id=?
2026-04-14T21:55:31.655+01:00 DEBUG 10256 --- [gestionUser] [nio-8081-exec-1] org.hibernate.SQL                        : select s1_0.id,s1_0.city,s1_0.downtown,s1_0.latitude,s1_0.longitude,s1_0.name,s1_0.surcharge from stations s1_0 where s1_0.id=?
Hibernate: select s1_0.id,s1_0.city,s1_0.downtown,s1_0.latitude,s1_0.longitude,s1_0.name,s1_0.surcharge from stations s1_0 where s1_0.id=?
2026-04-14T21:55:31.657+01:00 DEBUG 10256 --- [gestionUser] [nio-8081-exec-1] org.hibernate.SQL                        : select s1_0.id,s1_0.city,s1_0.downtown,s1_0.latitude,s1_0.longitude,s1_0.name,s1_0.surcharge from stations s1_0 where s1_0.id=?
Hibernate: select s1_0.id,s1_0.city,s1_0.downtown,s1_0.latitude,s1_0.longitude,s1_0.name,s1_0.surcharge from stations s1_0 where s1_0.id=?
2026-04-14T21:55:31.664+01:00 DEBUG 10256 --- [gestionUser] [nio-8081-exec-1] org.hibernate.SQL                        : select s1_0.id,s1_0.city,s1_0.downtown,s1_0.latitude,s1_0.longitude,s1_0.name,s1_0.surcharge from stations s1_0 where s1_0.id=?
Hibernate: select s1_0.id,s1_0.city,s1_0.downtown,s1_0.latitude,s1_0.longitude,s1_0.name,s1_0.surcharge from stations s1_0 where s1_0.id=?
2026-04-14T21:55:31.669+01:00 DEBUG 10256 --- [gestionUser] [nio-8081-exec-1] org.hibernate.SQL                        : select s1_0.id,s1_0.city,s1_0.downtown,s1_0.latitude,s1_0.longitude,s1_0.name,s1_0.surcharge from stations s1_0 where s1_0.id=?
Hibernate: select s1_0.id,s1_0.city,s1_0.downtown,s1_0.latitude,s1_0.longitude,s1_0.name,s1_0.surcharge from stations s1_0 where s1_0.id=?
2026-04-14T21:55:31.671+01:00 DEBUG 10256 --- [gestionUser] [nio-8081-exec-1] org.hibernate.SQL                        : select s1_0.id,s1_0.city,s1_0.downtown,s1_0.latitude,s1_0.longitude,s1_0.name,s1_0.surcharge from stations s1_0 where s1_0.id=?
Hibernate: select s1_0.id,s1_0.city,s1_0.downtown,s1_0.latitude,s1_0.longitude,s1_0.name,s1_0.surcharge from stations s1_0 where s1_0.id=?
2026-04-14T21:55:31.674+01:00 DEBUG 10256 --- [gestionUser] [nio-8081-exec-1] org.hibernate.SQL                        : select s1_0.id,s1_0.city,s1_0.downtown,s1_0.latitude,s1_0.longitude,s1_0.name,s1_0.surcharge from stations s1_0 where s1_0.id=?
Hibernate: select s1_0.id,s1_0.city,s1_0.downtown,s1_0.latitude,s1_0.longitude,s1_0.name,s1_0.surcharge from stations s1_0 where s1_0.id=?
2026-04-14T21:55:31.677+01:00 DEBUG 10256 --- [gestionUser] [nio-8081-exec-1] org.hibernate.SQL                        : select s1_0.id,s1_0.city,s1_0.downtown,s1_0.latitude,s1_0.longitude,s1_0.name,s1_0.surcharge from stations s1_0 where s1_0.id=?
Hibernate: select s1_0.id,s1_0.city,s1_0.downtown,s1_0.latitude,s1_0.longitude,s1_0.name,s1_0.surcharge from stations s1_0 where s1_0.id=?
2026-04-14T21:55:31.680+01:00 DEBUG 10256 --- [gestionUser] [nio-8081-exec-1] org.hibernate.SQL                        : select s1_0.id,s1_0.city,s1_0.downtown,s1_0.latitude,s1_0.longitude,s1_0.name,s1_0.surcharge from stations s1_0 where s1_0.id=?
Hibernate: select s1_0.id,s1_0.city,s1_0.downtown,s1_0.latitude,s1_0.longitude,s1_0.name,s1_0.surcharge from stations s1_0 where s1_0.id=?
2026-04-14T21:55:31.683+01:00 DEBUG 10256 --- [gestionUser] [nio-8081-exec-1] org.hibernate.SQL                        : select s1_0.id,s1_0.city,s1_0.downtown,s1_0.latitude,s1_0.longitude,s1_0.name,s1_0.surcharge from stations s1_0 where s1_0.id=?
Hibernate: select s1_0.id,s1_0.city,s1_0.downtown,s1_0.latitude,s1_0.longitude,s1_0.name,s1_0.surcharge from stations s1_0 where s1_0.id=?
2026-04-14T21:55:31.685+01:00 DEBUG 10256 --- [gestionUser] [nio-8081-exec-1] org.hibernate.SQL                        : select s1_0.id,s1_0.city,s1_0.downtown,s1_0.latitude,s1_0.longitude,s1_0.name,s1_0.surcharge from stations s1_0 where s1_0.id=?
Hibernate: select s1_0.id,s1_0.city,s1_0.downtown,s1_0.latitude,s1_0.longitude,s1_0.name,s1_0.surcharge from stations s1_0 where s1_0.id=?
2026-04-14T21:55:31.689+01:00 DEBUG 10256 --- [gestionUser] [nio-8081-exec-1] org.hibernate.SQL                        : select s1_0.id,s1_0.city,s1_0.downtown,s1_0.latitude,s1_0.longitude,s1_0.name,s1_0.surcharge from stations s1_0 where s1_0.id=?
Hibernate: select s1_0.id,s1_0.city,s1_0.downtown,s1_0.latitude,s1_0.longitude,s1_0.name,s1_0.surcharge from stations s1_0 where s1_0.id=?
2026-04-14T21:55:31.689+01:00 DEBUG 10256 --- [gestionUser] [nio-8081-exec-1] org.hibernate.SQL                        : select s1_0.id,s1_0.city,s1_0.downtown,s1_0.latitude,s1_0.longitude,s1_0.name,s1_0.surcharge from stations s1_0 where s1_0.id=?
Hibernate: select s1_0.id,s1_0.city,s1_0.downtown,s1_0.latitude,s1_0.longitude,s1_0.name,s1_0.surcharge from stations s1_0 where s1_0.id=?
2026-04-14T21:55:31.695+01:00 DEBUG 10256 --- [gestionUser] [nio-8081-exec-1] m.m.a.RequestResponseBodyMethodProcessor : Using 'application/json', given [application/json, text/plain, */*] and supported [application/json, application/*+json, application/yaml]
2026-04-14T21:55:31.695+01:00 DEBUG 10256 --- [gestionUser] [nio-8081-exec-1] m.m.a.RequestResponseBodyMethodProcessor : Writing [[TrajetDTO(id=2, departureStationId=5, departureStationName=Barcelone, arrivalStationId=6, arrivalSt (truncated)...]
2026-04-14T21:55:31.695+01:00 DEBUG 10256 --- [gestionUser] [nio-8081-exec-1] o.s.web.servlet.DispatcherServlet        : Completed 200 OK
2026-04-14T21:56:10.013+01:00 DEBUG 10256 --- [gestionUser] [nio-8081-exec-2] o.s.security.web.FilterChainProxy        : Securing OPTIONS /api/trajets
2026-04-14T21:56:10.021+01:00 DEBUG 10256 --- [gestionUser] [nio-8081-exec-8] o.s.security.web.FilterChainProxy        : Securing POST /api/trajets
2026-04-14T21:56:10.024+01:00  INFO 10256 --- [gestionUser] [nio-8081-exec-8] t.e.s.baladna.user.security.JwtFilter    : Request to: /api/trajets - Auth header: present
2026-04-14T21:56:10.025+01:00  INFO 10256 --- [gestionUser] [nio-8081-exec-8] t.e.s.baladna.user.security.JwtFilter    : Token extracted (length: 167)
2026-04-14T21:56:10.027+01:00  INFO 10256 --- [gestionUser] [nio-8081-exec-8] t.e.s.baladna.user.security.JwtFilter    : Email extracted from token: ahmedm12@gmail.com
2026-04-14T21:56:10.031+01:00 DEBUG 10256 --- [gestionUser] [nio-8081-exec-8] org.hibernate.SQL                        : select u1_0.id,u1_0.email,u1_0.first_name,u1_0.last_login,u1_0.last_name,u1_0.password,u1_0.preferred_language,u1_0.profile_photo,u1_0.role,u1_0.status from user u1_0 where u1_0.email=?
Hibernate: select u1_0.id,u1_0.email,u1_0.first_name,u1_0.last_login,u1_0.last_name,u1_0.password,u1_0.preferred_language,u1_0.profile_photo,u1_0.role,u1_0.status from user u1_0 where u1_0.email=?
2026-04-14T21:56:10.035+01:00  INFO 10256 --- [gestionUser] [nio-8081-exec-8] t.e.s.baladna.user.security.JwtFilter    : User found: ahmedm12@gmail.com with role: HOST
2026-04-14T21:56:10.035+01:00  INFO 10256 --- [gestionUser] [nio-8081-exec-8] t.e.s.baladna.user.security.JwtFilter    : Setting authentication with role: ROLE_HOST
2026-04-14T21:56:10.035+01:00  INFO 10256 --- [gestionUser] [nio-8081-exec-8] t.e.s.baladna.user.security.JwtFilter    : Authentication set successfully
2026-04-14T21:56:10.035+01:00 DEBUG 10256 --- [gestionUser] [nio-8081-exec-8] o.s.security.web.FilterChainProxy        : Secured POST /api/trajets
2026-04-14T21:56:10.041+01:00 DEBUG 10256 --- [gestionUser] [nio-8081-exec-8] o.s.web.servlet.DispatcherServlet        : POST "/api/trajets", parameters={}
2026-04-14T21:56:10.044+01:00 DEBUG 10256 --- [gestionUser] [nio-8081-exec-8] s.w.s.m.m.a.RequestMappingHandlerMapping : Mapped to tn.esprit.spring.baladna.transport.controller.TrajetController#createTrajet(TrajetDTO)
2026-04-14T21:56:10.045+01:00 DEBUG 10256 --- [gestionUser] [nio-8081-exec-8] m.m.a.RequestResponseBodyMethodProcessor : Read "application/json;charset=UTF-8" to [TrajetDTO(id=null, departureStationId=16, departureStationName=null, arrivalStationId=50, arrivalSta (truncated)...]
2026-04-14T21:56:10.048+01:00 DEBUG 10256 --- [gestionUser] [nio-8081-exec-8] org.hibernate.SQL                        : select s1_0.id,s1_0.city,s1_0.downtown,s1_0.latitude,s1_0.longitude,s1_0.name,s1_0.surcharge from stations s1_0 where s1_0.id=?
Hibernate: select s1_0.id,s1_0.city,s1_0.downtown,s1_0.latitude,s1_0.longitude,s1_0.name,s1_0.surcharge from stations s1_0 where s1_0.id=?
2026-04-14T21:56:10.058+01:00 DEBUG 10256 --- [gestionUser] [nio-8081-exec-8] org.hibernate.SQL                        : select s1_0.id,s1_0.city,s1_0.downtown,s1_0.latitude,s1_0.longitude,s1_0.name,s1_0.surcharge from stations s1_0 where s1_0.id=?
Hibernate: select s1_0.id,s1_0.city,s1_0.downtown,s1_0.latitude,s1_0.longitude,s1_0.name,s1_0.surcharge from stations s1_0 where s1_0.id=?
2026-04-14T21:56:10.062+01:00 DEBUG 10256 --- [gestionUser] [nio-8081-exec-8] o.s.web.client.RestTemplate              : HTTP GET https://router.project-osrm.org/route/v1/driving/0.0,0.0;10.144055,36.399953?overview=full&geometries=geojson
2026-04-14T21:56:10.062+01:00 DEBUG 10256 --- [gestionUser] [nio-8081-exec-8] o.s.web.client.RestTemplate              : Accept=[application/json, application/yaml, application/*+json]
2026-04-14T21:56:10.431+01:00 DEBUG 10256 --- [gestionUser] [nio-8081-exec-8] o.s.web.client.RestTemplate              : Response 400 BAD_REQUEST
2026-04-14T21:56:10.441+01:00 DEBUG 10256 --- [gestionUser] [nio-8081-exec-8] org.hibernate.SQL                        : insert into trajets (arrival_station_id,departure_station_id,distance_km,estimated_duration_minutes,price_per_km,route_geo_json) values (?,?,?,?,?,?)
Hibernate: insert into trajets (arrival_station_id,departure_station_id,distance_km,estimated_duration_minutes,price_per_km,route_geo_json) values (?,?,?,?,?,?)
2026-04-14T21:56:10.449+01:00 DEBUG 10256 --- [gestionUser] [nio-8081-exec-8] o.s.w.s.m.m.a.HttpEntityMethodProcessor  : Using 'application/json', given [application/json, text/plain, */*] and supported [application/json, application/*+json, application/yaml]
2026-04-14T21:56:10.449+01:00 DEBUG 10256 --- [gestionUser] [nio-8081-exec-8] o.s.w.s.m.m.a.HttpEntityMethodProcessor  : Writing [TrajetDTO(id=41, departureStationId=16, departureStationName=Esprit, arrivalStationId=50, arrivalSta (truncated)...]
2026-04-14T21:56:10.449+01:00 DEBUG 10256 --- [gestionUser] [nio-8081-exec-8] o.s.web.servlet.DispatcherServlet        : Completed 200 OK
2026-04-14T21:56:10.472+01:00 DEBUG 10256 --- [gestionUser] [nio-8081-exec-7] o.s.security.web.FilterChainProxy        : Securing GET /api/trajets
2026-04-14T21:56:10.474+01:00  INFO 10256 --- [gestionUser] [nio-8081-exec-7] t.e.s.baladna.user.security.JwtFilter    : Request to: /api/trajets - Auth header: present
2026-04-14T21:56:10.474+01:00  INFO 10256 --- [gestionUser] [nio-8081-exec-7] t.e.s.baladna.user.security.JwtFilter    : Token extracted (length: 167)
2026-04-14T21:56:10.479+01:00  INFO 10256 --- [gestionUser] [nio-8081-exec-7] t.e.s.baladna.user.security.JwtFilter    : Email extracted from token: ahmedm12@gmail.com
2026-04-14T21:56:10.481+01:00 DEBUG 10256 --- [gestionUser] [nio-8081-exec-7] org.hibernate.SQL                        : select u1_0.id,u1_0.email,u1_0.first_name,u1_0.last_login,u1_0.last_name,u1_0.password,u1_0.preferred_language,u1_0.profile_photo,u1_0.role,u1_0.status from user u1_0 where u1_0.email=?
Hibernate: select u1_0.id,u1_0.email,u1_0.first_name,u1_0.last_login,u1_0.last_name,u1_0.password,u1_0.preferred_language,u1_0.profile_photo,u1_0.role,u1_0.status from user u1_0 where u1_0.email=?
2026-04-14T21:56:10.550+01:00  INFO 10256 --- [gestionUser] [nio-8081-exec-7] t.e.s.baladna.user.security.JwtFilter    : User found: ahmedm12@gmail.com with role: HOST
2026-04-14T21:56:10.555+01:00  INFO 10256 --- [gestionUser] [nio-8081-exec-7] t.e.s.baladna.user.security.JwtFilter    : Setting authentication with role: ROLE_HOST
2026-04-14T21:56:10.555+01:00  INFO 10256 --- [gestionUser] [nio-8081-exec-7] t.e.s.baladna.user.security.JwtFilter    : Authentication set successfully
2026-04-14T21:56:10.557+01:00 DEBUG 10256 --- [gestionUser] [nio-8081-exec-7] o.s.security.web.FilterChainProxy        : Secured GET /api/trajets
2026-04-14T21:56:10.557+01:00 DEBUG 10256 --- [gestionUser] [nio-8081-exec-7] o.s.web.servlet.DispatcherServlet        : GET "/api/trajets", parameters={}
2026-04-14T21:56:10.557+01:00 DEBUG 10256 --- [gestionUser] [nio-8081-exec-7] s.w.s.m.m.a.RequestMappingHandlerMapping : Mapped to tn.esprit.spring.baladna.transport.controller.TrajetController#getAllTrajets()
2026-04-14T21:56:10.562+01:00 DEBUG 10256 --- [gestionUser] [nio-8081-exec-7] org.hibernate.SQL                        : select t1_0.id,t1_0.arrival_station_id,t1_0.departure_station_id,t1_0.distance_km,t1_0.estimated_duration_minutes,t1_0.price_per_km,t1_0.route_geo_json from trajets t1_0
Hibernate: select t1_0.id,t1_0.arrival_station_id,t1_0.departure_station_id,t1_0.distance_km,t1_0.estimated_duration_minutes,t1_0.price_per_km,t1_0.route_geo_json from trajets t1_0
2026-04-14T21:56:10.566+01:00 DEBUG 10256 --- [gestionUser] [nio-8081-exec-7] org.hibernate.SQL                        : select s1_0.id,s1_0.city,s1_0.downtown,s1_0.latitude,s1_0.longitude,s1_0.name,s1_0.surcharge from stations s1_0 where s1_0.id=?
Hibernate: select s1_0.id,s1_0.city,s1_0.downtown,s1_0.latitude,s1_0.longitude,s1_0.name,s1_0.surcharge from stations s1_0 where s1_0.id=?
2026-04-14T21:56:10.569+01:00 DEBUG 10256 --- [gestionUser] [nio-8081-exec-7] org.hibernate.SQL                        : select s1_0.id,s1_0.city,s1_0.downtown,s1_0.latitude,s1_0.longitude,s1_0.name,s1_0.surcharge from stations s1_0 where s1_0.id=?
Hibernate: select s1_0.id,s1_0.city,s1_0.downtown,s1_0.latitude,s1_0.longitude,s1_0.name,s1_0.surcharge from stations s1_0 where s1_0.id=?
2026-04-14T21:56:10.585+01:00 DEBUG 10256 --- [gestionUser] [nio-8081-exec-7] org.hibernate.SQL                        : select s1_0.id,s1_0.city,s1_0.downtown,s1_0.latitude,s1_0.longitude,s1_0.name,s1_0.surcharge from stations s1_0 where s1_0.id=?
Hibernate: select s1_0.id,s1_0.city,s1_0.downtown,s1_0.latitude,s1_0.longitude,s1_0.name,s1_0.surcharge from stations s1_0 where s1_0.id=?
2026-04-14T21:56:10.586+01:00 DEBUG 10256 --- [gestionUser] [nio-8081-exec-7] org.hibernate.SQL                        : select s1_0.id,s1_0.city,s1_0.downtown,s1_0.latitude,s1_0.longitude,s1_0.name,s1_0.surcharge from stations s1_0 where s1_0.id=?
Hibernate: select s1_0.id,s1_0.city,s1_0.downtown,s1_0.latitude,s1_0.longitude,s1_0.name,s1_0.surcharge from stations s1_0 where s1_0.id=?
2026-04-14T21:56:10.586+01:00 DEBUG 10256 --- [gestionUser] [nio-8081-exec-7] org.hibernate.SQL                        : select s1_0.id,s1_0.city,s1_0.downtown,s1_0.latitude,s1_0.longitude,s1_0.name,s1_0.surcharge from stations s1_0 where s1_0.id=?
Hibernate: select s1_0.id,s1_0.city,s1_0.downtown,s1_0.latitude,s1_0.longitude,s1_0.name,s1_0.surcharge from stations s1_0 where s1_0.id=?
2026-04-14T21:56:10.593+01:00 DEBUG 10256 --- [gestionUser] [nio-8081-exec-7] org.hibernate.SQL                        : select s1_0.id,s1_0.city,s1_0.downtown,s1_0.latitude,s1_0.longitude,s1_0.name,s1_0.surcharge from stations s1_0 where s1_0.id=?
Hibernate: select s1_0.id,s1_0.city,s1_0.downtown,s1_0.latitude,s1_0.longitude,s1_0.name,s1_0.surcharge from stations s1_0 where s1_0.id=?
2026-04-14T21:56:10.593+01:00 DEBUG 10256 --- [gestionUser] [nio-8081-exec-7] org.hibernate.SQL                        : select s1_0.id,s1_0.city,s1_0.downtown,s1_0.latitude,s1_0.longitude,s1_0.name,s1_0.surcharge from stations s1_0 where s1_0.id=?
Hibernate: select s1_0.id,s1_0.city,s1_0.downtown,s1_0.latitude,s1_0.longitude,s1_0.name,s1_0.surcharge from stations s1_0 where s1_0.id=?
2026-04-14T21:56:10.600+01:00 DEBUG 10256 --- [gestionUser] [nio-8081-exec-7] org.hibernate.SQL                        : select s1_0.id,s1_0.city,s1_0.downtown,s1_0.latitude,s1_0.longitude,s1_0.name,s1_0.surcharge from stations s1_0 where s1_0.id=?
Hibernate: select s1_0.id,s1_0.city,s1_0.downtown,s1_0.latitude,s1_0.longitude,s1_0.name,s1_0.surcharge from stations s1_0 where s1_0.id=?
2026-04-14T21:56:10.600+01:00 DEBUG 10256 --- [gestionUser] [nio-8081-exec-7] org.hibernate.SQL                        : select s1_0.id,s1_0.city,s1_0.downtown,s1_0.latitude,s1_0.longitude,s1_0.name,s1_0.surcharge from stations s1_0 where s1_0.id=?
Hibernate: select s1_0.id,s1_0.city,s1_0.downtown,s1_0.latitude,s1_0.longitude,s1_0.name,s1_0.surcharge from stations s1_0 where s1_0.id=?
2026-04-14T21:56:10.600+01:00 DEBUG 10256 --- [gestionUser] [nio-8081-exec-7] org.hibernate.SQL                        : select s1_0.id,s1_0.city,s1_0.downtown,s1_0.latitude,s1_0.longitude,s1_0.name,s1_0.surcharge from stations s1_0 where s1_0.id=?
Hibernate: select s1_0.id,s1_0.city,s1_0.downtown,s1_0.latitude,s1_0.longitude,s1_0.name,s1_0.surcharge from stations s1_0 where s1_0.id=?
2026-04-14T21:56:10.607+01:00 DEBUG 10256 --- [gestionUser] [nio-8081-exec-7] org.hibernate.SQL                        : select s1_0.id,s1_0.city,s1_0.downtown,s1_0.latitude,s1_0.longitude,s1_0.name,s1_0.surcharge from stations s1_0 where s1_0.id=?
Hibernate: select s1_0.id,s1_0.city,s1_0.downtown,s1_0.latitude,s1_0.longitude,s1_0.name,s1_0.surcharge from stations s1_0 where s1_0.id=?
2026-04-14T21:56:10.611+01:00 DEBUG 10256 --- [gestionUser] [nio-8081-exec-7] org.hibernate.SQL                        : select s1_0.id,s1_0.city,s1_0.downtown,s1_0.latitude,s1_0.longitude,s1_0.name,s1_0.surcharge from stations s1_0 where s1_0.id=?
Hibernate: select s1_0.id,s1_0.city,s1_0.downtown,s1_0.latitude,s1_0.longitude,s1_0.name,s1_0.surcharge from stations s1_0 where s1_0.id=?
2026-04-14T21:56:10.617+01:00 DEBUG 10256 --- [gestionUser] [nio-8081-exec-7] org.hibernate.SQL                        : select s1_0.id,s1_0.city,s1_0.downtown,s1_0.latitude,s1_0.longitude,s1_0.name,s1_0.surcharge from stations s1_0 where s1_0.id=?
Hibernate: select s1_0.id,s1_0.city,s1_0.downtown,s1_0.latitude,s1_0.longitude,s1_0.name,s1_0.surcharge from stations s1_0 where s1_0.id=?
2026-04-14T21:56:10.620+01:00 DEBUG 10256 --- [gestionUser] [nio-8081-exec-7] org.hibernate.SQL                        : select s1_0.id,s1_0.city,s1_0.downtown,s1_0.latitude,s1_0.longitude,s1_0.name,s1_0.surcharge from stations s1_0 where s1_0.id=?
Hibernate: select s1_0.id,s1_0.city,s1_0.downtown,s1_0.latitude,s1_0.longitude,s1_0.name,s1_0.surcharge from stations s1_0 where s1_0.id=?
2026-04-14T21:56:10.622+01:00 DEBUG 10256 --- [gestionUser] [nio-8081-exec-7] org.hibernate.SQL                        : select s1_0.id,s1_0.city,s1_0.downtown,s1_0.latitude,s1_0.longitude,s1_0.name,s1_0.surcharge from stations s1_0 where s1_0.id=?
Hibernate: select s1_0.id,s1_0.city,s1_0.downtown,s1_0.latitude,s1_0.longitude,s1_0.name,s1_0.surcharge from stations s1_0 where s1_0.id=?
2026-04-14T21:56:10.626+01:00 DEBUG 10256 --- [gestionUser] [nio-8081-exec-7] org.hibernate.SQL                        : select s1_0.id,s1_0.city,s1_0.downtown,s1_0.latitude,s1_0.longitude,s1_0.name,s1_0.surcharge from stations s1_0 where s1_0.id=?
Hibernate: select s1_0.id,s1_0.city,s1_0.downtown,s1_0.latitude,s1_0.longitude,s1_0.name,s1_0.surcharge from stations s1_0 where s1_0.id=?
2026-04-14T21:56:10.629+01:00 DEBUG 10256 --- [gestionUser] [nio-8081-exec-7] org.hibernate.SQL                        : select s1_0.id,s1_0.city,s1_0.downtown,s1_0.latitude,s1_0.longitude,s1_0.name,s1_0.surcharge from stations s1_0 where s1_0.id=?
Hibernate: select s1_0.id,s1_0.city,s1_0.downtown,s1_0.latitude,s1_0.longitude,s1_0.name,s1_0.surcharge from stations s1_0 where s1_0.id=?
2026-04-14T21:56:10.631+01:00 DEBUG 10256 --- [gestionUser] [nio-8081-exec-7] org.hibernate.SQL                        : select s1_0.id,s1_0.city,s1_0.downtown,s1_0.latitude,s1_0.longitude,s1_0.name,s1_0.surcharge from stations s1_0 where s1_0.id=?
Hibernate: select s1_0.id,s1_0.city,s1_0.downtown,s1_0.latitude,s1_0.longitude,s1_0.name,s1_0.surcharge from stations s1_0 where s1_0.id=?
2026-04-14T21:56:10.635+01:00 DEBUG 10256 --- [gestionUser] [nio-8081-exec-7] org.hibernate.SQL                        : select s1_0.id,s1_0.city,s1_0.downtown,s1_0.latitude,s1_0.longitude,s1_0.name,s1_0.surcharge from stations s1_0 where s1_0.id=?
Hibernate: select s1_0.id,s1_0.city,s1_0.downtown,s1_0.latitude,s1_0.longitude,s1_0.name,s1_0.surcharge from stations s1_0 where s1_0.id=?
2026-04-14T21:56:10.635+01:00 DEBUG 10256 --- [gestionUser] [nio-8081-exec-7] org.hibernate.SQL                        : select s1_0.id,s1_0.city,s1_0.downtown,s1_0.latitude,s1_0.longitude,s1_0.name,s1_0.surcharge from stations s1_0 where s1_0.id=?
Hibernate: select s1_0.id,s1_0.city,s1_0.downtown,s1_0.latitude,s1_0.longitude,s1_0.name,s1_0.surcharge from stations s1_0 where s1_0.id=?
2026-04-14T21:56:10.641+01:00 DEBUG 10256 --- [gestionUser] [nio-8081-exec-7] org.hibernate.SQL                        : select s1_0.id,s1_0.city,s1_0.downtown,s1_0.latitude,s1_0.longitude,s1_0.name,s1_0.surcharge from stations s1_0 where s1_0.id=?
Hibernate: select s1_0.id,s1_0.city,s1_0.downtown,s1_0.latitude,s1_0.longitude,s1_0.name,s1_0.surcharge from stations s1_0 where s1_0.id=?
2026-04-14T21:56:10.644+01:00 DEBUG 10256 --- [gestionUser] [nio-8081-exec-7] m.m.a.RequestResponseBodyMethodProcessor : Using 'application/json', given [application/json, text/plain, */*] and supported [application/json, application/*+json, application/yaml]
2026-04-14T21:56:10.644+01:00 DEBUG 10256 --- [gestionUser] [nio-8081-exec-7] m.m.a.RequestResponseBodyMethodProcessor : Writing [[TrajetDTO(id=2, departureStationId=5, departureStationName=Barcelone, arrivalStationId=6, arrivalSt (truncated)...]
2026-04-14T21:56:10.644+01:00 DEBUG 10256 --- [gestionUser] [nio-8081-exec-7] o.s.web.servlet.DispatcherServlet        : Completed 200 OK
2026-04-14T21:56:37.146+01:00 DEBUG 10256 --- [gestionUser] [io-8081-exec-10] o.s.security.web.FilterChainProxy        : Securing OPTIONS /api/stations
2026-04-14T21:56:37.151+01:00 DEBUG 10256 --- [gestionUser] [nio-8081-exec-6] o.s.security.web.FilterChainProxy        : Securing OPTIONS /api/trajets
2026-04-14T21:56:37.151+01:00 DEBUG 10256 --- [gestionUser] [nio-8081-exec-1] o.s.security.web.FilterChainProxy        : Securing OPTIONS /api/transports
2026-04-14T21:56:37.158+01:00 DEBUG 10256 --- [gestionUser] [nio-8081-exec-9] o.s.security.web.FilterChainProxy        : Securing GET /api/stations
2026-04-14T21:56:37.161+01:00 DEBUG 10256 --- [gestionUser] [nio-8081-exec-5] o.s.security.web.FilterChainProxy        : Securing GET /api/trajets
2026-04-14T21:56:37.161+01:00  INFO 10256 --- [gestionUser] [nio-8081-exec-9] t.e.s.baladna.user.security.JwtFilter    : Request to: /api/stations - Auth header: present
2026-04-14T21:56:37.161+01:00 DEBUG 10256 --- [gestionUser] [nio-8081-exec-3] o.s.security.web.FilterChainProxy        : Securing GET /api/transports
2026-04-14T21:56:37.163+01:00  INFO 10256 --- [gestionUser] [nio-8081-exec-9] t.e.s.baladna.user.security.JwtFilter    : Token extracted (length: 167)
2026-04-14T21:56:37.163+01:00  INFO 10256 --- [gestionUser] [nio-8081-exec-3] t.e.s.baladna.user.security.JwtFilter    : Request to: /api/transports - Auth header: present
2026-04-14T21:56:37.165+01:00  INFO 10256 --- [gestionUser] [nio-8081-exec-3] t.e.s.baladna.user.security.JwtFilter    : Token extracted (length: 167)
2026-04-14T21:56:37.163+01:00  INFO 10256 --- [gestionUser] [nio-8081-exec-5] t.e.s.baladna.user.security.JwtFilter    : Request to: /api/trajets - Auth header: present
2026-04-14T21:56:37.165+01:00  INFO 10256 --- [gestionUser] [nio-8081-exec-5] t.e.s.baladna.user.security.JwtFilter    : Token extracted (length: 167)
2026-04-14T21:56:37.168+01:00  INFO 10256 --- [gestionUser] [nio-8081-exec-9] t.e.s.baladna.user.security.JwtFilter    : Email extracted from token: ahmedm12@gmail.com
2026-04-14T21:56:37.169+01:00  INFO 10256 --- [gestionUser] [nio-8081-exec-3] t.e.s.baladna.user.security.JwtFilter    : Email extracted from token: ahmedm12@gmail.com
2026-04-14T21:56:37.169+01:00  INFO 10256 --- [gestionUser] [nio-8081-exec-5] t.e.s.baladna.user.security.JwtFilter    : Email extracted from token: ahmedm12@gmail.com
2026-04-14T21:56:37.171+01:00 DEBUG 10256 --- [gestionUser] [nio-8081-exec-3] org.hibernate.SQL                        : select u1_0.id,u1_0.email,u1_0.first_name,u1_0.last_login,u1_0.last_name,u1_0.password,u1_0.preferred_language,u1_0.profile_photo,u1_0.role,u1_0.status from user u1_0 where u1_0.email=?
Hibernate: select u1_0.id,u1_0.email,u1_0.first_name,u1_0.last_login,u1_0.last_name,u1_0.password,u1_0.preferred_language,u1_0.profile_photo,u1_0.role,u1_0.status from user u1_0 where u1_0.email=?
2026-04-14T21:56:37.171+01:00 DEBUG 10256 --- [gestionUser] [nio-8081-exec-9] org.hibernate.SQL                        : select u1_0.id,u1_0.email,u1_0.first_name,u1_0.last_login,u1_0.last_name,u1_0.password,u1_0.preferred_language,u1_0.profile_photo,u1_0.role,u1_0.status from user u1_0 where u1_0.email=?
Hibernate: select u1_0.id,u1_0.email,u1_0.first_name,u1_0.last_login,u1_0.last_name,u1_0.password,u1_0.preferred_language,u1_0.profile_photo,u1_0.role,u1_0.status from user u1_0 where u1_0.email=?
2026-04-14T21:56:37.172+01:00 DEBUG 10256 --- [gestionUser] [nio-8081-exec-5] org.hibernate.SQL                        : select u1_0.id,u1_0.email,u1_0.first_name,u1_0.last_login,u1_0.last_name,u1_0.password,u1_0.preferred_language,u1_0.profile_photo,u1_0.role,u1_0.status from user u1_0 where u1_0.email=?
Hibernate: select u1_0.id,u1_0.email,u1_0.first_name,u1_0.last_login,u1_0.last_name,u1_0.password,u1_0.preferred_language,u1_0.profile_photo,u1_0.role,u1_0.status from user u1_0 where u1_0.email=?
2026-04-14T21:56:37.175+01:00  INFO 10256 --- [gestionUser] [nio-8081-exec-3] t.e.s.baladna.user.security.JwtFilter    : User found: ahmedm12@gmail.com with role: HOST
2026-04-14T21:56:37.175+01:00  INFO 10256 --- [gestionUser] [nio-8081-exec-9] t.e.s.baladna.user.security.JwtFilter    : User found: ahmedm12@gmail.com with role: HOST
2026-04-14T21:56:37.177+01:00  INFO 10256 --- [gestionUser] [nio-8081-exec-3] t.e.s.baladna.user.security.JwtFilter    : Setting authentication with role: ROLE_HOST
2026-04-14T21:56:37.177+01:00  INFO 10256 --- [gestionUser] [nio-8081-exec-9] t.e.s.baladna.user.security.JwtFilter    : Setting authentication with role: ROLE_HOST
2026-04-14T21:56:37.177+01:00  INFO 10256 --- [gestionUser] [nio-8081-exec-5] t.e.s.baladna.user.security.JwtFilter    : User found: ahmedm12@gmail.com with role: HOST
2026-04-14T21:56:37.177+01:00  INFO 10256 --- [gestionUser] [nio-8081-exec-3] t.e.s.baladna.user.security.JwtFilter    : Authentication set successfully
2026-04-14T21:56:37.177+01:00  INFO 10256 --- [gestionUser] [nio-8081-exec-9] t.e.s.baladna.user.security.JwtFilter    : Authentication set successfully
2026-04-14T21:56:37.179+01:00  INFO 10256 --- [gestionUser] [nio-8081-exec-5] t.e.s.baladna.user.security.JwtFilter    : Setting authentication with role: ROLE_HOST
2026-04-14T21:56:37.180+01:00 DEBUG 10256 --- [gestionUser] [nio-8081-exec-3] o.s.security.web.FilterChainProxy        : Secured GET /api/transports
2026-04-14T21:56:37.181+01:00 DEBUG 10256 --- [gestionUser] [nio-8081-exec-9] o.s.security.web.FilterChainProxy        : Secured GET /api/stations
2026-04-14T21:56:37.181+01:00  INFO 10256 --- [gestionUser] [nio-8081-exec-5] t.e.s.baladna.user.security.JwtFilter    : Authentication set successfully
2026-04-14T21:56:37.183+01:00 DEBUG 10256 --- [gestionUser] [nio-8081-exec-3] o.s.web.servlet.DispatcherServlet        : GET "/api/transports", parameters={}
2026-04-14T21:56:37.183+01:00 DEBUG 10256 --- [gestionUser] [nio-8081-exec-9] o.s.web.servlet.DispatcherServlet        : GET "/api/stations", parameters={}
2026-04-14T21:56:37.184+01:00 DEBUG 10256 --- [gestionUser] [nio-8081-exec-5] o.s.security.web.FilterChainProxy        : Secured GET /api/trajets
2026-04-14T21:56:37.186+01:00 DEBUG 10256 --- [gestionUser] [nio-8081-exec-3] s.w.s.m.m.a.RequestMappingHandlerMapping : Mapped to tn.esprit.spring.baladna.transport.controller.TransportController#getAllTransports()
2026-04-14T21:56:37.186+01:00 DEBUG 10256 --- [gestionUser] [nio-8081-exec-9] s.w.s.m.m.a.RequestMappingHandlerMapping : Mapped to tn.esprit.spring.baladna.transport.controller.StationController#getAllStations()
2026-04-14T21:56:37.186+01:00 DEBUG 10256 --- [gestionUser] [nio-8081-exec-5] o.s.web.servlet.DispatcherServlet        : GET "/api/trajets", parameters={}
2026-04-14T21:56:37.186+01:00 DEBUG 10256 --- [gestionUser] [nio-8081-exec-5] s.w.s.m.m.a.RequestMappingHandlerMapping : Mapped to tn.esprit.spring.baladna.transport.controller.TrajetController#getAllTrajets()
2026-04-14T21:56:37.191+01:00 DEBUG 10256 --- [gestionUser] [nio-8081-exec-9] org.hibernate.SQL                        : select s1_0.id,s1_0.city,s1_0.downtown,s1_0.latitude,s1_0.longitude,s1_0.name,s1_0.surcharge from stations s1_0
Hibernate: select s1_0.id,s1_0.city,s1_0.downtown,s1_0.latitude,s1_0.longitude,s1_0.name,s1_0.surcharge from stations s1_0
2026-04-14T21:56:37.191+01:00 DEBUG 10256 --- [gestionUser] [nio-8081-exec-3] org.hibernate.SQL                        : select t1_0.id,t1_0.available_seats,t1_0.base_price,t1_0.departure_date,t1_0.departure_point,t1_0.status,t1_0.total_capacity,t1_0.traffic_jam,t1_0.trajet_id,t1_0.weather,t1_0.weather_source from transports t1_0
Hibernate: select t1_0.id,t1_0.available_seats,t1_0.base_price,t1_0.departure_date,t1_0.departure_point,t1_0.status,t1_0.total_capacity,t1_0.traffic_jam,t1_0.trajet_id,t1_0.weather,t1_0.weather_source from transports t1_0
2026-04-14T21:56:37.191+01:00 DEBUG 10256 --- [gestionUser] [nio-8081-exec-5] org.hibernate.SQL                        : select t1_0.id,t1_0.arrival_station_id,t1_0.departure_station_id,t1_0.distance_km,t1_0.estimated_duration_minutes,t1_0.price_per_km,t1_0.route_geo_json from trajets t1_0
Hibernate: select t1_0.id,t1_0.arrival_station_id,t1_0.departure_station_id,t1_0.distance_km,t1_0.estimated_duration_minutes,t1_0.price_per_km,t1_0.route_geo_json from trajets t1_0
2026-04-14T21:56:37.197+01:00 DEBUG 10256 --- [gestionUser] [nio-8081-exec-3] org.hibernate.SQL                        : select t1_0.id,t1_0.arrival_station_id,as1_0.id,as1_0.city,as1_0.downtown,as1_0.latitude,as1_0.longitude,as1_0.name,as1_0.surcharge,t1_0.departure_station_id,ds1_0.id,ds1_0.city,ds1_0.downtown,ds1_0.latitude,ds1_0.longitude,ds1_0.name,ds1_0.surcharge,t1_0.distance_km,t1_0.estimated_duration_minutes,t1_0.price_per_km,t1_0.route_geo_json from trajets t1_0 join stations as1_0 on as1_0.id=t1_0.arrival_station_id join stations ds1_0 on ds1_0.id=t1_0.departure_station_id where t1_0.id=?
Hibernate: select t1_0.id,t1_0.arrival_station_id,as1_0.id,as1_0.city,as1_0.downtown,as1_0.latitude,as1_0.longitude,as1_0.name,as1_0.surcharge,t1_0.departure_station_id,ds1_0.id,ds1_0.city,ds1_0.downtown,ds1_0.latitude,ds1_0.longitude,ds1_0.name,ds1_0.surcharge,t1_0.distance_km,t1_0.estimated_duration_minutes,t1_0.price_per_km,t1_0.route_geo_json from trajets t1_0 join stations as1_0 on as1_0.id=t1_0.arrival_station_id join stations ds1_0 on ds1_0.id=t1_0.departure_station_id where t1_0.id=?
2026-04-14T21:56:37.197+01:00 DEBUG 10256 --- [gestionUser] [nio-8081-exec-5] org.hibernate.SQL                        : select s1_0.id,s1_0.city,s1_0.downtown,s1_0.latitude,s1_0.longitude,s1_0.name,s1_0.surcharge from stations s1_0 where s1_0.id=?
Hibernate: select s1_0.id,s1_0.city,s1_0.downtown,s1_0.latitude,s1_0.longitude,s1_0.name,s1_0.surcharge from stations s1_0 where s1_0.id=?
2026-04-14T21:56:37.199+01:00 DEBUG 10256 --- [gestionUser] [nio-8081-exec-5] org.hibernate.SQL                        : select s1_0.id,s1_0.city,s1_0.downtown,s1_0.latitude,s1_0.longitude,s1_0.name,s1_0.surcharge from stations s1_0 where s1_0.id=?
Hibernate: select s1_0.id,s1_0.city,s1_0.downtown,s1_0.latitude,s1_0.longitude,s1_0.name,s1_0.surcharge from stations s1_0 where s1_0.id=?
2026-04-14T21:56:37.199+01:00 DEBUG 10256 --- [gestionUser] [nio-8081-exec-3] org.hibernate.SQL                        : select t1_0.id,t1_0.arrival_station_id,as1_0.id,as1_0.city,as1_0.downtown,as1_0.latitude,as1_0.longitude,as1_0.name,as1_0.surcharge,t1_0.departure_station_id,ds1_0.id,ds1_0.city,ds1_0.downtown,ds1_0.latitude,ds1_0.longitude,ds1_0.name,ds1_0.surcharge,t1_0.distance_km,t1_0.estimated_duration_minutes,t1_0.price_per_km,t1_0.route_geo_json from trajets t1_0 join stations as1_0 on as1_0.id=t1_0.arrival_station_id join stations ds1_0 on ds1_0.id=t1_0.departure_station_id where t1_0.id=?
Hibernate: select t1_0.id,t1_0.arrival_station_id,as1_0.id,as1_0.city,as1_0.downtown,as1_0.latitude,as1_0.longitude,as1_0.name,as1_0.surcharge,t1_0.departure_station_id,ds1_0.id,ds1_0.city,ds1_0.downtown,ds1_0.latitude,ds1_0.longitude,ds1_0.name,ds1_0.surcharge,t1_0.distance_km,t1_0.estimated_duration_minutes,t1_0.price_per_km,t1_0.route_geo_json from trajets t1_0 join stations as1_0 on as1_0.id=t1_0.arrival_station_id join stations ds1_0 on ds1_0.id=t1_0.departure_station_id where t1_0.id=?
2026-04-14T21:56:37.199+01:00 DEBUG 10256 --- [gestionUser] [nio-8081-exec-9] m.m.a.RequestResponseBodyMethodProcessor : Using 'application/json', given [application/json, text/plain, */*] and supported [application/json, application/*+json, application/yaml]
2026-04-14T21:56:37.199+01:00 DEBUG 10256 --- [gestionUser] [nio-8081-exec-5] org.hibernate.SQL                        : select s1_0.id,s1_0.city,s1_0.downtown,s1_0.latitude,s1_0.longitude,s1_0.name,s1_0.surcharge from stations s1_0 where s1_0.id=?
Hibernate: select s1_0.id,s1_0.city,s1_0.downtown,s1_0.latitude,s1_0.longitude,s1_0.name,s1_0.surcharge from stations s1_0 where s1_0.id=?
2026-04-14T21:56:37.199+01:00 DEBUG 10256 --- [gestionUser] [nio-8081-exec-9] m.m.a.RequestResponseBodyMethodProcessor : Writing [[StationDTO(id=5, name=Barcelone, city=kbeli, surcharge=3.0, downtown=true, latitude=0.0, longitude= (truncated)...]
2026-04-14T21:56:37.205+01:00 DEBUG 10256 --- [gestionUser] [nio-8081-exec-3] org.hibernate.SQL                        : select t1_0.id,t1_0.arrival_station_id,as1_0.id,as1_0.city,as1_0.downtown,as1_0.latitude,as1_0.longitude,as1_0.name,as1_0.surcharge,t1_0.departure_station_id,ds1_0.id,ds1_0.city,ds1_0.downtown,ds1_0.latitude,ds1_0.longitude,ds1_0.name,ds1_0.surcharge,t1_0.distance_km,t1_0.estimated_duration_minutes,t1_0.price_per_km,t1_0.route_geo_json from trajets t1_0 join stations as1_0 on as1_0.id=t1_0.arrival_station_id join stations ds1_0 on ds1_0.id=t1_0.departure_station_id where t1_0.id=?
Hibernate: select t1_0.id,t1_0.arrival_station_id,as1_0.id,as1_0.city,as1_0.downtown,as1_0.latitude,as1_0.longitude,as1_0.name,as1_0.surcharge,t1_0.departure_station_id,ds1_0.id,ds1_0.city,ds1_0.downtown,ds1_0.latitude,ds1_0.longitude,ds1_0.name,ds1_0.surcharge,t1_0.distance_km,t1_0.estimated_duration_minutes,t1_0.price_per_km,t1_0.route_geo_json from trajets t1_0 join stations as1_0 on as1_0.id=t1_0.arrival_station_id join stations ds1_0 on ds1_0.id=t1_0.departure_station_id where t1_0.id=?
2026-04-14T21:56:37.206+01:00 DEBUG 10256 --- [gestionUser] [nio-8081-exec-5] org.hibernate.SQL                        : select s1_0.id,s1_0.city,s1_0.downtown,s1_0.latitude,s1_0.longitude,s1_0.name,s1_0.surcharge from stations s1_0 where s1_0.id=?
Hibernate: select s1_0.id,s1_0.city,s1_0.downtown,s1_0.latitude,s1_0.longitude,s1_0.name,s1_0.surcharge from stations s1_0 where s1_0.id=?
2026-04-14T21:56:37.207+01:00 DEBUG 10256 --- [gestionUser] [nio-8081-exec-9] o.s.web.servlet.DispatcherServlet        : Completed 200 OK
2026-04-14T21:56:37.207+01:00 DEBUG 10256 --- [gestionUser] [nio-8081-exec-3] org.hibernate.SQL                        : select t1_0.id,t1_0.arrival_station_id,as1_0.id,as1_0.city,as1_0.downtown,as1_0.latitude,as1_0.longitude,as1_0.name,as1_0.surcharge,t1_0.departure_station_id,ds1_0.id,ds1_0.city,ds1_0.downtown,ds1_0.latitude,ds1_0.longitude,ds1_0.name,ds1_0.surcharge,t1_0.distance_km,t1_0.estimated_duration_minutes,t1_0.price_per_km,t1_0.route_geo_json from trajets t1_0 join stations as1_0 on as1_0.id=t1_0.arrival_station_id join stations ds1_0 on ds1_0.id=t1_0.departure_station_id where t1_0.id=?
Hibernate: select t1_0.id,t1_0.arrival_station_id,as1_0.id,as1_0.city,as1_0.downtown,as1_0.latitude,as1_0.longitude,as1_0.name,as1_0.surcharge,t1_0.departure_station_id,ds1_0.id,ds1_0.city,ds1_0.downtown,ds1_0.latitude,ds1_0.longitude,ds1_0.name,ds1_0.surcharge,t1_0.distance_km,t1_0.estimated_duration_minutes,t1_0.price_per_km,t1_0.route_geo_json from trajets t1_0 join stations as1_0 on as1_0.id=t1_0.arrival_station_id join stations ds1_0 on ds1_0.id=t1_0.departure_station_id where t1_0.id=?
2026-04-14T21:56:37.207+01:00 DEBUG 10256 --- [gestionUser] [nio-8081-exec-5] org.hibernate.SQL                        : select s1_0.id,s1_0.city,s1_0.downtown,s1_0.latitude,s1_0.longitude,s1_0.name,s1_0.surcharge from stations s1_0 where s1_0.id=?
Hibernate: select s1_0.id,s1_0.city,s1_0.downtown,s1_0.latitude,s1_0.longitude,s1_0.name,s1_0.surcharge from stations s1_0 where s1_0.id=?
2026-04-14T21:56:37.214+01:00 DEBUG 10256 --- [gestionUser] [nio-8081-exec-3] org.hibernate.SQL                        : select t1_0.id,t1_0.arrival_station_id,as1_0.id,as1_0.city,as1_0.downtown,as1_0.latitude,as1_0.longitude,as1_0.name,as1_0.surcharge,t1_0.departure_station_id,ds1_0.id,ds1_0.city,ds1_0.downtown,ds1_0.latitude,ds1_0.longitude,ds1_0.name,ds1_0.surcharge,t1_0.distance_km,t1_0.estimated_duration_minutes,t1_0.price_per_km,t1_0.route_geo_json from trajets t1_0 join stations as1_0 on as1_0.id=t1_0.arrival_station_id join stations ds1_0 on ds1_0.id=t1_0.departure_station_id where t1_0.id=?
Hibernate: select t1_0.id,t1_0.arrival_station_id,as1_0.id,as1_0.city,as1_0.downtown,as1_0.latitude,as1_0.longitude,as1_0.name,as1_0.surcharge,t1_0.departure_station_id,ds1_0.id,ds1_0.city,ds1_0.downtown,ds1_0.latitude,ds1_0.longitude,ds1_0.name,ds1_0.surcharge,t1_0.distance_km,t1_0.estimated_duration_minutes,t1_0.price_per_km,t1_0.route_geo_json from trajets t1_0 join stations as1_0 on as1_0.id=t1_0.arrival_station_id join stations ds1_0 on ds1_0.id=t1_0.departure_station_id where t1_0.id=?
2026-04-14T21:56:37.215+01:00 DEBUG 10256 --- [gestionUser] [nio-8081-exec-5] org.hibernate.SQL                        : select s1_0.id,s1_0.city,s1_0.downtown,s1_0.latitude,s1_0.longitude,s1_0.name,s1_0.surcharge from stations s1_0 where s1_0.id=?
Hibernate: select s1_0.id,s1_0.city,s1_0.downtown,s1_0.latitude,s1_0.longitude,s1_0.name,s1_0.surcharge from stations s1_0 where s1_0.id=?
2026-04-14T21:56:37.218+01:00 DEBUG 10256 --- [gestionUser] [nio-8081-exec-3] org.hibernate.SQL                        : select t1_0.id,t1_0.arrival_station_id,as1_0.id,as1_0.city,as1_0.downtown,as1_0.latitude,as1_0.longitude,as1_0.name,as1_0.surcharge,t1_0.departure_station_id,ds1_0.id,ds1_0.city,ds1_0.downtown,ds1_0.latitude,ds1_0.longitude,ds1_0.name,ds1_0.surcharge,t1_0.distance_km,t1_0.estimated_duration_minutes,t1_0.price_per_km,t1_0.route_geo_json from trajets t1_0 join stations as1_0 on as1_0.id=t1_0.arrival_station_id join stations ds1_0 on ds1_0.id=t1_0.departure_station_id where t1_0.id=?
Hibernate: select t1_0.id,t1_0.arrival_station_id,as1_0.id,as1_0.city,as1_0.downtown,as1_0.latitude,as1_0.longitude,as1_0.name,as1_0.surcharge,t1_0.departure_station_id,ds1_0.id,ds1_0.city,ds1_0.downtown,ds1_0.latitude,ds1_0.longitude,ds1_0.name,ds1_0.surcharge,t1_0.distance_km,t1_0.estimated_duration_minutes,t1_0.price_per_km,t1_0.route_geo_json from trajets t1_0 join stations as1_0 on as1_0.id=t1_0.arrival_station_id join stations ds1_0 on ds1_0.id=t1_0.departure_station_id where t1_0.id=?
2026-04-14T21:56:37.218+01:00 DEBUG 10256 --- [gestionUser] [nio-8081-exec-5] org.hibernate.SQL                        : select s1_0.id,s1_0.city,s1_0.downtown,s1_0.latitude,s1_0.longitude,s1_0.name,s1_0.surcharge from stations s1_0 where s1_0.id=?
Hibernate: select s1_0.id,s1_0.city,s1_0.downtown,s1_0.latitude,s1_0.longitude,s1_0.name,s1_0.surcharge from stations s1_0 where s1_0.id=?
2026-04-14T21:56:37.250+01:00 DEBUG 10256 --- [gestionUser] [nio-8081-exec-5] org.hibernate.SQL                        : select s1_0.id,s1_0.city,s1_0.downtown,s1_0.latitude,s1_0.longitude,s1_0.name,s1_0.surcharge from stations s1_0 where s1_0.id=?
Hibernate: select s1_0.id,s1_0.city,s1_0.downtown,s1_0.latitude,s1_0.longitude,s1_0.name,s1_0.surcharge from stations s1_0 where s1_0.id=?
2026-04-14T21:56:37.285+01:00 DEBUG 10256 --- [gestionUser] [nio-8081-exec-5] org.hibernate.SQL                        : select s1_0.id,s1_0.city,s1_0.downtown,s1_0.latitude,s1_0.longitude,s1_0.name,s1_0.surcharge from stations s1_0 where s1_0.id=?
Hibernate: select s1_0.id,s1_0.city,s1_0.downtown,s1_0.latitude,s1_0.longitude,s1_0.name,s1_0.surcharge from stations s1_0 where s1_0.id=?
2026-04-14T21:56:37.285+01:00 DEBUG 10256 --- [gestionUser] [nio-8081-exec-3] org.hibernate.SQL                        : select t1_0.id,t1_0.arrival_station_id,as1_0.id,as1_0.city,as1_0.downtown,as1_0.latitude,as1_0.longitude,as1_0.name,as1_0.surcharge,t1_0.departure_station_id,ds1_0.id,ds1_0.city,ds1_0.downtown,ds1_0.latitude,ds1_0.longitude,ds1_0.name,ds1_0.surcharge,t1_0.distance_km,t1_0.estimated_duration_minutes,t1_0.price_per_km,t1_0.route_geo_json from trajets t1_0 join stations as1_0 on as1_0.id=t1_0.arrival_station_id join stations ds1_0 on ds1_0.id=t1_0.departure_station_id where t1_0.id=?
Hibernate: select t1_0.id,t1_0.arrival_station_id,as1_0.id,as1_0.city,as1_0.downtown,as1_0.latitude,as1_0.longitude,as1_0.name,as1_0.surcharge,t1_0.departure_station_id,ds1_0.id,ds1_0.city,ds1_0.downtown,ds1_0.latitude,ds1_0.longitude,ds1_0.name,ds1_0.surcharge,t1_0.distance_km,t1_0.estimated_duration_minutes,t1_0.price_per_km,t1_0.route_geo_json from trajets t1_0 join stations as1_0 on as1_0.id=t1_0.arrival_station_id join stations ds1_0 on ds1_0.id=t1_0.departure_station_id where t1_0.id=?
2026-04-14T21:56:37.289+01:00 DEBUG 10256 --- [gestionUser] [nio-8081-exec-5] org.hibernate.SQL                        : select s1_0.id,s1_0.city,s1_0.downtown,s1_0.latitude,s1_0.longitude,s1_0.name,s1_0.surcharge from stations s1_0 where s1_0.id=?
Hibernate: select s1_0.id,s1_0.city,s1_0.downtown,s1_0.latitude,s1_0.longitude,s1_0.name,s1_0.surcharge from stations s1_0 where s1_0.id=?
2026-04-14T21:56:37.289+01:00 DEBUG 10256 --- [gestionUser] [nio-8081-exec-3] org.hibernate.SQL                        : select t1_0.id,t1_0.arrival_station_id,as1_0.id,as1_0.city,as1_0.downtown,as1_0.latitude,as1_0.longitude,as1_0.name,as1_0.surcharge,t1_0.departure_station_id,ds1_0.id,ds1_0.city,ds1_0.downtown,ds1_0.latitude,ds1_0.longitude,ds1_0.name,ds1_0.surcharge,t1_0.distance_km,t1_0.estimated_duration_minutes,t1_0.price_per_km,t1_0.route_geo_json from trajets t1_0 join stations as1_0 on as1_0.id=t1_0.arrival_station_id join stations ds1_0 on ds1_0.id=t1_0.departure_station_id where t1_0.id=?
Hibernate: select t1_0.id,t1_0.arrival_station_id,as1_0.id,as1_0.city,as1_0.downtown,as1_0.latitude,as1_0.longitude,as1_0.name,as1_0.surcharge,t1_0.departure_station_id,ds1_0.id,ds1_0.city,ds1_0.downtown,ds1_0.latitude,ds1_0.longitude,ds1_0.name,ds1_0.surcharge,t1_0.distance_km,t1_0.estimated_duration_minutes,t1_0.price_per_km,t1_0.route_geo_json from trajets t1_0 join stations as1_0 on as1_0.id=t1_0.arrival_station_id join stations ds1_0 on ds1_0.id=t1_0.departure_station_id where t1_0.id=?
2026-04-14T21:56:37.294+01:00 DEBUG 10256 --- [gestionUser] [nio-8081-exec-5] org.hibernate.SQL                        : select s1_0.id,s1_0.city,s1_0.downtown,s1_0.latitude,s1_0.longitude,s1_0.name,s1_0.surcharge from stations s1_0 where s1_0.id=?
Hibernate: select s1_0.id,s1_0.city,s1_0.downtown,s1_0.latitude,s1_0.longitude,s1_0.name,s1_0.surcharge from stations s1_0 where s1_0.id=?
2026-04-14T21:56:37.296+01:00 DEBUG 10256 --- [gestionUser] [nio-8081-exec-3] org.hibernate.SQL                        : select t1_0.id,t1_0.arrival_station_id,as1_0.id,as1_0.city,as1_0.downtown,as1_0.latitude,as1_0.longitude,as1_0.name,as1_0.surcharge,t1_0.departure_station_id,ds1_0.id,ds1_0.city,ds1_0.downtown,ds1_0.latitude,ds1_0.longitude,ds1_0.name,ds1_0.surcharge,t1_0.distance_km,t1_0.estimated_duration_minutes,t1_0.price_per_km,t1_0.route_geo_json from trajets t1_0 join stations as1_0 on as1_0.id=t1_0.arrival_station_id join stations ds1_0 on ds1_0.id=t1_0.departure_station_id where t1_0.id=?
Hibernate: select t1_0.id,t1_0.arrival_station_id,as1_0.id,as1_0.city,as1_0.downtown,as1_0.latitude,as1_0.longitude,as1_0.name,as1_0.surcharge,t1_0.departure_station_id,ds1_0.id,ds1_0.city,ds1_0.downtown,ds1_0.latitude,ds1_0.longitude,ds1_0.name,ds1_0.surcharge,t1_0.distance_km,t1_0.estimated_duration_minutes,t1_0.price_per_km,t1_0.route_geo_json from trajets t1_0 join stations as1_0 on as1_0.id=t1_0.arrival_station_id join stations ds1_0 on ds1_0.id=t1_0.departure_station_id where t1_0.id=?
2026-04-14T21:56:37.296+01:00 DEBUG 10256 --- [gestionUser] [nio-8081-exec-5] org.hibernate.SQL                        : select s1_0.id,s1_0.city,s1_0.downtown,s1_0.latitude,s1_0.longitude,s1_0.name,s1_0.surcharge from stations s1_0 where s1_0.id=?
Hibernate: select s1_0.id,s1_0.city,s1_0.downtown,s1_0.latitude,s1_0.longitude,s1_0.name,s1_0.surcharge from stations s1_0 where s1_0.id=?
2026-04-14T21:56:37.296+01:00 DEBUG 10256 --- [gestionUser] [nio-8081-exec-3] org.hibernate.SQL                        : select t1_0.id,t1_0.arrival_station_id,as1_0.id,as1_0.city,as1_0.downtown,as1_0.latitude,as1_0.longitude,as1_0.name,as1_0.surcharge,t1_0.departure_station_id,ds1_0.id,ds1_0.city,ds1_0.downtown,ds1_0.latitude,ds1_0.longitude,ds1_0.name,ds1_0.surcharge,t1_0.distance_km,t1_0.estimated_duration_minutes,t1_0.price_per_km,t1_0.route_geo_json from trajets t1_0 join stations as1_0 on as1_0.id=t1_0.arrival_station_id join stations ds1_0 on ds1_0.id=t1_0.departure_station_id where t1_0.id=?
Hibernate: select t1_0.id,t1_0.arrival_station_id,as1_0.id,as1_0.city,as1_0.downtown,as1_0.latitude,as1_0.longitude,as1_0.name,as1_0.surcharge,t1_0.departure_station_id,ds1_0.id,ds1_0.city,ds1_0.downtown,ds1_0.latitude,ds1_0.longitude,ds1_0.name,ds1_0.surcharge,t1_0.distance_km,t1_0.estimated_duration_minutes,t1_0.price_per_km,t1_0.route_geo_json from trajets t1_0 join stations as1_0 on as1_0.id=t1_0.arrival_station_id join stations ds1_0 on ds1_0.id=t1_0.departure_station_id where t1_0.id=?
2026-04-14T21:56:37.301+01:00 DEBUG 10256 --- [gestionUser] [nio-8081-exec-5] org.hibernate.SQL                        : select s1_0.id,s1_0.city,s1_0.downtown,s1_0.latitude,s1_0.longitude,s1_0.name,s1_0.surcharge from stations s1_0 where s1_0.id=?
Hibernate: select s1_0.id,s1_0.city,s1_0.downtown,s1_0.latitude,s1_0.longitude,s1_0.name,s1_0.surcharge from stations s1_0 where s1_0.id=?
2026-04-14T21:56:37.301+01:00 DEBUG 10256 --- [gestionUser] [nio-8081-exec-5] org.hibernate.SQL                        : select s1_0.id,s1_0.city,s1_0.downtown,s1_0.latitude,s1_0.longitude,s1_0.name,s1_0.surcharge from stations s1_0 where s1_0.id=?
Hibernate: select s1_0.id,s1_0.city,s1_0.downtown,s1_0.latitude,s1_0.longitude,s1_0.name,s1_0.surcharge from stations s1_0 where s1_0.id=?
2026-04-14T21:56:37.305+01:00 DEBUG 10256 --- [gestionUser] [nio-8081-exec-3] m.m.a.RequestResponseBodyMethodProcessor : Using 'application/json', given [application/json, text/plain, */*] and supported [application/json, application/*+json, application/yaml]
2026-04-14T21:56:37.307+01:00 DEBUG 10256 --- [gestionUser] [nio-8081-exec-5] org.hibernate.SQL                        : select s1_0.id,s1_0.city,s1_0.downtown,s1_0.latitude,s1_0.longitude,s1_0.name,s1_0.surcharge from stations s1_0 where s1_0.id=?
Hibernate: select s1_0.id,s1_0.city,s1_0.downtown,s1_0.latitude,s1_0.longitude,s1_0.name,s1_0.surcharge from stations s1_0 where s1_0.id=?
2026-04-14T21:56:37.313+01:00 DEBUG 10256 --- [gestionUser] [nio-8081-exec-3] m.m.a.RequestResponseBodyMethodProcessor : Writing [[TransportDTO(id=3, departurePoint=Zied, departureDate=2026-04-22T21:53, realDepartureDate=2026-04-2 (truncated)...]
2026-04-14T21:56:37.317+01:00 DEBUG 10256 --- [gestionUser] [nio-8081-exec-5] org.hibernate.SQL                        : select s1_0.id,s1_0.city,s1_0.downtown,s1_0.latitude,s1_0.longitude,s1_0.name,s1_0.surcharge from stations s1_0 where s1_0.id=?
Hibernate: select s1_0.id,s1_0.city,s1_0.downtown,s1_0.latitude,s1_0.longitude,s1_0.name,s1_0.surcharge from stations s1_0 where s1_0.id=?
2026-04-14T21:56:37.320+01:00 DEBUG 10256 --- [gestionUser] [nio-8081-exec-3] o.s.web.servlet.DispatcherServlet        : Completed 200 OK
2026-04-14T21:56:37.321+01:00 DEBUG 10256 --- [gestionUser] [nio-8081-exec-5] org.hibernate.SQL                        : select s1_0.id,s1_0.city,s1_0.downtown,s1_0.latitude,s1_0.longitude,s1_0.name,s1_0.surcharge from stations s1_0 where s1_0.id=?
Hibernate: select s1_0.id,s1_0.city,s1_0.downtown,s1_0.latitude,s1_0.longitude,s1_0.name,s1_0.surcharge from stations s1_0 where s1_0.id=?
2026-04-14T21:56:37.325+01:00 DEBUG 10256 --- [gestionUser] [nio-8081-exec-5] org.hibernate.SQL                        : select s1_0.id,s1_0.city,s1_0.downtown,s1_0.latitude,s1_0.longitude,s1_0.name,s1_0.surcharge from stations s1_0 where s1_0.id=?
Hibernate: select s1_0.id,s1_0.city,s1_0.downtown,s1_0.latitude,s1_0.longitude,s1_0.name,s1_0.surcharge from stations s1_0 where s1_0.id=?
2026-04-14T21:56:37.328+01:00 DEBUG 10256 --- [gestionUser] [nio-8081-exec-5] org.hibernate.SQL                        : select s1_0.id,s1_0.city,s1_0.downtown,s1_0.latitude,s1_0.longitude,s1_0.name,s1_0.surcharge from stations s1_0 where s1_0.id=?
Hibernate: select s1_0.id,s1_0.city,s1_0.downtown,s1_0.latitude,s1_0.longitude,s1_0.name,s1_0.surcharge from stations s1_0 where s1_0.id=?
2026-04-14T21:56:37.331+01:00 DEBUG 10256 --- [gestionUser] [nio-8081-exec-5] org.hibernate.SQL                        : select s1_0.id,s1_0.city,s1_0.downtown,s1_0.latitude,s1_0.longitude,s1_0.name,s1_0.surcharge from stations s1_0 where s1_0.id=?
Hibernate: select s1_0.id,s1_0.city,s1_0.downtown,s1_0.latitude,s1_0.longitude,s1_0.name,s1_0.surcharge from stations s1_0 where s1_0.id=?
2026-04-14T21:56:37.333+01:00 DEBUG 10256 --- [gestionUser] [nio-8081-exec-5] org.hibernate.SQL                        : select s1_0.id,s1_0.city,s1_0.downtown,s1_0.latitude,s1_0.longitude,s1_0.name,s1_0.surcharge from stations s1_0 where s1_0.id=?
Hibernate: select s1_0.id,s1_0.city,s1_0.downtown,s1_0.latitude,s1_0.longitude,s1_0.name,s1_0.surcharge from stations s1_0 where s1_0.id=?
2026-04-14T21:56:37.335+01:00 DEBUG 10256 --- [gestionUser] [nio-8081-exec-5] m.m.a.RequestResponseBodyMethodProcessor : Using 'application/json', given [application/json, text/plain, */*] and supported [application/json, application/*+json, application/yaml]
2026-04-14T21:56:37.335+01:00 DEBUG 10256 --- [gestionUser] [nio-8081-exec-5] m.m.a.RequestResponseBodyMethodProcessor : Writing [[TrajetDTO(id=2, departureStationId=5, departureStationName=Barcelone, arrivalStationId=6, arrivalSt (truncated)...]
2026-04-14T21:56:37.341+01:00 DEBUG 10256 --- [gestionUser] [nio-8081-exec-5] o.s.web.servlet.DispatcherServlet        : Completed 200 OK
2026-04-14T21:56:59.375+01:00 DEBUG 10256 --- [gestionUser] [nio-8081-exec-2] o.s.security.web.FilterChainProxy        : Securing OPTIONS /api/transports
2026-04-14T21:56:59.383+01:00 DEBUG 10256 --- [gestionUser] [nio-8081-exec-8] o.s.security.web.FilterChainProxy        : Securing POST /api/transports
2026-04-14T21:56:59.385+01:00  INFO 10256 --- [gestionUser] [nio-8081-exec-8] t.e.s.baladna.user.security.JwtFilter    : Request to: /api/transports - Auth header: present
2026-04-14T21:56:59.385+01:00  INFO 10256 --- [gestionUser] [nio-8081-exec-8] t.e.s.baladna.user.security.JwtFilter    : Token extracted (length: 167)
2026-04-14T21:56:59.385+01:00  INFO 10256 --- [gestionUser] [nio-8081-exec-8] t.e.s.baladna.user.security.JwtFilter    : Email extracted from token: ahmedm12@gmail.com
2026-04-14T21:56:59.393+01:00 DEBUG 10256 --- [gestionUser] [nio-8081-exec-8] org.hibernate.SQL                        : select u1_0.id,u1_0.email,u1_0.first_name,u1_0.last_login,u1_0.last_name,u1_0.password,u1_0.preferred_language,u1_0.profile_photo,u1_0.role,u1_0.status from user u1_0 where u1_0.email=?
Hibernate: select u1_0.id,u1_0.email,u1_0.first_name,u1_0.last_login,u1_0.last_name,u1_0.password,u1_0.preferred_language,u1_0.profile_photo,u1_0.role,u1_0.status from user u1_0 where u1_0.email=?
2026-04-14T21:56:59.404+01:00  INFO 10256 --- [gestionUser] [nio-8081-exec-8] t.e.s.baladna.user.security.JwtFilter    : User found: ahmedm12@gmail.com with role: HOST
2026-04-14T21:56:59.404+01:00  INFO 10256 --- [gestionUser] [nio-8081-exec-8] t.e.s.baladna.user.security.JwtFilter    : Setting authentication with role: ROLE_HOST
2026-04-14T21:56:59.406+01:00  INFO 10256 --- [gestionUser] [nio-8081-exec-8] t.e.s.baladna.user.security.JwtFilter    : Authentication set successfully
2026-04-14T21:56:59.408+01:00 DEBUG 10256 --- [gestionUser] [nio-8081-exec-8] o.s.security.web.FilterChainProxy        : Secured POST /api/transports
2026-04-14T21:56:59.411+01:00 DEBUG 10256 --- [gestionUser] [nio-8081-exec-8] o.s.web.servlet.DispatcherServlet        : POST "/api/transports", parameters={}
2026-04-14T21:56:59.413+01:00 DEBUG 10256 --- [gestionUser] [nio-8081-exec-8] s.w.s.m.m.a.RequestMappingHandlerMapping : Mapped to tn.esprit.spring.baladna.transport.controller.TransportController#createTransport(TransportDTO)
2026-04-14T21:56:59.417+01:00 DEBUG 10256 --- [gestionUser] [nio-8081-exec-8] m.m.a.RequestResponseBodyMethodProcessor : Read "application/json;charset=UTF-8" to [TransportDTO(id=null, departurePoint=Esprit, departureDate=2026-04-16T21:56, realDepartureDate=null, (truncated)...]
2026-04-14T21:56:59.421+01:00 DEBUG 10256 --- [gestionUser] [nio-8081-exec-8] org.hibernate.SQL                        : select t1_0.id,t1_0.arrival_station_id,as1_0.id,as1_0.city,as1_0.downtown,as1_0.latitude,as1_0.longitude,as1_0.name,as1_0.surcharge,t1_0.departure_station_id,ds1_0.id,ds1_0.city,ds1_0.downtown,ds1_0.latitude,ds1_0.longitude,ds1_0.name,ds1_0.surcharge,t1_0.distance_km,t1_0.estimated_duration_minutes,t1_0.price_per_km,t1_0.route_geo_json from trajets t1_0 join stations as1_0 on as1_0.id=t1_0.arrival_station_id join stations ds1_0 on ds1_0.id=t1_0.departure_station_id where t1_0.id=?
Hibernate: select t1_0.id,t1_0.arrival_station_id,as1_0.id,as1_0.city,as1_0.downtown,as1_0.latitude,as1_0.longitude,as1_0.name,as1_0.surcharge,t1_0.departure_station_id,ds1_0.id,ds1_0.city,ds1_0.downtown,ds1_0.latitude,ds1_0.longitude,ds1_0.name,ds1_0.surcharge,t1_0.distance_km,t1_0.estimated_duration_minutes,t1_0.price_per_km,t1_0.route_geo_json from trajets t1_0 join stations as1_0 on as1_0.id=t1_0.arrival_station_id join stations ds1_0 on ds1_0.id=t1_0.departure_station_id where t1_0.id=?
2026-04-14T21:56:59.428+01:00 DEBUG 10256 --- [gestionUser] [nio-8081-exec-8] o.s.web.client.RestTemplate              : HTTP GET https://api.open-meteo.com/v1/forecast?latitude=0.0&longitude=0.0&hourly=weather_code&timezone=auto&start_date=2026-04-16&end_date=2026-04-16
2026-04-14T21:56:59.431+01:00 DEBUG 10256 --- [gestionUser] [nio-8081-exec-8] o.s.web.client.RestTemplate              : Accept=[application/json, application/yaml, application/*+json]
2026-04-14T21:57:00.029+01:00 DEBUG 10256 --- [gestionUser] [nio-8081-exec-8] o.s.web.client.RestTemplate              : Response 200 OK
2026-04-14T21:57:00.035+01:00 DEBUG 10256 --- [gestionUser] [nio-8081-exec-8] o.s.web.client.RestTemplate              : Reading to [tn.esprit.spring.baladna.transport.dto.OpenMeteoResponse]
2026-04-14T21:57:00.043+01:00 DEBUG 10256 --- [gestionUser] [nio-8081-exec-8] org.hibernate.SQL                        : insert into transports (available_seats,base_price,departure_date,departure_point,status,total_capacity,traffic_jam,trajet_id,weather,weather_source) values (?,?,?,?,?,?,?,?,?,?)
Hibernate: insert into transports (available_seats,base_price,departure_date,departure_point,status,total_capacity,traffic_jam,trajet_id,weather,weather_source) values (?,?,?,?,?,?,?,?,?,?)
2026-04-14T21:57:00.062+01:00 DEBUG 10256 --- [gestionUser] [nio-8081-exec-8] o.s.w.s.m.m.a.HttpEntityMethodProcessor  : Using 'application/json', given [application/json, text/plain, */*] and supported [application/json, application/*+json, application/yaml]
2026-04-14T21:57:00.063+01:00 DEBUG 10256 --- [gestionUser] [nio-8081-exec-8] o.s.w.s.m.m.a.HttpEntityMethodProcessor  : Writing [TransportDTO(id=18, departurePoint=Esprit, departureDate=2026-04-16T21:56, realDepartureDate=2026-04 (truncated)...]
2026-04-14T21:57:00.065+01:00 DEBUG 10256 --- [gestionUser] [nio-8081-exec-8] o.s.web.servlet.DispatcherServlet        : Completed 200 OK
2026-04-14T21:57:00.082+01:00 DEBUG 10256 --- [gestionUser] [nio-8081-exec-7] o.s.security.web.FilterChainProxy        : Securing GET /api/transports
2026-04-14T21:57:00.084+01:00  INFO 10256 --- [gestionUser] [nio-8081-exec-7] t.e.s.baladna.user.security.JwtFilter    : Request to: /api/transports - Auth header: present
2026-04-14T21:57:00.085+01:00  INFO 10256 --- [gestionUser] [nio-8081-exec-7] t.e.s.baladna.user.security.JwtFilter    : Token extracted (length: 167)
2026-04-14T21:57:00.090+01:00  INFO 10256 --- [gestionUser] [nio-8081-exec-7] t.e.s.baladna.user.security.JwtFilter    : Email extracted from token: ahmedm12@gmail.com
2026-04-14T21:57:00.092+01:00 DEBUG 10256 --- [gestionUser] [nio-8081-exec-7] org.hibernate.SQL                        : select u1_0.id,u1_0.email,u1_0.first_name,u1_0.last_login,u1_0.last_name,u1_0.password,u1_0.preferred_language,u1_0.profile_photo,u1_0.role,u1_0.status from user u1_0 where u1_0.email=?
Hibernate: select u1_0.id,u1_0.email,u1_0.first_name,u1_0.last_login,u1_0.last_name,u1_0.password,u1_0.preferred_language,u1_0.profile_photo,u1_0.role,u1_0.status from user u1_0 where u1_0.email=?
2026-04-14T21:57:00.093+01:00  INFO 10256 --- [gestionUser] [nio-8081-exec-7] t.e.s.baladna.user.security.JwtFilter    : User found: ahmedm12@gmail.com with role: HOST
2026-04-14T21:57:00.093+01:00  INFO 10256 --- [gestionUser] [nio-8081-exec-7] t.e.s.baladna.user.security.JwtFilter    : Setting authentication with role: ROLE_HOST
2026-04-14T21:57:00.093+01:00  INFO 10256 --- [gestionUser] [nio-8081-exec-7] t.e.s.baladna.user.security.JwtFilter    : Authentication set successfully
2026-04-14T21:57:00.093+01:00 DEBUG 10256 --- [gestionUser] [nio-8081-exec-7] o.s.security.web.FilterChainProxy        : Secured GET /api/transports
2026-04-14T21:57:00.093+01:00 DEBUG 10256 --- [gestionUser] [nio-8081-exec-7] o.s.web.servlet.DispatcherServlet        : GET "/api/transports", parameters={}
2026-04-14T21:57:00.102+01:00 DEBUG 10256 --- [gestionUser] [nio-8081-exec-7] s.w.s.m.m.a.RequestMappingHandlerMapping : Mapped to tn.esprit.spring.baladna.transport.controller.TransportController#getAllTransports()
2026-04-14T21:57:00.107+01:00 DEBUG 10256 --- [gestionUser] [nio-8081-exec-7] org.hibernate.SQL                        : select t1_0.id,t1_0.available_seats,t1_0.base_price,t1_0.departure_date,t1_0.departure_point,t1_0.status,t1_0.total_capacity,t1_0.traffic_jam,t1_0.trajet_id,t1_0.weather,t1_0.weather_source from transports t1_0
Hibernate: select t1_0.id,t1_0.available_seats,t1_0.base_price,t1_0.departure_date,t1_0.departure_point,t1_0.status,t1_0.total_capacity,t1_0.traffic_jam,t1_0.trajet_id,t1_0.weather,t1_0.weather_source from transports t1_0
2026-04-14T21:57:00.112+01:00 DEBUG 10256 --- [gestionUser] [nio-8081-exec-7] org.hibernate.SQL                        : select t1_0.id,t1_0.arrival_station_id,as1_0.id,as1_0.city,as1_0.downtown,as1_0.latitude,as1_0.longitude,as1_0.name,as1_0.surcharge,t1_0.departure_station_id,ds1_0.id,ds1_0.city,ds1_0.downtown,ds1_0.latitude,ds1_0.longitude,ds1_0.name,ds1_0.surcharge,t1_0.distance_km,t1_0.estimated_duration_minutes,t1_0.price_per_km,t1_0.route_geo_json from trajets t1_0 join stations as1_0 on as1_0.id=t1_0.arrival_station_id join stations ds1_0 on ds1_0.id=t1_0.departure_station_id where t1_0.id=?
Hibernate: select t1_0.id,t1_0.arrival_station_id,as1_0.id,as1_0.city,as1_0.downtown,as1_0.latitude,as1_0.longitude,as1_0.name,as1_0.surcharge,t1_0.departure_station_id,ds1_0.id,ds1_0.city,ds1_0.downtown,ds1_0.latitude,ds1_0.longitude,ds1_0.name,ds1_0.surcharge,t1_0.distance_km,t1_0.estimated_duration_minutes,t1_0.price_per_km,t1_0.route_geo_json from trajets t1_0 join stations as1_0 on as1_0.id=t1_0.arrival_station_id join stations ds1_0 on ds1_0.id=t1_0.departure_station_id where t1_0.id=?
2026-04-14T21:57:00.116+01:00 DEBUG 10256 --- [gestionUser] [nio-8081-exec-7] org.hibernate.SQL                        : select t1_0.id,t1_0.arrival_station_id,as1_0.id,as1_0.city,as1_0.downtown,as1_0.latitude,as1_0.longitude,as1_0.name,as1_0.surcharge,t1_0.departure_station_id,ds1_0.id,ds1_0.city,ds1_0.downtown,ds1_0.latitude,ds1_0.longitude,ds1_0.name,ds1_0.surcharge,t1_0.distance_km,t1_0.estimated_duration_minutes,t1_0.price_per_km,t1_0.route_geo_json from trajets t1_0 join stations as1_0 on as1_0.id=t1_0.arrival_station_id join stations ds1_0 on ds1_0.id=t1_0.departure_station_id where t1_0.id=?
Hibernate: select t1_0.id,t1_0.arrival_station_id,as1_0.id,as1_0.city,as1_0.downtown,as1_0.latitude,as1_0.longitude,as1_0.name,as1_0.surcharge,t1_0.departure_station_id,ds1_0.id,ds1_0.city,ds1_0.downtown,ds1_0.latitude,ds1_0.longitude,ds1_0.name,ds1_0.surcharge,t1_0.distance_km,t1_0.estimated_duration_minutes,t1_0.price_per_km,t1_0.route_geo_json from trajets t1_0 join stations as1_0 on as1_0.id=t1_0.arrival_station_id join stations ds1_0 on ds1_0.id=t1_0.departure_station_id where t1_0.id=?
2026-04-14T21:57:00.119+01:00 DEBUG 10256 --- [gestionUser] [nio-8081-exec-7] org.hibernate.SQL                        : select t1_0.id,t1_0.arrival_station_id,as1_0.id,as1_0.city,as1_0.downtown,as1_0.latitude,as1_0.longitude,as1_0.name,as1_0.surcharge,t1_0.departure_station_id,ds1_0.id,ds1_0.city,ds1_0.downtown,ds1_0.latitude,ds1_0.longitude,ds1_0.name,ds1_0.surcharge,t1_0.distance_km,t1_0.estimated_duration_minutes,t1_0.price_per_km,t1_0.route_geo_json from trajets t1_0 join stations as1_0 on as1_0.id=t1_0.arrival_station_id join stations ds1_0 on ds1_0.id=t1_0.departure_station_id where t1_0.id=?
Hibernate: select t1_0.id,t1_0.arrival_station_id,as1_0.id,as1_0.city,as1_0.downtown,as1_0.latitude,as1_0.longitude,as1_0.name,as1_0.surcharge,t1_0.departure_station_id,ds1_0.id,ds1_0.city,ds1_0.downtown,ds1_0.latitude,ds1_0.longitude,ds1_0.name,ds1_0.surcharge,t1_0.distance_km,t1_0.estimated_duration_minutes,t1_0.price_per_km,t1_0.route_geo_json from trajets t1_0 join stations as1_0 on as1_0.id=t1_0.arrival_station_id join stations ds1_0 on ds1_0.id=t1_0.departure_station_id where t1_0.id=?
2026-04-14T21:57:00.121+01:00 DEBUG 10256 --- [gestionUser] [nio-8081-exec-7] org.hibernate.SQL                        : select t1_0.id,t1_0.arrival_station_id,as1_0.id,as1_0.city,as1_0.downtown,as1_0.latitude,as1_0.longitude,as1_0.name,as1_0.surcharge,t1_0.departure_station_id,ds1_0.id,ds1_0.city,ds1_0.downtown,ds1_0.latitude,ds1_0.longitude,ds1_0.name,ds1_0.surcharge,t1_0.distance_km,t1_0.estimated_duration_minutes,t1_0.price_per_km,t1_0.route_geo_json from trajets t1_0 join stations as1_0 on as1_0.id=t1_0.arrival_station_id join stations ds1_0 on ds1_0.id=t1_0.departure_station_id where t1_0.id=?
Hibernate: select t1_0.id,t1_0.arrival_station_id,as1_0.id,as1_0.city,as1_0.downtown,as1_0.latitude,as1_0.longitude,as1_0.name,as1_0.surcharge,t1_0.departure_station_id,ds1_0.id,ds1_0.city,ds1_0.downtown,ds1_0.latitude,ds1_0.longitude,ds1_0.name,ds1_0.surcharge,t1_0.distance_km,t1_0.estimated_duration_minutes,t1_0.price_per_km,t1_0.route_geo_json from trajets t1_0 join stations as1_0 on as1_0.id=t1_0.arrival_station_id join stations ds1_0 on ds1_0.id=t1_0.departure_station_id where t1_0.id=?
2026-04-14T21:57:00.128+01:00 DEBUG 10256 --- [gestionUser] [nio-8081-exec-7] org.hibernate.SQL                        : select t1_0.id,t1_0.arrival_station_id,as1_0.id,as1_0.city,as1_0.downtown,as1_0.latitude,as1_0.longitude,as1_0.name,as1_0.surcharge,t1_0.departure_station_id,ds1_0.id,ds1_0.city,ds1_0.downtown,ds1_0.latitude,ds1_0.longitude,ds1_0.name,ds1_0.surcharge,t1_0.distance_km,t1_0.estimated_duration_minutes,t1_0.price_per_km,t1_0.route_geo_json from trajets t1_0 join stations as1_0 on as1_0.id=t1_0.arrival_station_id join stations ds1_0 on ds1_0.id=t1_0.departure_station_id where t1_0.id=?
Hibernate: select t1_0.id,t1_0.arrival_station_id,as1_0.id,as1_0.city,as1_0.downtown,as1_0.latitude,as1_0.longitude,as1_0.name,as1_0.surcharge,t1_0.departure_station_id,ds1_0.id,ds1_0.city,ds1_0.downtown,ds1_0.latitude,ds1_0.longitude,ds1_0.name,ds1_0.surcharge,t1_0.distance_km,t1_0.estimated_duration_minutes,t1_0.price_per_km,t1_0.route_geo_json from trajets t1_0 join stations as1_0 on as1_0.id=t1_0.arrival_station_id join stations ds1_0 on ds1_0.id=t1_0.departure_station_id where t1_0.id=?
2026-04-14T21:57:00.131+01:00 DEBUG 10256 --- [gestionUser] [nio-8081-exec-7] org.hibernate.SQL                        : select t1_0.id,t1_0.arrival_station_id,as1_0.id,as1_0.city,as1_0.downtown,as1_0.latitude,as1_0.longitude,as1_0.name,as1_0.surcharge,t1_0.departure_station_id,ds1_0.id,ds1_0.city,ds1_0.downtown,ds1_0.latitude,ds1_0.longitude,ds1_0.name,ds1_0.surcharge,t1_0.distance_km,t1_0.estimated_duration_minutes,t1_0.price_per_km,t1_0.route_geo_json from trajets t1_0 join stations as1_0 on as1_0.id=t1_0.arrival_station_id join stations ds1_0 on ds1_0.id=t1_0.departure_station_id where t1_0.id=?
Hibernate: select t1_0.id,t1_0.arrival_station_id,as1_0.id,as1_0.city,as1_0.downtown,as1_0.latitude,as1_0.longitude,as1_0.name,as1_0.surcharge,t1_0.departure_station_id,ds1_0.id,ds1_0.city,ds1_0.downtown,ds1_0.latitude,ds1_0.longitude,ds1_0.name,ds1_0.surcharge,t1_0.distance_km,t1_0.estimated_duration_minutes,t1_0.price_per_km,t1_0.route_geo_json from trajets t1_0 join stations as1_0 on as1_0.id=t1_0.arrival_station_id join stations ds1_0 on ds1_0.id=t1_0.departure_station_id where t1_0.id=?
2026-04-14T21:57:00.135+01:00 DEBUG 10256 --- [gestionUser] [nio-8081-exec-7] org.hibernate.SQL                        : select t1_0.id,t1_0.arrival_station_id,as1_0.id,as1_0.city,as1_0.downtown,as1_0.latitude,as1_0.longitude,as1_0.name,as1_0.surcharge,t1_0.departure_station_id,ds1_0.id,ds1_0.city,ds1_0.downtown,ds1_0.latitude,ds1_0.longitude,ds1_0.name,ds1_0.surcharge,t1_0.distance_km,t1_0.estimated_duration_minutes,t1_0.price_per_km,t1_0.route_geo_json from trajets t1_0 join stations as1_0 on as1_0.id=t1_0.arrival_station_id join stations ds1_0 on ds1_0.id=t1_0.departure_station_id where t1_0.id=?
Hibernate: select t1_0.id,t1_0.arrival_station_id,as1_0.id,as1_0.city,as1_0.downtown,as1_0.latitude,as1_0.longitude,as1_0.name,as1_0.surcharge,t1_0.departure_station_id,ds1_0.id,ds1_0.city,ds1_0.downtown,ds1_0.latitude,ds1_0.longitude,ds1_0.name,ds1_0.surcharge,t1_0.distance_km,t1_0.estimated_duration_minutes,t1_0.price_per_km,t1_0.route_geo_json from trajets t1_0 join stations as1_0 on as1_0.id=t1_0.arrival_station_id join stations ds1_0 on ds1_0.id=t1_0.departure_station_id where t1_0.id=?
2026-04-14T21:57:00.137+01:00 DEBUG 10256 --- [gestionUser] [nio-8081-exec-7] org.hibernate.SQL                        : select t1_0.id,t1_0.arrival_station_id,as1_0.id,as1_0.city,as1_0.downtown,as1_0.latitude,as1_0.longitude,as1_0.name,as1_0.surcharge,t1_0.departure_station_id,ds1_0.id,ds1_0.city,ds1_0.downtown,ds1_0.latitude,ds1_0.longitude,ds1_0.name,ds1_0.surcharge,t1_0.distance_km,t1_0.estimated_duration_minutes,t1_0.price_per_km,t1_0.route_geo_json from trajets t1_0 join stations as1_0 on as1_0.id=t1_0.arrival_station_id join stations ds1_0 on ds1_0.id=t1_0.departure_station_id where t1_0.id=?
Hibernate: select t1_0.id,t1_0.arrival_station_id,as1_0.id,as1_0.city,as1_0.downtown,as1_0.latitude,as1_0.longitude,as1_0.name,as1_0.surcharge,t1_0.departure_station_id,ds1_0.id,ds1_0.city,ds1_0.downtown,ds1_0.latitude,ds1_0.longitude,ds1_0.name,ds1_0.surcharge,t1_0.distance_km,t1_0.estimated_duration_minutes,t1_0.price_per_km,t1_0.route_geo_json from trajets t1_0 join stations as1_0 on as1_0.id=t1_0.arrival_station_id join stations ds1_0 on ds1_0.id=t1_0.departure_station_id where t1_0.id=?
2026-04-14T21:57:00.143+01:00 DEBUG 10256 --- [gestionUser] [nio-8081-exec-7] org.hibernate.SQL                        : select t1_0.id,t1_0.arrival_station_id,as1_0.id,as1_0.city,as1_0.downtown,as1_0.latitude,as1_0.longitude,as1_0.name,as1_0.surcharge,t1_0.departure_station_id,ds1_0.id,ds1_0.city,ds1_0.downtown,ds1_0.latitude,ds1_0.longitude,ds1_0.name,ds1_0.surcharge,t1_0.distance_km,t1_0.estimated_duration_minutes,t1_0.price_per_km,t1_0.route_geo_json from trajets t1_0 join stations as1_0 on as1_0.id=t1_0.arrival_station_id join stations ds1_0 on ds1_0.id=t1_0.departure_station_id where t1_0.id=?
Hibernate: select t1_0.id,t1_0.arrival_station_id,as1_0.id,as1_0.city,as1_0.downtown,as1_0.latitude,as1_0.longitude,as1_0.name,as1_0.surcharge,t1_0.departure_station_id,ds1_0.id,ds1_0.city,ds1_0.downtown,ds1_0.latitude,ds1_0.longitude,ds1_0.name,ds1_0.surcharge,t1_0.distance_km,t1_0.estimated_duration_minutes,t1_0.price_per_km,t1_0.route_geo_json from trajets t1_0 join stations as1_0 on as1_0.id=t1_0.arrival_station_id join stations ds1_0 on ds1_0.id=t1_0.departure_station_id where t1_0.id=?
2026-04-14T21:57:00.144+01:00 DEBUG 10256 --- [gestionUser] [nio-8081-exec-7] org.hibernate.SQL                        : select t1_0.id,t1_0.arrival_station_id,as1_0.id,as1_0.city,as1_0.downtown,as1_0.latitude,as1_0.longitude,as1_0.name,as1_0.surcharge,t1_0.departure_station_id,ds1_0.id,ds1_0.city,ds1_0.downtown,ds1_0.latitude,ds1_0.longitude,ds1_0.name,ds1_0.surcharge,t1_0.distance_km,t1_0.estimated_duration_minutes,t1_0.price_per_km,t1_0.route_geo_json from trajets t1_0 join stations as1_0 on as1_0.id=t1_0.arrival_station_id join stations ds1_0 on ds1_0.id=t1_0.departure_station_id where t1_0.id=?
Hibernate: select t1_0.id,t1_0.arrival_station_id,as1_0.id,as1_0.city,as1_0.downtown,as1_0.latitude,as1_0.longitude,as1_0.name,as1_0.surcharge,t1_0.departure_station_id,ds1_0.id,ds1_0.city,ds1_0.downtown,ds1_0.latitude,ds1_0.longitude,ds1_0.name,ds1_0.surcharge,t1_0.distance_km,t1_0.estimated_duration_minutes,t1_0.price_per_km,t1_0.route_geo_json from trajets t1_0 join stations as1_0 on as1_0.id=t1_0.arrival_station_id join stations ds1_0 on ds1_0.id=t1_0.departure_station_id where t1_0.id=?
2026-04-14T21:57:00.144+01:00 DEBUG 10256 --- [gestionUser] [nio-8081-exec-7] org.hibernate.SQL                        : select t1_0.id,t1_0.arrival_station_id,as1_0.id,as1_0.city,as1_0.downtown,as1_0.latitude,as1_0.longitude,as1_0.name,as1_0.surcharge,t1_0.departure_station_id,ds1_0.id,ds1_0.city,ds1_0.downtown,ds1_0.latitude,ds1_0.longitude,ds1_0.name,ds1_0.surcharge,t1_0.distance_km,t1_0.estimated_duration_minutes,t1_0.price_per_km,t1_0.route_geo_json from trajets t1_0 join stations as1_0 on as1_0.id=t1_0.arrival_station_id join stations ds1_0 on ds1_0.id=t1_0.departure_station_id where t1_0.id=?
Hibernate: select t1_0.id,t1_0.arrival_station_id,as1_0.id,as1_0.city,as1_0.downtown,as1_0.latitude,as1_0.longitude,as1_0.name,as1_0.surcharge,t1_0.departure_station_id,ds1_0.id,ds1_0.city,ds1_0.downtown,ds1_0.latitude,ds1_0.longitude,ds1_0.name,ds1_0.surcharge,t1_0.distance_km,t1_0.estimated_duration_minutes,t1_0.price_per_km,t1_0.route_geo_json from trajets t1_0 join stations as1_0 on as1_0.id=t1_0.arrival_station_id join stations ds1_0 on ds1_0.id=t1_0.departure_station_id where t1_0.id=?
2026-04-14T21:57:00.157+01:00 DEBUG 10256 --- [gestionUser] [nio-8081-exec-7] m.m.a.RequestResponseBodyMethodProcessor : Using 'application/json', given [application/json, text/plain, */*] and supported [application/json, application/*+json, application/yaml]
2026-04-14T21:57:00.160+01:00 DEBUG 10256 --- [gestionUser] [nio-8081-exec-7] m.m.a.RequestResponseBodyMethodProcessor : Writing [[TransportDTO(id=3, departurePoint=Zied, departureDate=2026-04-22T21:53, realDepartureDate=2026-04-2 (truncated)...]
2026-04-14T21:57:00.164+01:00 DEBUG 10256 --- [gestionUser] [nio-8081-exec-7] o.s.web.servlet.DispatcherServlet        : Completed 200 OK
2026-04-14T21:57:34.644+01:00 DEBUG 10256 --- [gestionUser] [nio-8081-exec-4] o.s.security.web.FilterChainProxy        : Securing OPTIONS /api/auth/logout
2026-04-14T21:57:34.711+01:00 DEBUG 10256 --- [gestionUser] [io-8081-exec-10] o.s.security.web.FilterChainProxy        : Securing POST /api/auth/logout
2026-04-14T21:57:34.713+01:00 DEBUG 10256 --- [gestionUser] [io-8081-exec-10] o.s.s.w.a.AnonymousAuthenticationFilter  : Set SecurityContextHolder to anonymous SecurityContext
2026-04-14T21:57:34.713+01:00 DEBUG 10256 --- [gestionUser] [io-8081-exec-10] o.s.security.web.FilterChainProxy        : Secured POST /api/auth/logout
2026-04-14T21:57:34.716+01:00 DEBUG 10256 --- [gestionUser] [io-8081-exec-10] o.s.web.servlet.DispatcherServlet        : POST "/api/auth/logout", parameters={}
2026-04-14T21:57:34.716+01:00 DEBUG 10256 --- [gestionUser] [io-8081-exec-10] s.w.s.m.m.a.RequestMappingHandlerMapping : Mapped to tn.esprit.spring.baladna.user.controller.AuthController#logout(RefreshRequest)
2026-04-14T21:57:34.722+01:00 DEBUG 10256 --- [gestionUser] [io-8081-exec-10] m.m.a.RequestResponseBodyMethodProcessor : Read "application/json;charset=UTF-8" to [RefreshRequest(refreshToken=4893d91f-bb66-48b8-82be-b678b31064cd)]
2026-04-14T21:57:34.731+01:00 DEBUG 10256 --- [gestionUser] [io-8081-exec-10] org.hibernate.SQL                        : select s1_0.id,s1_0.expires_at,s1_0.token,s1_0.user_id from session s1_0 where s1_0.token=?
Hibernate: select s1_0.id,s1_0.expires_at,s1_0.token,s1_0.user_id from session s1_0 where s1_0.token=?
2026-04-14T21:57:34.735+01:00 DEBUG 10256 --- [gestionUser] [io-8081-exec-10] org.hibernate.SQL                        : select u1_0.id,u1_0.email,u1_0.first_name,u1_0.last_login,u1_0.last_name,u1_0.password,u1_0.preferred_language,u1_0.profile_photo,u1_0.role,u1_0.status from user u1_0 where u1_0.id=?
Hibernate: select u1_0.id,u1_0.email,u1_0.first_name,u1_0.last_login,u1_0.last_name,u1_0.password,u1_0.preferred_language,u1_0.profile_photo,u1_0.role,u1_0.status from user u1_0 where u1_0.id=?
2026-04-14T21:57:34.749+01:00 DEBUG 10256 --- [gestionUser] [io-8081-exec-10] org.hibernate.SQL                        : insert into activity_log (action,timestamp,user_id,id) values (?,?,?,?)
Hibernate: insert into activity_log (action,timestamp,user_id,id) values (?,?,?,?)
2026-04-14T21:57:34.774+01:00 DEBUG 10256 --- [gestionUser] [io-8081-exec-10] org.hibernate.SQL                        : delete from session where id=?
Hibernate: delete from session where id=?
2026-04-14T21:57:34.790+01:00 DEBUG 10256 --- [gestionUser] [io-8081-exec-10] o.s.w.s.m.m.a.HttpEntityMethodProcessor  : Using 'application/json', given [application/json, text/plain, */*] and supported [text/plain, */*, application/json, application/*+json, application/yaml]
2026-04-14T21:57:34.790+01:00 DEBUG 10256 --- [gestionUser] [io-8081-exec-10] o.s.w.s.m.m.a.HttpEntityMethodProcessor  : Writing ["Déconnecté avec succès"]
2026-04-14T21:57:34.790+01:00 DEBUG 10256 --- [gestionUser] [io-8081-exec-10] o.s.web.servlet.DispatcherServlet        : Completed 200 OK
2026-04-14T21:57:38.662+01:00 DEBUG 10256 --- [gestionUser] [nio-8081-exec-9] o.s.security.web.FilterChainProxy        : Securing OPTIONS /api/auth/login
2026-04-14T21:57:38.670+01:00 DEBUG 10256 --- [gestionUser] [nio-8081-exec-3] o.s.security.web.FilterChainProxy        : Securing POST /api/auth/login
2026-04-14T21:57:38.677+01:00 DEBUG 10256 --- [gestionUser] [nio-8081-exec-3] o.s.s.w.a.AnonymousAuthenticationFilter  : Set SecurityContextHolder to anonymous SecurityContext
2026-04-14T21:57:38.682+01:00 DEBUG 10256 --- [gestionUser] [nio-8081-exec-3] o.s.security.web.FilterChainProxy        : Secured POST /api/auth/login
2026-04-14T21:57:38.683+01:00 DEBUG 10256 --- [gestionUser] [nio-8081-exec-3] o.s.web.servlet.DispatcherServlet        : POST "/api/auth/login", parameters={}
2026-04-14T21:57:38.683+01:00 DEBUG 10256 --- [gestionUser] [nio-8081-exec-3] s.w.s.m.m.a.RequestMappingHandlerMapping : Mapped to tn.esprit.spring.baladna.user.controller.AuthController#login(LoginRequest)
2026-04-14T21:57:38.686+01:00 DEBUG 10256 --- [gestionUser] [nio-8081-exec-3] m.m.a.RequestResponseBodyMethodProcessor : Read "application/json;charset=UTF-8" to [LoginRequest(email=fatma123@gmail.com, password=fatma123)]
2026-04-14T21:57:38.686+01:00 DEBUG 10256 --- [gestionUser] [nio-8081-exec-3] org.hibernate.SQL                        : select u1_0.id,u1_0.email,u1_0.first_name,u1_0.last_login,u1_0.last_name,u1_0.password,u1_0.preferred_language,u1_0.profile_photo,u1_0.role,u1_0.status from user u1_0 where u1_0.email=?
Hibernate: select u1_0.id,u1_0.email,u1_0.first_name,u1_0.last_login,u1_0.last_name,u1_0.password,u1_0.preferred_language,u1_0.profile_photo,u1_0.role,u1_0.status from user u1_0 where u1_0.email=?
2026-04-14T21:57:38.919+01:00 DEBUG 10256 --- [gestionUser] [nio-8081-exec-3] org.hibernate.SQL                        : insert into activity_log (action,timestamp,user_id,id) values (?,?,?,?)
Hibernate: insert into activity_log (action,timestamp,user_id,id) values (?,?,?,?)
2026-04-14T21:57:38.936+01:00 DEBUG 10256 --- [gestionUser] [nio-8081-exec-3] org.hibernate.SQL                        : insert into session (expires_at,token,user_id,id) values (?,?,?,?)
Hibernate: insert into session (expires_at,token,user_id,id) values (?,?,?,?)
2026-04-14T21:57:38.948+01:00 DEBUG 10256 --- [gestionUser] [nio-8081-exec-3] o.s.w.s.m.m.a.HttpEntityMethodProcessor  : Using 'application/json', given [application/json, text/plain, */*] and supported [application/json, application/*+json, application/yaml]
2026-04-14T21:57:38.948+01:00 DEBUG 10256 --- [gestionUser] [nio-8081-exec-3] o.s.w.s.m.m.a.HttpEntityMethodProcessor  : Writing [AuthResponse(accessToken=eyJhbGciOiJIUzI1NiJ9.eyJzdWIiOiJmYXRtYTEyM0BnbWFpbC5jb20iLCJyb2xlIjoiVE9VUk (truncated)...]
2026-04-14T21:57:38.955+01:00 DEBUG 10256 --- [gestionUser] [nio-8081-exec-3] o.s.web.servlet.DispatcherServlet        : Completed 200 OK
2026-04-14T21:57:39.054+01:00 DEBUG 10256 --- [gestionUser] [nio-8081-exec-5] o.s.security.web.FilterChainProxy        : Securing OPTIONS /api/profile/me
2026-04-14T21:57:39.070+01:00 DEBUG 10256 --- [gestionUser] [nio-8081-exec-2] o.s.security.web.FilterChainProxy        : Securing GET /api/profile/me
2026-04-14T21:57:39.073+01:00  INFO 10256 --- [gestionUser] [nio-8081-exec-2] t.e.s.baladna.user.security.JwtFilter    : Request to: /api/profile/me - Auth header: present
2026-04-14T21:57:39.073+01:00  INFO 10256 --- [gestionUser] [nio-8081-exec-2] t.e.s.baladna.user.security.JwtFilter    : Token extracted (length: 171)
2026-04-14T21:57:39.081+01:00  INFO 10256 --- [gestionUser] [nio-8081-exec-2] t.e.s.baladna.user.security.JwtFilter    : Email extracted from token: fatma123@gmail.com
2026-04-14T21:57:39.085+01:00 DEBUG 10256 --- [gestionUser] [nio-8081-exec-2] org.hibernate.SQL                        : select u1_0.id,u1_0.email,u1_0.first_name,u1_0.last_login,u1_0.last_name,u1_0.password,u1_0.preferred_language,u1_0.profile_photo,u1_0.role,u1_0.status from user u1_0 where u1_0.email=?
Hibernate: select u1_0.id,u1_0.email,u1_0.first_name,u1_0.last_login,u1_0.last_name,u1_0.password,u1_0.preferred_language,u1_0.profile_photo,u1_0.role,u1_0.status from user u1_0 where u1_0.email=?
2026-04-14T21:57:39.091+01:00  INFO 10256 --- [gestionUser] [nio-8081-exec-2] t.e.s.baladna.user.security.JwtFilter    : User found: fatma123@gmail.com with role: TOURIST
2026-04-14T21:57:39.094+01:00  INFO 10256 --- [gestionUser] [nio-8081-exec-2] t.e.s.baladna.user.security.JwtFilter    : Setting authentication with role: ROLE_TOURIST
2026-04-14T21:57:39.097+01:00  INFO 10256 --- [gestionUser] [nio-8081-exec-2] t.e.s.baladna.user.security.JwtFilter    : Authentication set successfully
2026-04-14T21:57:39.097+01:00 DEBUG 10256 --- [gestionUser] [nio-8081-exec-2] o.s.security.web.FilterChainProxy        : Secured GET /api/profile/me
2026-04-14T21:57:39.098+01:00 DEBUG 10256 --- [gestionUser] [nio-8081-exec-2] o.s.web.servlet.DispatcherServlet        : GET "/api/profile/me", parameters={}
2026-04-14T21:57:39.100+01:00 DEBUG 10256 --- [gestionUser] [nio-8081-exec-2] s.w.s.m.m.a.RequestMappingHandlerMapping : Mapped to tn.esprit.spring.baladna.user.controller.UserController#getMyProfile(String)
2026-04-14T21:57:39.103+01:00 DEBUG 10256 --- [gestionUser] [nio-8081-exec-2] org.hibernate.SQL                        : select u1_0.id,u1_0.email,u1_0.first_name,u1_0.last_login,u1_0.last_name,u1_0.password,u1_0.preferred_language,u1_0.profile_photo,u1_0.role,u1_0.status from user u1_0 where u1_0.email=?
Hibernate: select u1_0.id,u1_0.email,u1_0.first_name,u1_0.last_login,u1_0.last_name,u1_0.password,u1_0.preferred_language,u1_0.profile_photo,u1_0.role,u1_0.status from user u1_0 where u1_0.email=?
2026-04-14T21:57:39.113+01:00 DEBUG 10256 --- [gestionUser] [nio-8081-exec-2] o.s.w.s.m.m.a.HttpEntityMethodProcessor  : Using 'application/json', given [application/json, text/plain, */*] and supported [application/json, application/*+json, application/yaml]
2026-04-14T21:57:39.117+01:00 DEBUG 10256 --- [gestionUser] [nio-8081-exec-2] o.s.w.s.m.m.a.HttpEntityMethodProcessor  : Writing [tn.esprit.spring.baladna.user.entity.User@57a4d686]
2026-04-14T21:57:39.118+01:00 DEBUG 10256 --- [gestionUser] [nio-8081-exec-2] o.s.web.servlet.DispatcherServlet        : Completed 200 OK
2026-04-14T21:57:41.234+01:00 DEBUG 10256 --- [gestionUser] [nio-8081-exec-8] o.s.security.web.FilterChainProxy        : Securing OPTIONS /api/transports/available
2026-04-14T21:57:41.245+01:00 DEBUG 10256 --- [gestionUser] [nio-8081-exec-4] o.s.security.web.FilterChainProxy        : Securing OPTIONS /api/stations
2026-04-14T21:57:41.245+01:00 DEBUG 10256 --- [gestionUser] [nio-8081-exec-7] o.s.security.web.FilterChainProxy        : Securing OPTIONS /api/trajets
2026-04-14T21:57:41.245+01:00 DEBUG 10256 --- [gestionUser] [io-8081-exec-10] o.s.security.web.FilterChainProxy        : Securing OPTIONS /api/reservations/me
2026-04-14T21:57:41.251+01:00 DEBUG 10256 --- [gestionUser] [nio-8081-exec-1] o.s.security.web.FilterChainProxy        : Securing GET /api/transports/available
2026-04-14T21:57:41.253+01:00  INFO 10256 --- [gestionUser] [nio-8081-exec-1] t.e.s.baladna.user.security.JwtFilter    : Request to: /api/transports/available - Auth header: present
2026-04-14T21:57:41.255+01:00  INFO 10256 --- [gestionUser] [nio-8081-exec-1] t.e.s.baladna.user.security.JwtFilter    : Token extracted (length: 171)
2026-04-14T21:57:41.257+01:00 DEBUG 10256 --- [gestionUser] [nio-8081-exec-9] o.s.security.web.FilterChainProxy        : Securing GET /api/trajets
2026-04-14T21:57:41.257+01:00 DEBUG 10256 --- [gestionUser] [nio-8081-exec-6] o.s.security.web.FilterChainProxy        : Securing GET /api/stations
2026-04-14T21:57:41.259+01:00 DEBUG 10256 --- [gestionUser] [nio-8081-exec-3] o.s.security.web.FilterChainProxy        : Securing GET /api/reservations/me
2026-04-14T21:57:41.266+01:00  INFO 10256 --- [gestionUser] [nio-8081-exec-3] t.e.s.baladna.user.security.JwtFilter    : Request to: /api/reservations/me - Auth header: present
2026-04-14T21:57:41.268+01:00  INFO 10256 --- [gestionUser] [nio-8081-exec-3] t.e.s.baladna.user.security.JwtFilter    : Token extracted (length: 171)
2026-04-14T21:57:41.261+01:00  INFO 10256 --- [gestionUser] [nio-8081-exec-1] t.e.s.baladna.user.security.JwtFilter    : Email extracted from token: fatma123@gmail.com
2026-04-14T21:57:41.269+01:00  INFO 10256 --- [gestionUser] [nio-8081-exec-9] t.e.s.baladna.user.security.JwtFilter    : Request to: /api/trajets - Auth header: present
2026-04-14T21:57:41.271+01:00  INFO 10256 --- [gestionUser] [nio-8081-exec-9] t.e.s.baladna.user.security.JwtFilter    : Token extracted (length: 171)
2026-04-14T21:57:41.272+01:00 DEBUG 10256 --- [gestionUser] [nio-8081-exec-1] org.hibernate.SQL                        : select u1_0.id,u1_0.email,u1_0.first_name,u1_0.last_login,u1_0.last_name,u1_0.password,u1_0.preferred_language,u1_0.profile_photo,u1_0.role,u1_0.status from user u1_0 where u1_0.email=?
Hibernate: select u1_0.id,u1_0.email,u1_0.first_name,u1_0.last_login,u1_0.last_name,u1_0.password,u1_0.preferred_language,u1_0.profile_photo,u1_0.role,u1_0.status from user u1_0 where u1_0.email=?
2026-04-14T21:57:41.270+01:00  INFO 10256 --- [gestionUser] [nio-8081-exec-6] t.e.s.baladna.user.security.JwtFilter    : Request to: /api/stations - Auth header: present
2026-04-14T21:57:41.271+01:00  INFO 10256 --- [gestionUser] [nio-8081-exec-3] t.e.s.baladna.user.security.JwtFilter    : Email extracted from token: fatma123@gmail.com
2026-04-14T21:57:41.274+01:00  INFO 10256 --- [gestionUser] [nio-8081-exec-6] t.e.s.baladna.user.security.JwtFilter    : Token extracted (length: 171)
2026-04-14T21:57:41.277+01:00 DEBUG 10256 --- [gestionUser] [nio-8081-exec-3] org.hibernate.SQL                        : select u1_0.id,u1_0.email,u1_0.first_name,u1_0.last_login,u1_0.last_name,u1_0.password,u1_0.preferred_language,u1_0.profile_photo,u1_0.role,u1_0.status from user u1_0 where u1_0.email=?
Hibernate: select u1_0.id,u1_0.email,u1_0.first_name,u1_0.last_login,u1_0.last_name,u1_0.password,u1_0.preferred_language,u1_0.profile_photo,u1_0.role,u1_0.status from user u1_0 where u1_0.email=?
2026-04-14T21:57:41.274+01:00  INFO 10256 --- [gestionUser] [nio-8081-exec-9] t.e.s.baladna.user.security.JwtFilter    : Email extracted from token: fatma123@gmail.com
2026-04-14T21:57:41.277+01:00  INFO 10256 --- [gestionUser] [nio-8081-exec-1] t.e.s.baladna.user.security.JwtFilter    : User found: fatma123@gmail.com with role: TOURIST
2026-04-14T21:57:41.279+01:00  INFO 10256 --- [gestionUser] [nio-8081-exec-6] t.e.s.baladna.user.security.JwtFilter    : Email extracted from token: fatma123@gmail.com
2026-04-14T21:57:41.280+01:00  INFO 10256 --- [gestionUser] [nio-8081-exec-1] t.e.s.baladna.user.security.JwtFilter    : Setting authentication with role: ROLE_TOURIST
2026-04-14T21:57:41.281+01:00 DEBUG 10256 --- [gestionUser] [nio-8081-exec-9] org.hibernate.SQL                        : select u1_0.id,u1_0.email,u1_0.first_name,u1_0.last_login,u1_0.last_name,u1_0.password,u1_0.preferred_language,u1_0.profile_photo,u1_0.role,u1_0.status from user u1_0 where u1_0.email=?
Hibernate: select u1_0.id,u1_0.email,u1_0.first_name,u1_0.last_login,u1_0.last_name,u1_0.password,u1_0.preferred_language,u1_0.profile_photo,u1_0.role,u1_0.status from user u1_0 where u1_0.email=?
2026-04-14T21:57:41.281+01:00  INFO 10256 --- [gestionUser] [nio-8081-exec-1] t.e.s.baladna.user.security.JwtFilter    : Authentication set successfully
2026-04-14T21:57:41.281+01:00 DEBUG 10256 --- [gestionUser] [nio-8081-exec-6] org.hibernate.SQL                        : select u1_0.id,u1_0.email,u1_0.first_name,u1_0.last_login,u1_0.last_name,u1_0.password,u1_0.preferred_language,u1_0.profile_photo,u1_0.role,u1_0.status from user u1_0 where u1_0.email=?
Hibernate: select u1_0.id,u1_0.email,u1_0.first_name,u1_0.last_login,u1_0.last_name,u1_0.password,u1_0.preferred_language,u1_0.profile_photo,u1_0.role,u1_0.status from user u1_0 where u1_0.email=?
2026-04-14T21:57:41.281+01:00  INFO 10256 --- [gestionUser] [nio-8081-exec-3] t.e.s.baladna.user.security.JwtFilter    : User found: fatma123@gmail.com with role: TOURIST
2026-04-14T21:57:41.283+01:00 DEBUG 10256 --- [gestionUser] [nio-8081-exec-1] o.s.security.web.FilterChainProxy        : Secured GET /api/transports/available
2026-04-14T21:57:41.285+01:00  INFO 10256 --- [gestionUser] [nio-8081-exec-9] t.e.s.baladna.user.security.JwtFilter    : User found: fatma123@gmail.com with role: TOURIST
2026-04-14T21:57:41.285+01:00  INFO 10256 --- [gestionUser] [nio-8081-exec-3] t.e.s.baladna.user.security.JwtFilter    : Setting authentication with role: ROLE_TOURIST
2026-04-14T21:57:41.285+01:00  INFO 10256 --- [gestionUser] [nio-8081-exec-6] t.e.s.baladna.user.security.JwtFilter    : User found: fatma123@gmail.com with role: TOURIST
2026-04-14T21:57:41.285+01:00 DEBUG 10256 --- [gestionUser] [nio-8081-exec-1] o.s.web.servlet.DispatcherServlet        : GET "/api/transports/available", parameters={}
2026-04-14T21:57:41.285+01:00  INFO 10256 --- [gestionUser] [nio-8081-exec-9] t.e.s.baladna.user.security.JwtFilter    : Setting authentication with role: ROLE_TOURIST
2026-04-14T21:57:41.285+01:00  INFO 10256 --- [gestionUser] [nio-8081-exec-3] t.e.s.baladna.user.security.JwtFilter    : Authentication set successfully
2026-04-14T21:57:41.288+01:00  INFO 10256 --- [gestionUser] [nio-8081-exec-6] t.e.s.baladna.user.security.JwtFilter    : Setting authentication with role: ROLE_TOURIST
2026-04-14T21:57:41.289+01:00 DEBUG 10256 --- [gestionUser] [nio-8081-exec-1] s.w.s.m.m.a.RequestMappingHandlerMapping : Mapped to tn.esprit.spring.baladna.transport.controller.TransportController#getAvailableTransports()
2026-04-14T21:57:41.291+01:00  INFO 10256 --- [gestionUser] [nio-8081-exec-9] t.e.s.baladna.user.security.JwtFilter    : Authentication set successfully
2026-04-14T21:57:41.292+01:00 DEBUG 10256 --- [gestionUser] [nio-8081-exec-3] o.s.security.web.FilterChainProxy        : Secured GET /api/reservations/me
2026-04-14T21:57:41.292+01:00  INFO 10256 --- [gestionUser] [nio-8081-exec-6] t.e.s.baladna.user.security.JwtFilter    : Authentication set successfully
2026-04-14T21:57:41.294+01:00 DEBUG 10256 --- [gestionUser] [nio-8081-exec-9] o.s.security.web.FilterChainProxy        : Secured GET /api/trajets
2026-04-14T21:57:41.294+01:00 DEBUG 10256 --- [gestionUser] [nio-8081-exec-3] o.s.web.servlet.DispatcherServlet        : GET "/api/reservations/me", parameters={}
2026-04-14T21:57:41.294+01:00 DEBUG 10256 --- [gestionUser] [nio-8081-exec-6] o.s.security.web.FilterChainProxy        : Secured GET /api/stations
2026-04-14T21:57:41.294+01:00 DEBUG 10256 --- [gestionUser] [nio-8081-exec-9] o.s.web.servlet.DispatcherServlet        : GET "/api/trajets", parameters={}
2026-04-14T21:57:41.294+01:00 DEBUG 10256 --- [gestionUser] [nio-8081-exec-3] s.w.s.m.m.a.RequestMappingHandlerMapping : Mapped to tn.esprit.spring.baladna.transport.controller.ReservationController#getMyReservations(Authentication)
2026-04-14T21:57:41.294+01:00 DEBUG 10256 --- [gestionUser] [nio-8081-exec-6] o.s.web.servlet.DispatcherServlet        : GET "/api/stations", parameters={}
2026-04-14T21:57:41.294+01:00 DEBUG 10256 --- [gestionUser] [nio-8081-exec-9] s.w.s.m.m.a.RequestMappingHandlerMapping : Mapped to tn.esprit.spring.baladna.transport.controller.TrajetController#getAllTrajets()
2026-04-14T21:57:41.294+01:00 DEBUG 10256 --- [gestionUser] [nio-8081-exec-6] s.w.s.m.m.a.RequestMappingHandlerMapping : Mapped to tn.esprit.spring.baladna.transport.controller.StationController#getAllStations()
2026-04-14T21:57:41.301+01:00 DEBUG 10256 --- [gestionUser] [nio-8081-exec-6] org.hibernate.SQL                        : select s1_0.id,s1_0.city,s1_0.downtown,s1_0.latitude,s1_0.longitude,s1_0.name,s1_0.surcharge from stations s1_0
Hibernate: select s1_0.id,s1_0.city,s1_0.downtown,s1_0.latitude,s1_0.longitude,s1_0.name,s1_0.surcharge from stations s1_0
2026-04-14T21:57:41.301+01:00 DEBUG 10256 --- [gestionUser] [nio-8081-exec-9] org.hibernate.SQL                        : select t1_0.id,t1_0.arrival_station_id,t1_0.departure_station_id,t1_0.distance_km,t1_0.estimated_duration_minutes,t1_0.price_per_km,t1_0.route_geo_json from trajets t1_0
Hibernate: select t1_0.id,t1_0.arrival_station_id,t1_0.departure_station_id,t1_0.distance_km,t1_0.estimated_duration_minutes,t1_0.price_per_km,t1_0.route_geo_json from trajets t1_0
2026-04-14T21:57:41.305+01:00 DEBUG 10256 --- [gestionUser] [nio-8081-exec-9] org.hibernate.SQL                        : select s1_0.id,s1_0.city,s1_0.downtown,s1_0.latitude,s1_0.longitude,s1_0.name,s1_0.surcharge from stations s1_0 where s1_0.id=?
Hibernate: select s1_0.id,s1_0.city,s1_0.downtown,s1_0.latitude,s1_0.longitude,s1_0.name,s1_0.surcharge from stations s1_0 where s1_0.id=?
2026-04-14T21:57:41.307+01:00 DEBUG 10256 --- [gestionUser] [nio-8081-exec-1] org.hibernate.SQL                        : select t1_0.id,t1_0.available_seats,t1_0.base_price,t1_0.departure_date,t1_0.departure_point,t1_0.status,t1_0.total_capacity,t1_0.traffic_jam,t1_0.trajet_id,t1_0.weather,t1_0.weather_source from transports t1_0 where t1_0.departure_date>? and t1_0.available_seats>0 and t1_0.status<>'CANCELLED'
Hibernate: select t1_0.id,t1_0.available_seats,t1_0.base_price,t1_0.departure_date,t1_0.departure_point,t1_0.status,t1_0.total_capacity,t1_0.traffic_jam,t1_0.trajet_id,t1_0.weather,t1_0.weather_source from transports t1_0 where t1_0.departure_date>? and t1_0.available_seats>0 and t1_0.status<>'CANCELLED'
2026-04-14T21:57:41.307+01:00 DEBUG 10256 --- [gestionUser] [nio-8081-exec-6] m.m.a.RequestResponseBodyMethodProcessor : Using 'application/json', given [application/json, text/plain, */*] and supported [application/json, application/*+json, application/yaml]
2026-04-14T21:57:41.307+01:00 DEBUG 10256 --- [gestionUser] [nio-8081-exec-9] org.hibernate.SQL                        : select s1_0.id,s1_0.city,s1_0.downtown,s1_0.latitude,s1_0.longitude,s1_0.name,s1_0.surcharge from stations s1_0 where s1_0.id=?
Hibernate: select s1_0.id,s1_0.city,s1_0.downtown,s1_0.latitude,s1_0.longitude,s1_0.name,s1_0.surcharge from stations s1_0 where s1_0.id=?
2026-04-14T21:57:41.310+01:00 DEBUG 10256 --- [gestionUser] [nio-8081-exec-6] m.m.a.RequestResponseBodyMethodProcessor : Writing [[StationDTO(id=5, name=Barcelone, city=kbeli, surcharge=3.0, downtown=true, latitude=0.0, longitude= (truncated)...]
2026-04-14T21:57:41.313+01:00 DEBUG 10256 --- [gestionUser] [nio-8081-exec-1] org.hibernate.SQL                        : select t1_0.id,t1_0.arrival_station_id,as1_0.id,as1_0.city,as1_0.downtown,as1_0.latitude,as1_0.longitude,as1_0.name,as1_0.surcharge,t1_0.departure_station_id,ds1_0.id,ds1_0.city,ds1_0.downtown,ds1_0.latitude,ds1_0.longitude,ds1_0.name,ds1_0.surcharge,t1_0.distance_km,t1_0.estimated_duration_minutes,t1_0.price_per_km,t1_0.route_geo_json from trajets t1_0 join stations as1_0 on as1_0.id=t1_0.arrival_station_id join stations ds1_0 on ds1_0.id=t1_0.departure_station_id where t1_0.id=?
Hibernate: select t1_0.id,t1_0.arrival_station_id,as1_0.id,as1_0.city,as1_0.downtown,as1_0.latitude,as1_0.longitude,as1_0.name,as1_0.surcharge,t1_0.departure_station_id,ds1_0.id,ds1_0.city,ds1_0.downtown,ds1_0.latitude,ds1_0.longitude,ds1_0.name,ds1_0.surcharge,t1_0.distance_km,t1_0.estimated_duration_minutes,t1_0.price_per_km,t1_0.route_geo_json from trajets t1_0 join stations as1_0 on as1_0.id=t1_0.arrival_station_id join stations ds1_0 on ds1_0.id=t1_0.departure_station_id where t1_0.id=?
2026-04-14T21:57:41.313+01:00 DEBUG 10256 --- [gestionUser] [nio-8081-exec-6] o.s.web.servlet.DispatcherServlet        : Completed 200 OK
2026-04-14T21:57:41.316+01:00 DEBUG 10256 --- [gestionUser] [nio-8081-exec-9] org.hibernate.SQL                        : select s1_0.id,s1_0.city,s1_0.downtown,s1_0.latitude,s1_0.longitude,s1_0.name,s1_0.surcharge from stations s1_0 where s1_0.id=?
Hibernate: select s1_0.id,s1_0.city,s1_0.downtown,s1_0.latitude,s1_0.longitude,s1_0.name,s1_0.surcharge from stations s1_0 where s1_0.id=?
2026-04-14T21:57:41.320+01:00 DEBUG 10256 --- [gestionUser] [nio-8081-exec-1] org.hibernate.SQL                        : select t1_0.id,t1_0.arrival_station_id,as1_0.id,as1_0.city,as1_0.downtown,as1_0.latitude,as1_0.longitude,as1_0.name,as1_0.surcharge,t1_0.departure_station_id,ds1_0.id,ds1_0.city,ds1_0.downtown,ds1_0.latitude,ds1_0.longitude,ds1_0.name,ds1_0.surcharge,t1_0.distance_km,t1_0.estimated_duration_minutes,t1_0.price_per_km,t1_0.route_geo_json from trajets t1_0 join stations as1_0 on as1_0.id=t1_0.arrival_station_id join stations ds1_0 on ds1_0.id=t1_0.departure_station_id where t1_0.id=?
Hibernate: select t1_0.id,t1_0.arrival_station_id,as1_0.id,as1_0.city,as1_0.downtown,as1_0.latitude,as1_0.longitude,as1_0.name,as1_0.surcharge,t1_0.departure_station_id,ds1_0.id,ds1_0.city,ds1_0.downtown,ds1_0.latitude,ds1_0.longitude,ds1_0.name,ds1_0.surcharge,t1_0.distance_km,t1_0.estimated_duration_minutes,t1_0.price_per_km,t1_0.route_geo_json from trajets t1_0 join stations as1_0 on as1_0.id=t1_0.arrival_station_id join stations ds1_0 on ds1_0.id=t1_0.departure_station_id where t1_0.id=?
2026-04-14T21:57:41.322+01:00 DEBUG 10256 --- [gestionUser] [nio-8081-exec-9] org.hibernate.SQL                        : select s1_0.id,s1_0.city,s1_0.downtown,s1_0.latitude,s1_0.longitude,s1_0.name,s1_0.surcharge from stations s1_0 where s1_0.id=?
Hibernate: select s1_0.id,s1_0.city,s1_0.downtown,s1_0.latitude,s1_0.longitude,s1_0.name,s1_0.surcharge from stations s1_0 where s1_0.id=?
2026-04-14T21:57:41.322+01:00 DEBUG 10256 --- [gestionUser] [nio-8081-exec-3] org.hibernate.SQL                        : select r1_0.id,r1_0.boarding_point,r1_0.reservation_date,r1_0.reserved_seats,r1_0.status,r1_0.total_price,r1_0.transport_id,r1_0.user_id from reservations r1_0 left join user u1_0 on u1_0.id=r1_0.user_id where u1_0.email=?
Hibernate: select r1_0.id,r1_0.boarding_point,r1_0.reservation_date,r1_0.reserved_seats,r1_0.status,r1_0.total_price,r1_0.transport_id,r1_0.user_id from reservations r1_0 left join user u1_0 on u1_0.id=r1_0.user_id where u1_0.email=?
2026-04-14T21:57:41.324+01:00 DEBUG 10256 --- [gestionUser] [nio-8081-exec-1] org.hibernate.SQL                        : select t1_0.id,t1_0.arrival_station_id,as1_0.id,as1_0.city,as1_0.downtown,as1_0.latitude,as1_0.longitude,as1_0.name,as1_0.surcharge,t1_0.departure_station_id,ds1_0.id,ds1_0.city,ds1_0.downtown,ds1_0.latitude,ds1_0.longitude,ds1_0.name,ds1_0.surcharge,t1_0.distance_km,t1_0.estimated_duration_minutes,t1_0.price_per_km,t1_0.route_geo_json from trajets t1_0 join stations as1_0 on as1_0.id=t1_0.arrival_station_id join stations ds1_0 on ds1_0.id=t1_0.departure_station_id where t1_0.id=?
Hibernate: select t1_0.id,t1_0.arrival_station_id,as1_0.id,as1_0.city,as1_0.downtown,as1_0.latitude,as1_0.longitude,as1_0.name,as1_0.surcharge,t1_0.departure_station_id,ds1_0.id,ds1_0.city,ds1_0.downtown,ds1_0.latitude,ds1_0.longitude,ds1_0.name,ds1_0.surcharge,t1_0.distance_km,t1_0.estimated_duration_minutes,t1_0.price_per_km,t1_0.route_geo_json from trajets t1_0 join stations as1_0 on as1_0.id=t1_0.arrival_station_id join stations ds1_0 on ds1_0.id=t1_0.departure_station_id where t1_0.id=?
2026-04-14T21:57:41.324+01:00 DEBUG 10256 --- [gestionUser] [nio-8081-exec-9] org.hibernate.SQL                        : select s1_0.id,s1_0.city,s1_0.downtown,s1_0.latitude,s1_0.longitude,s1_0.name,s1_0.surcharge from stations s1_0 where s1_0.id=?
Hibernate: select s1_0.id,s1_0.city,s1_0.downtown,s1_0.latitude,s1_0.longitude,s1_0.name,s1_0.surcharge from stations s1_0 where s1_0.id=?
2026-04-14T21:57:41.327+01:00 DEBUG 10256 --- [gestionUser] [nio-8081-exec-3] org.hibernate.SQL                        : select t1_0.id,t1_0.available_seats,t1_0.base_price,t1_0.departure_date,t1_0.departure_point,t1_0.status,t1_0.total_capacity,t1_0.traffic_jam,t1_0.trajet_id,t2_0.id,t2_0.arrival_station_id,as1_0.id,as1_0.city,as1_0.downtown,as1_0.latitude,as1_0.longitude,as1_0.name,as1_0.surcharge,t2_0.departure_station_id,ds1_0.id,ds1_0.city,ds1_0.downtown,ds1_0.latitude,ds1_0.longitude,ds1_0.name,ds1_0.surcharge,t2_0.distance_km,t2_0.estimated_duration_minutes,t2_0.price_per_km,t2_0.route_geo_json,t1_0.weather,t1_0.weather_source from transports t1_0 join trajets t2_0 on t2_0.id=t1_0.trajet_id join stations as1_0 on as1_0.id=t2_0.arrival_station_id join stations ds1_0 on ds1_0.id=t2_0.departure_station_id where t1_0.id=?
Hibernate: select t1_0.id,t1_0.available_seats,t1_0.base_price,t1_0.departure_date,t1_0.departure_point,t1_0.status,t1_0.total_capacity,t1_0.traffic_jam,t1_0.trajet_id,t2_0.id,t2_0.arrival_station_id,as1_0.id,as1_0.city,as1_0.downtown,as1_0.latitude,as1_0.longitude,as1_0.name,as1_0.surcharge,t2_0.departure_station_id,ds1_0.id,ds1_0.city,ds1_0.downtown,ds1_0.latitude,ds1_0.longitude,ds1_0.name,ds1_0.surcharge,t2_0.distance_km,t2_0.estimated_duration_minutes,t2_0.price_per_km,t2_0.route_geo_json,t1_0.weather,t1_0.weather_source from transports t1_0 join trajets t2_0 on t2_0.id=t1_0.trajet_id join stations as1_0 on as1_0.id=t2_0.arrival_station_id join stations ds1_0 on ds1_0.id=t2_0.departure_station_id where t1_0.id=?
2026-04-14T21:57:41.336+01:00 DEBUG 10256 --- [gestionUser] [nio-8081-exec-1] org.hibernate.SQL                        : select t1_0.id,t1_0.arrival_station_id,as1_0.id,as1_0.city,as1_0.downtown,as1_0.latitude,as1_0.longitude,as1_0.name,as1_0.surcharge,t1_0.departure_station_id,ds1_0.id,ds1_0.city,ds1_0.downtown,ds1_0.latitude,ds1_0.longitude,ds1_0.name,ds1_0.surcharge,t1_0.distance_km,t1_0.estimated_duration_minutes,t1_0.price_per_km,t1_0.route_geo_json from trajets t1_0 join stations as1_0 on as1_0.id=t1_0.arrival_station_id join stations ds1_0 on ds1_0.id=t1_0.departure_station_id where t1_0.id=?
Hibernate: select t1_0.id,t1_0.arrival_station_id,as1_0.id,as1_0.city,as1_0.downtown,as1_0.latitude,as1_0.longitude,as1_0.name,as1_0.surcharge,t1_0.departure_station_id,ds1_0.id,ds1_0.city,ds1_0.downtown,ds1_0.latitude,ds1_0.longitude,ds1_0.name,ds1_0.surcharge,t1_0.distance_km,t1_0.estimated_duration_minutes,t1_0.price_per_km,t1_0.route_geo_json from trajets t1_0 join stations as1_0 on as1_0.id=t1_0.arrival_station_id join stations ds1_0 on ds1_0.id=t1_0.departure_station_id where t1_0.id=?
2026-04-14T21:57:41.336+01:00 DEBUG 10256 --- [gestionUser] [nio-8081-exec-9] org.hibernate.SQL                        : select s1_0.id,s1_0.city,s1_0.downtown,s1_0.latitude,s1_0.longitude,s1_0.name,s1_0.surcharge from stations s1_0 where s1_0.id=?
Hibernate: select s1_0.id,s1_0.city,s1_0.downtown,s1_0.latitude,s1_0.longitude,s1_0.name,s1_0.surcharge from stations s1_0 where s1_0.id=?
2026-04-14T21:57:41.337+01:00 DEBUG 10256 --- [gestionUser] [nio-8081-exec-3] org.hibernate.SQL                        : select u1_0.id,u1_0.email,u1_0.first_name,u1_0.last_login,u1_0.last_name,u1_0.password,u1_0.preferred_language,u1_0.profile_photo,u1_0.role,u1_0.status from user u1_0 where u1_0.id=?
Hibernate: select u1_0.id,u1_0.email,u1_0.first_name,u1_0.last_login,u1_0.last_name,u1_0.password,u1_0.preferred_language,u1_0.profile_photo,u1_0.role,u1_0.status from user u1_0 where u1_0.id=?
2026-04-14T21:57:41.339+01:00 DEBUG 10256 --- [gestionUser] [nio-8081-exec-1] org.hibernate.SQL                        : select t1_0.id,t1_0.arrival_station_id,as1_0.id,as1_0.city,as1_0.downtown,as1_0.latitude,as1_0.longitude,as1_0.name,as1_0.surcharge,t1_0.departure_station_id,ds1_0.id,ds1_0.city,ds1_0.downtown,ds1_0.latitude,ds1_0.longitude,ds1_0.name,ds1_0.surcharge,t1_0.distance_km,t1_0.estimated_duration_minutes,t1_0.price_per_km,t1_0.route_geo_json from trajets t1_0 join stations as1_0 on as1_0.id=t1_0.arrival_station_id join stations ds1_0 on ds1_0.id=t1_0.departure_station_id where t1_0.id=?
Hibernate: select t1_0.id,t1_0.arrival_station_id,as1_0.id,as1_0.city,as1_0.downtown,as1_0.latitude,as1_0.longitude,as1_0.name,as1_0.surcharge,t1_0.departure_station_id,ds1_0.id,ds1_0.city,ds1_0.downtown,ds1_0.latitude,ds1_0.longitude,ds1_0.name,ds1_0.surcharge,t1_0.distance_km,t1_0.estimated_duration_minutes,t1_0.price_per_km,t1_0.route_geo_json from trajets t1_0 join stations as1_0 on as1_0.id=t1_0.arrival_station_id join stations ds1_0 on ds1_0.id=t1_0.departure_station_id where t1_0.id=?
2026-04-14T21:57:41.339+01:00 DEBUG 10256 --- [gestionUser] [nio-8081-exec-9] org.hibernate.SQL                        : select s1_0.id,s1_0.city,s1_0.downtown,s1_0.latitude,s1_0.longitude,s1_0.name,s1_0.surcharge from stations s1_0 where s1_0.id=?
Hibernate: select s1_0.id,s1_0.city,s1_0.downtown,s1_0.latitude,s1_0.longitude,s1_0.name,s1_0.surcharge from stations s1_0 where s1_0.id=?
2026-04-14T21:57:41.339+01:00 DEBUG 10256 --- [gestionUser] [nio-8081-exec-3] org.hibernate.SQL                        : select t1_0.id,t1_0.available_seats,t1_0.base_price,t1_0.departure_date,t1_0.departure_point,t1_0.status,t1_0.total_capacity,t1_0.traffic_jam,t1_0.trajet_id,t2_0.id,t2_0.arrival_station_id,as1_0.id,as1_0.city,as1_0.downtown,as1_0.latitude,as1_0.longitude,as1_0.name,as1_0.surcharge,t2_0.departure_station_id,ds1_0.id,ds1_0.city,ds1_0.downtown,ds1_0.latitude,ds1_0.longitude,ds1_0.name,ds1_0.surcharge,t2_0.distance_km,t2_0.estimated_duration_minutes,t2_0.price_per_km,t2_0.route_geo_json,t1_0.weather,t1_0.weather_source from transports t1_0 join trajets t2_0 on t2_0.id=t1_0.trajet_id join stations as1_0 on as1_0.id=t2_0.arrival_station_id join stations ds1_0 on ds1_0.id=t2_0.departure_station_id where t1_0.id=?
Hibernate: select t1_0.id,t1_0.available_seats,t1_0.base_price,t1_0.departure_date,t1_0.departure_point,t1_0.status,t1_0.total_capacity,t1_0.traffic_jam,t1_0.trajet_id,t2_0.id,t2_0.arrival_station_id,as1_0.id,as1_0.city,as1_0.downtown,as1_0.latitude,as1_0.longitude,as1_0.name,as1_0.surcharge,t2_0.departure_station_id,ds1_0.id,ds1_0.city,ds1_0.downtown,ds1_0.latitude,ds1_0.longitude,ds1_0.name,ds1_0.surcharge,t2_0.distance_km,t2_0.estimated_duration_minutes,t2_0.price_per_km,t2_0.route_geo_json,t1_0.weather,t1_0.weather_source from transports t1_0 join trajets t2_0 on t2_0.id=t1_0.trajet_id join stations as1_0 on as1_0.id=t2_0.arrival_station_id join stations ds1_0 on ds1_0.id=t2_0.departure_station_id where t1_0.id=?
2026-04-14T21:57:41.342+01:00 DEBUG 10256 --- [gestionUser] [nio-8081-exec-9] org.hibernate.SQL                        : select s1_0.id,s1_0.city,s1_0.downtown,s1_0.latitude,s1_0.longitude,s1_0.name,s1_0.surcharge from stations s1_0 where s1_0.id=?
Hibernate: select s1_0.id,s1_0.city,s1_0.downtown,s1_0.latitude,s1_0.longitude,s1_0.name,s1_0.surcharge from stations s1_0 where s1_0.id=?
2026-04-14T21:57:41.342+01:00 DEBUG 10256 --- [gestionUser] [nio-8081-exec-1] org.hibernate.SQL                        : select t1_0.id,t1_0.arrival_station_id,as1_0.id,as1_0.city,as1_0.downtown,as1_0.latitude,as1_0.longitude,as1_0.name,as1_0.surcharge,t1_0.departure_station_id,ds1_0.id,ds1_0.city,ds1_0.downtown,ds1_0.latitude,ds1_0.longitude,ds1_0.name,ds1_0.surcharge,t1_0.distance_km,t1_0.estimated_duration_minutes,t1_0.price_per_km,t1_0.route_geo_json from trajets t1_0 join stations as1_0 on as1_0.id=t1_0.arrival_station_id join stations ds1_0 on ds1_0.id=t1_0.departure_station_id where t1_0.id=?
Hibernate: select t1_0.id,t1_0.arrival_station_id,as1_0.id,as1_0.city,as1_0.downtown,as1_0.latitude,as1_0.longitude,as1_0.name,as1_0.surcharge,t1_0.departure_station_id,ds1_0.id,ds1_0.city,ds1_0.downtown,ds1_0.latitude,ds1_0.longitude,ds1_0.name,ds1_0.surcharge,t1_0.distance_km,t1_0.estimated_duration_minutes,t1_0.price_per_km,t1_0.route_geo_json from trajets t1_0 join stations as1_0 on as1_0.id=t1_0.arrival_station_id join stations ds1_0 on ds1_0.id=t1_0.departure_station_id where t1_0.id=?
2026-04-14T21:57:41.346+01:00 DEBUG 10256 --- [gestionUser] [nio-8081-exec-9] org.hibernate.SQL                        : select s1_0.id,s1_0.city,s1_0.downtown,s1_0.latitude,s1_0.longitude,s1_0.name,s1_0.surcharge from stations s1_0 where s1_0.id=?
Hibernate: select s1_0.id,s1_0.city,s1_0.downtown,s1_0.latitude,s1_0.longitude,s1_0.name,s1_0.surcharge from stations s1_0 where s1_0.id=?
2026-04-14T21:57:41.346+01:00 DEBUG 10256 --- [gestionUser] [nio-8081-exec-3] org.hibernate.SQL                        : select t1_0.id,t1_0.available_seats,t1_0.base_price,t1_0.departure_date,t1_0.departure_point,t1_0.status,t1_0.total_capacity,t1_0.traffic_jam,t1_0.trajet_id,t2_0.id,t2_0.arrival_station_id,as1_0.id,as1_0.city,as1_0.downtown,as1_0.latitude,as1_0.longitude,as1_0.name,as1_0.surcharge,t2_0.departure_station_id,ds1_0.id,ds1_0.city,ds1_0.downtown,ds1_0.latitude,ds1_0.longitude,ds1_0.name,ds1_0.surcharge,t2_0.distance_km,t2_0.estimated_duration_minutes,t2_0.price_per_km,t2_0.route_geo_json,t1_0.weather,t1_0.weather_source from transports t1_0 join trajets t2_0 on t2_0.id=t1_0.trajet_id join stations as1_0 on as1_0.id=t2_0.arrival_station_id join stations ds1_0 on ds1_0.id=t2_0.departure_station_id where t1_0.id=?
Hibernate: select t1_0.id,t1_0.available_seats,t1_0.base_price,t1_0.departure_date,t1_0.departure_point,t1_0.status,t1_0.total_capacity,t1_0.traffic_jam,t1_0.trajet_id,t2_0.id,t2_0.arrival_station_id,as1_0.id,as1_0.city,as1_0.downtown,as1_0.latitude,as1_0.longitude,as1_0.name,as1_0.surcharge,t2_0.departure_station_id,ds1_0.id,ds1_0.city,ds1_0.downtown,ds1_0.latitude,ds1_0.longitude,ds1_0.name,ds1_0.surcharge,t2_0.distance_km,t2_0.estimated_duration_minutes,t2_0.price_per_km,t2_0.route_geo_json,t1_0.weather,t1_0.weather_source from transports t1_0 join trajets t2_0 on t2_0.id=t1_0.trajet_id join stations as1_0 on as1_0.id=t2_0.arrival_station_id join stations ds1_0 on ds1_0.id=t2_0.departure_station_id where t1_0.id=?
2026-04-14T21:57:41.350+01:00 DEBUG 10256 --- [gestionUser] [nio-8081-exec-1] org.hibernate.SQL                        : select t1_0.id,t1_0.arrival_station_id,as1_0.id,as1_0.city,as1_0.downtown,as1_0.latitude,as1_0.longitude,as1_0.name,as1_0.surcharge,t1_0.departure_station_id,ds1_0.id,ds1_0.city,ds1_0.downtown,ds1_0.latitude,ds1_0.longitude,ds1_0.name,ds1_0.surcharge,t1_0.distance_km,t1_0.estimated_duration_minutes,t1_0.price_per_km,t1_0.route_geo_json from trajets t1_0 join stations as1_0 on as1_0.id=t1_0.arrival_station_id join stations ds1_0 on ds1_0.id=t1_0.departure_station_id where t1_0.id=?
Hibernate: select t1_0.id,t1_0.arrival_station_id,as1_0.id,as1_0.city,as1_0.downtown,as1_0.latitude,as1_0.longitude,as1_0.name,as1_0.surcharge,t1_0.departure_station_id,ds1_0.id,ds1_0.city,ds1_0.downtown,ds1_0.latitude,ds1_0.longitude,ds1_0.name,ds1_0.surcharge,t1_0.distance_km,t1_0.estimated_duration_minutes,t1_0.price_per_km,t1_0.route_geo_json from trajets t1_0 join stations as1_0 on as1_0.id=t1_0.arrival_station_id join stations ds1_0 on ds1_0.id=t1_0.departure_station_id where t1_0.id=?
2026-04-14T21:57:41.350+01:00 DEBUG 10256 --- [gestionUser] [nio-8081-exec-9] org.hibernate.SQL                        : select s1_0.id,s1_0.city,s1_0.downtown,s1_0.latitude,s1_0.longitude,s1_0.name,s1_0.surcharge from stations s1_0 where s1_0.id=?
2026-04-14T21:57:41.352+01:00 DEBUG 10256 --- [gestionUser] [nio-8081-exec-3] org.hibernate.SQL                        : select t1_0.id,t1_0.available_seats,t1_0.base_price,t1_0.departure_date,t1_0.departure_point,t1_0.status,t1_0.total_capacity,t1_0.traffic_jam,t1_0.trajet_id,t2_0.id,t2_0.arrival_station_id,as1_0.id,as1_0.city,as1_0.downtown,as1_0.latitude,as1_0.longitude,as1_0.name,as1_0.surcharge,t2_0.departure_station_id,ds1_0.id,ds1_0.city,ds1_0.downtown,ds1_0.latitude,ds1_0.longitude,ds1_0.name,ds1_0.surcharge,t2_0.distance_km,t2_0.estimated_duration_minutes,t2_0.price_per_km,t2_0.route_geo_json,t1_0.weather,t1_0.weather_source from transports t1_0 join trajets t2_0 on t2_0.id=t1_0.trajet_id join stations as1_0 on as1_0.id=t2_0.arrival_station_id join stations ds1_0 on ds1_0.id=t2_0.departure_station_id where t1_0.id=?
Hibernate: select t1_0.id,t1_0.available_seats,t1_0.base_price,t1_0.departure_date,t1_0.departure_point,t1_0.status,t1_0.total_capacity,t1_0.traffic_jam,t1_0.trajet_id,t2_0.id,t2_0.arrival_station_id,as1_0.id,as1_0.city,as1_0.downtown,as1_0.latitude,as1_0.longitude,as1_0.name,as1_0.surcharge,t2_0.departure_station_id,ds1_0.id,ds1_0.city,ds1_0.downtown,ds1_0.latitude,ds1_0.longitude,ds1_0.name,ds1_0.surcharge,t2_0.distance_km,t2_0.estimated_duration_minutes,t2_0.price_per_km,t2_0.route_geo_json,t1_0.weather,t1_0.weather_source from transports t1_0 join trajets t2_0 on t2_0.id=t1_0.trajet_id join stations as1_0 on as1_0.id=t2_0.arrival_station_id join stations ds1_0 on ds1_0.id=t2_0.departure_station_id where t1_0.id=?
Hibernate: select s1_0.id,s1_0.city,s1_0.downtown,s1_0.latitude,s1_0.longitude,s1_0.name,s1_0.surcharge from stations s1_0 where s1_0.id=?
2026-04-14T21:57:41.354+01:00 DEBUG 10256 --- [gestionUser] [nio-8081-exec-1] org.hibernate.SQL                        : select t1_0.id,t1_0.arrival_station_id,as1_0.id,as1_0.city,as1_0.downtown,as1_0.latitude,as1_0.longitude,as1_0.name,as1_0.surcharge,t1_0.departure_station_id,ds1_0.id,ds1_0.city,ds1_0.downtown,ds1_0.latitude,ds1_0.longitude,ds1_0.name,ds1_0.surcharge,t1_0.distance_km,t1_0.estimated_duration_minutes,t1_0.price_per_km,t1_0.route_geo_json from trajets t1_0 join stations as1_0 on as1_0.id=t1_0.arrival_station_id join stations ds1_0 on ds1_0.id=t1_0.departure_station_id where t1_0.id=?
Hibernate: select t1_0.id,t1_0.arrival_station_id,as1_0.id,as1_0.city,as1_0.downtown,as1_0.latitude,as1_0.longitude,as1_0.name,as1_0.surcharge,t1_0.departure_station_id,ds1_0.id,ds1_0.city,ds1_0.downtown,ds1_0.latitude,ds1_0.longitude,ds1_0.name,ds1_0.surcharge,t1_0.distance_km,t1_0.estimated_duration_minutes,t1_0.price_per_km,t1_0.route_geo_json from trajets t1_0 join stations as1_0 on as1_0.id=t1_0.arrival_station_id join stations ds1_0 on ds1_0.id=t1_0.departure_station_id where t1_0.id=?
2026-04-14T21:57:41.358+01:00 DEBUG 10256 --- [gestionUser] [nio-8081-exec-3] m.m.a.RequestResponseBodyMethodProcessor : Using 'application/json', given [application/json, text/plain, */*] and supported [application/json, application/*+json, application/yaml]
2026-04-14T21:57:41.358+01:00 DEBUG 10256 --- [gestionUser] [nio-8081-exec-9] org.hibernate.SQL                        : select s1_0.id,s1_0.city,s1_0.downtown,s1_0.latitude,s1_0.longitude,s1_0.name,s1_0.surcharge from stations s1_0 where s1_0.id=?
Hibernate: select s1_0.id,s1_0.city,s1_0.downtown,s1_0.latitude,s1_0.longitude,s1_0.name,s1_0.surcharge from stations s1_0 where s1_0.id=?
2026-04-14T21:57:41.360+01:00 DEBUG 10256 --- [gestionUser] [nio-8081-exec-3] m.m.a.RequestResponseBodyMethodProcessor : Writing [[ReservationDTO(id=17, reservedSeats=1, totalPrice=176.0, pricePerSeat=176.0, reservationDate=2026-0 (truncated)...]
2026-04-14T21:57:41.360+01:00 DEBUG 10256 --- [gestionUser] [nio-8081-exec-1] org.hibernate.SQL                        : select t1_0.id,t1_0.arrival_station_id,as1_0.id,as1_0.city,as1_0.downtown,as1_0.latitude,as1_0.longitude,as1_0.name,as1_0.surcharge,t1_0.departure_station_id,ds1_0.id,ds1_0.city,ds1_0.downtown,ds1_0.latitude,ds1_0.longitude,ds1_0.name,ds1_0.surcharge,t1_0.distance_km,t1_0.estimated_duration_minutes,t1_0.price_per_km,t1_0.route_geo_json from trajets t1_0 join stations as1_0 on as1_0.id=t1_0.arrival_station_id join stations ds1_0 on ds1_0.id=t1_0.departure_station_id where t1_0.id=?
Hibernate: select t1_0.id,t1_0.arrival_station_id,as1_0.id,as1_0.city,as1_0.downtown,as1_0.latitude,as1_0.longitude,as1_0.name,as1_0.surcharge,t1_0.departure_station_id,ds1_0.id,ds1_0.city,ds1_0.downtown,ds1_0.latitude,ds1_0.longitude,ds1_0.name,ds1_0.surcharge,t1_0.distance_km,t1_0.estimated_duration_minutes,t1_0.price_per_km,t1_0.route_geo_json from trajets t1_0 join stations as1_0 on as1_0.id=t1_0.arrival_station_id join stations ds1_0 on ds1_0.id=t1_0.departure_station_id where t1_0.id=?
2026-04-14T21:57:41.363+01:00 DEBUG 10256 --- [gestionUser] [nio-8081-exec-9] org.hibernate.SQL                        : select s1_0.id,s1_0.city,s1_0.downtown,s1_0.latitude,s1_0.longitude,s1_0.name,s1_0.surcharge from stations s1_0 where s1_0.id=?
Hibernate: select s1_0.id,s1_0.city,s1_0.downtown,s1_0.latitude,s1_0.longitude,s1_0.name,s1_0.surcharge from stations s1_0 where s1_0.id=?
2026-04-14T21:57:41.365+01:00 DEBUG 10256 --- [gestionUser] [nio-8081-exec-3] o.s.web.servlet.DispatcherServlet        : Completed 200 OK
2026-04-14T21:57:41.369+01:00 DEBUG 10256 --- [gestionUser] [nio-8081-exec-1] m.m.a.RequestResponseBodyMethodProcessor : Using 'application/json', given [application/json, text/plain, */*] and supported [application/json, application/*+json, application/yaml]
2026-04-14T21:57:41.369+01:00 DEBUG 10256 --- [gestionUser] [nio-8081-exec-9] org.hibernate.SQL                        : select s1_0.id,s1_0.city,s1_0.downtown,s1_0.latitude,s1_0.longitude,s1_0.name,s1_0.surcharge from stations s1_0 where s1_0.id=?
Hibernate: select s1_0.id,s1_0.city,s1_0.downtown,s1_0.latitude,s1_0.longitude,s1_0.name,s1_0.surcharge from stations s1_0 where s1_0.id=?
2026-04-14T21:57:41.371+01:00 DEBUG 10256 --- [gestionUser] [nio-8081-exec-1] m.m.a.RequestResponseBodyMethodProcessor : Writing [[TransportDTO(id=3, departurePoint=Zied, departureDate=2026-04-22T21:53, realDepartureDate=2026-04-2 (truncated)...]
2026-04-14T21:57:41.374+01:00 DEBUG 10256 --- [gestionUser] [nio-8081-exec-9] org.hibernate.SQL                        : select s1_0.id,s1_0.city,s1_0.downtown,s1_0.latitude,s1_0.longitude,s1_0.name,s1_0.surcharge from stations s1_0 where s1_0.id=?
Hibernate: select s1_0.id,s1_0.city,s1_0.downtown,s1_0.latitude,s1_0.longitude,s1_0.name,s1_0.surcharge from stations s1_0 where s1_0.id=?
2026-04-14T21:57:41.375+01:00 DEBUG 10256 --- [gestionUser] [nio-8081-exec-1] o.s.web.servlet.DispatcherServlet        : Completed 200 OK
2026-04-14T21:57:41.381+01:00 DEBUG 10256 --- [gestionUser] [nio-8081-exec-9] org.hibernate.SQL                        : select s1_0.id,s1_0.city,s1_0.downtown,s1_0.latitude,s1_0.longitude,s1_0.name,s1_0.surcharge from stations s1_0 where s1_0.id=?
Hibernate: select s1_0.id,s1_0.city,s1_0.downtown,s1_0.latitude,s1_0.longitude,s1_0.name,s1_0.surcharge from stations s1_0 where s1_0.id=?
2026-04-14T21:57:41.384+01:00 DEBUG 10256 --- [gestionUser] [nio-8081-exec-9] org.hibernate.SQL                        : select s1_0.id,s1_0.city,s1_0.downtown,s1_0.latitude,s1_0.longitude,s1_0.name,s1_0.surcharge from stations s1_0 where s1_0.id=?
Hibernate: select s1_0.id,s1_0.city,s1_0.downtown,s1_0.latitude,s1_0.longitude,s1_0.name,s1_0.surcharge from stations s1_0 where s1_0.id=?
2026-04-14T21:57:41.387+01:00 DEBUG 10256 --- [gestionUser] [nio-8081-exec-9] org.hibernate.SQL                        : select s1_0.id,s1_0.city,s1_0.downtown,s1_0.latitude,s1_0.longitude,s1_0.name,s1_0.surcharge from stations s1_0 where s1_0.id=?
Hibernate: select s1_0.id,s1_0.city,s1_0.downtown,s1_0.latitude,s1_0.longitude,s1_0.name,s1_0.surcharge from stations s1_0 where s1_0.id=?
2026-04-14T21:57:41.390+01:00 DEBUG 10256 --- [gestionUser] [nio-8081-exec-9] org.hibernate.SQL                        : select s1_0.id,s1_0.city,s1_0.downtown,s1_0.latitude,s1_0.longitude,s1_0.name,s1_0.surcharge from stations s1_0 where s1_0.id=?
Hibernate: select s1_0.id,s1_0.city,s1_0.downtown,s1_0.latitude,s1_0.longitude,s1_0.name,s1_0.surcharge from stations s1_0 where s1_0.id=?
2026-04-14T21:57:41.394+01:00 DEBUG 10256 --- [gestionUser] [nio-8081-exec-9] org.hibernate.SQL                        : select s1_0.id,s1_0.city,s1_0.downtown,s1_0.latitude,s1_0.longitude,s1_0.name,s1_0.surcharge from stations s1_0 where s1_0.id=?
Hibernate: select s1_0.id,s1_0.city,s1_0.downtown,s1_0.latitude,s1_0.longitude,s1_0.name,s1_0.surcharge from stations s1_0 where s1_0.id=?
2026-04-14T21:57:41.396+01:00 DEBUG 10256 --- [gestionUser] [nio-8081-exec-9] org.hibernate.SQL                        : select s1_0.id,s1_0.city,s1_0.downtown,s1_0.latitude,s1_0.longitude,s1_0.name,s1_0.surcharge from stations s1_0 where s1_0.id=?
Hibernate: select s1_0.id,s1_0.city,s1_0.downtown,s1_0.latitude,s1_0.longitude,s1_0.name,s1_0.surcharge from stations s1_0 where s1_0.id=?
2026-04-14T21:57:41.399+01:00 DEBUG 10256 --- [gestionUser] [nio-8081-exec-9] org.hibernate.SQL                        : select s1_0.id,s1_0.city,s1_0.downtown,s1_0.latitude,s1_0.longitude,s1_0.name,s1_0.surcharge from stations s1_0 where s1_0.id=?
Hibernate: select s1_0.id,s1_0.city,s1_0.downtown,s1_0.latitude,s1_0.longitude,s1_0.name,s1_0.surcharge from stations s1_0 where s1_0.id=?
2026-04-14T21:57:41.404+01:00 DEBUG 10256 --- [gestionUser] [nio-8081-exec-9] m.m.a.RequestResponseBodyMethodProcessor : Using 'application/json', given [application/json, text/plain, */*] and supported [application/json, application/*+json, application/yaml]
2026-04-14T21:57:41.405+01:00 DEBUG 10256 --- [gestionUser] [nio-8081-exec-9] m.m.a.RequestResponseBodyMethodProcessor : Writing [[TrajetDTO(id=2, departureStationId=5, departureStationName=Barcelone, arrivalStationId=6, arrivalSt (truncated)...]
2026-04-14T21:57:41.406+01:00 DEBUG 10256 --- [gestionUser] [nio-8081-exec-9] o.s.web.servlet.DispatcherServlet        : Completed 200 OK
2026-04-14T21:58:47.603+01:00 DEBUG 10256 --- [gestionUser] [io-8081-exec-10] o.s.security.web.FilterChainProxy        : Securing OPTIONS /api/auth/logout
2026-04-14T21:58:47.672+01:00 DEBUG 10256 --- [gestionUser] [nio-8081-exec-7] o.s.security.web.FilterChainProxy        : Securing POST /api/auth/logout
2026-04-14T21:58:47.675+01:00 DEBUG 10256 --- [gestionUser] [nio-8081-exec-7] o.s.s.w.a.AnonymousAuthenticationFilter  : Set SecurityContextHolder to anonymous SecurityContext
2026-04-14T21:58:47.675+01:00 DEBUG 10256 --- [gestionUser] [nio-8081-exec-7] o.s.security.web.FilterChainProxy        : Secured POST /api/auth/logout
2026-04-14T21:58:47.675+01:00 DEBUG 10256 --- [gestionUser] [nio-8081-exec-7] o.s.web.servlet.DispatcherServlet        : POST "/api/auth/logout", parameters={}
2026-04-14T21:58:47.678+01:00 DEBUG 10256 --- [gestionUser] [nio-8081-exec-7] s.w.s.m.m.a.RequestMappingHandlerMapping : Mapped to tn.esprit.spring.baladna.user.controller.AuthController#logout(RefreshRequest)
2026-04-14T21:58:47.681+01:00 DEBUG 10256 --- [gestionUser] [nio-8081-exec-7] m.m.a.RequestResponseBodyMethodProcessor : Read "application/json;charset=UTF-8" to [RefreshRequest(refreshToken=fe905456-2ffe-40d3-8825-d95d6c50d675)]
2026-04-14T21:58:47.683+01:00 DEBUG 10256 --- [gestionUser] [nio-8081-exec-7] org.hibernate.SQL                        : select s1_0.id,s1_0.expires_at,s1_0.token,s1_0.user_id from session s1_0 where s1_0.token=?
Hibernate: select s1_0.id,s1_0.expires_at,s1_0.token,s1_0.user_id from session s1_0 where s1_0.token=?
2026-04-14T21:58:47.689+01:00 DEBUG 10256 --- [gestionUser] [nio-8081-exec-7] org.hibernate.SQL                        : select u1_0.id,u1_0.email,u1_0.first_name,u1_0.last_login,u1_0.last_name,u1_0.password,u1_0.preferred_language,u1_0.profile_photo,u1_0.role,u1_0.status from user u1_0 where u1_0.id=?
Hibernate: select u1_0.id,u1_0.email,u1_0.first_name,u1_0.last_login,u1_0.last_name,u1_0.password,u1_0.preferred_language,u1_0.profile_photo,u1_0.role,u1_0.status from user u1_0 where u1_0.id=?
2026-04-14T21:58:47.694+01:00 DEBUG 10256 --- [gestionUser] [nio-8081-exec-7] org.hibernate.SQL                        : insert into activity_log (action,timestamp,user_id,id) values (?,?,?,?)
Hibernate: insert into activity_log (action,timestamp,user_id,id) values (?,?,?,?)
2026-04-14T21:58:47.707+01:00 DEBUG 10256 --- [gestionUser] [nio-8081-exec-7] org.hibernate.SQL                        : delete from session where id=?
Hibernate: delete from session where id=?
2026-04-14T21:58:47.710+01:00 DEBUG 10256 --- [gestionUser] [nio-8081-exec-7] o.s.w.s.m.m.a.HttpEntityMethodProcessor  : Using 'application/json', given [application/json, text/plain, */*] and supported [text/plain, */*, application/json, application/*+json, application/yaml]
2026-04-14T21:58:47.710+01:00 DEBUG 10256 --- [gestionUser] [nio-8081-exec-7] o.s.w.s.m.m.a.HttpEntityMethodProcessor  : Writing ["Déconnecté avec succès"]
2026-04-14T21:58:47.718+01:00 DEBUG 10256 --- [gestionUser] [nio-8081-exec-7] o.s.web.servlet.DispatcherServlet        : Completed 200 OK
